Id,Label,degree,modularity_class,Eccentricity,closnesscentrality,harmonicclosnesscentrality,betweenesscentrality
@007artemisa,@007artemisa,2,8,10,0.244809,0.266306,0.000027
@Fa21519230,@Fa21519230,265,8,9,0.30793,0.350925,0.036801
@Jou_Kaiser,@Jou_Kaiser,298,5,11,0.290482,0.340888,0.05172
@043_imagine,@043_imagine,1,8,10,0.229172,0.240727,0
@76Anabellan,@76Anabellan,120,8,9,0.29729,0.326047,0.014287
@0ef7812d7bed42c,@0ef7812d7bed42c,1,8,10,0.25687,0.281537,0
@dejanirasilveir,@dejanirasilveir,727,8,9,0.345636,0.423864,0.194946
@0mauro2020,@0mauro2020,1,5,12,0.225105,0.2441,0
@1010nnnnnnn,@1010nnnnnnn,1,183,12,0.180584,0.188868,0
@MichaelRoldan,@MichaelRoldan,20,183,11,0.220372,0.236776,0.006248
@1024xthor,@1024xthor,1,8,12,0.210749,0.222493,0
@Juanman58705679,@Juanman58705679,37,8,11,0.26701,0.292161,0.006226
@11nil,@11nil,1,171,10,0.215619,0.226946,0
@PatoBullrich,@PatoBullrich,73,171,9,0.274875,0.300804,0.017017
@12junio19801,@12junio19801,4,8,10,0.261163,0.286302,0.000138
@AsimovIsaac1919,@AsimovIsaac1919,84,8,11,0.287488,0.315391,0.006412
@apsiin,@apsiin,32,8,11,0.250737,0.273252,0.002596
@12vondy,@12vondy,1,157,11,0.246168,0.266,0
@eltuitdemarsh,@eltuitdemarsh,503,157,10,0.326536,0.386434,0.15206
@1345_stgo,@1345_stgo,2,139,10,0.245191,0.270721,0.0009
@JulianZamudio,@JulianZamudio,2,139,11,0.196948,0.209103,0.0006
@eduardomenoni,@eduardomenoni,670,139,9,0.324696,0.402247,0.16428
@13mae13,@13mae13,2,5,10,0.249964,0.269913,0.000325
@rodolfo_garciac,@rodolfo_garciac,38,5,11,0.263604,0.287331,0.005075
@15nevado,@15nevado,1,139,10,0.245122,0.270518,0
@16ravendano,@16ravendano,2,5,12,0.227494,0.247084,0.000049
@MaidamillerM,@MaidamillerM,39,5,11,0.256972,0.280508,0.005906
@18warcry,@18warcry,5,215,10,0.253494,0.271889,0.001131
@DaniMayakovski,@DaniMayakovski,89,0,10,0.266215,0.294958,0.020492
@Patrioticos_RD,@Patrioticos_RD,265,139,9,0.308516,0.349089,0.052343
@ResEspeciales,@ResEspeciales,17,157,10,0.256933,0.276934,0.002344
@RusiaInforma,@RusiaInforma,4,215,11,0.227734,0.244646,0.000627
@terra_cremada,@terra_cremada,148,8,11,0.299607,0.332643,0.017147
@1_c_k_9,@1_c_k_9,1,8,12,0.182061,0.190199,0
@armesillaconde,@armesillaconde,3,8,11,0.222575,0.238053,0.000302
@1minniemouse0,@1minniemouse0,1,8,10,0.25687,0.281537,0
@1tintico,@1tintico,2,0,11,0.22422,0.238285,0.0003
@christianperez,@christianperez,209,0,10,0.288977,0.325365,0.068128
@dw_espanol,@dw_espanol,1,0,12,0.18316,0.19038,0
@2007coralito,@2007coralito,1,139,10,0.235786,0.250448,0
@2007uc,@2007uc,2,0,10,0.266311,0.292446,0.00084
@Informa3Chile,@Informa3Chile,151,0,10,0.279918,0.311384,0.038826
@210_pau,@210_pau,2,0,11,0.22247,0.23597,0.000337
@criordor,@criordor,165,0,10,0.286014,0.319501,0.04986
@voceriavirtual,@voceriavirtual,3,0,12,0.187747,0.196747,0.000301
@2eyeswideopen,@2eyeswideopen,1,0,11,0.224201,0.238157,0
@316demente,@316demente,1,139,10,0.245122,0.270518,0
@3749elizabethib,@3749elizabethib,1,8,10,0.25687,0.281537,0
@3jackieb,@3jackieb,5,5,10,0.283916,0.317939,0.002032
@Kasterizador,@Kasterizador,18,5,11,0.25568,0.277358,0.001981
@desde_1965,@desde_1965,128,5,11,0.269297,0.302455,0.017033
@itajuschile,@itajuschile,96,8,11,0.286266,0.316261,0.008146
@4lmazen,@4lmazen,2,124,11,0.225968,0.240704,0.000083
@OcheRadfem,@OcheRadfem,65,124,10,0.252593,0.277585,0.014338
@4ntitodo,@4ntitodo,1,1,1,1,1,0
@bicitografo,@bicitografo,1,1,1,1,1,0
@56fenix,@56fenix,1,0,11,0.210253,0.222816,0
@59daz,@59daz,1,2,1,1,1,0
@Glo_nursing,@Glo_nursing,1,2,1,1,1,0
@60ytres,@60ytres,4,8,10,0.259998,0.287062,0.000177
@Aspross777,@Aspross777,2,8,11,0.212797,0.226903,0
@JulioRazona,@JulioRazona,129,8,11,0.284664,0.319543,0.00842
@69_fib,@69_fib,1,139,10,0.245122,0.270518,0
@69jcsc,@69jcsc,1,139,10,0.245122,0.270518,0
@70bare,@70bare,1,8,10,0.25687,0.281537,0
@76alexxxx,@76alexxxx,1,157,11,0.246168,0.266,0
@777annie,@777annie,3,8,10,0.2594,0.285941,0.000313
@optica_focus_ch,@optica_focus_ch,1,8,11,0.205979,0.218097,0
@777cobre,@777cobre,1,157,11,0.235883,0.248355,0
@carolinapinoc,@carolinapinoc,138,157,10,0.308681,0.340786,0.021645
@777jhv,@777jhv,1,8,12,0.230547,0.243628,0
@85nanmen,@85nanmen,1,0,11,0.216365,0.228595,0
@WaldoEBE,@WaldoEBE,119,0,10,0.27609,0.305272,0.028824
@980_aliaga,@980_aliaga,1,5,12,0.202175,0.212868,0
@aprachile,@aprachile,33,5,11,0.253395,0.275752,0.003237
@980kkamjong_qk,@980kkamjong_qk,2,5,15,0.118577,0.120735,0.0009
@Matixs26,@Matixs26,3,5,16,0.106018,0.107746,0.0006
@TEAMPANGAL_,@TEAMPANGAL_,5,5,14,0.134505,0.137557,0.0021
@__chicadehummus,@__chicadehummus,1,124,11,0.219989,0.231932,0
@brujasdelmar,@brujasdelmar,121,124,10,0.282018,0.310814,0.031826
@__kenio__,@__kenio__,1,5,12,0.204445,0.215597,0
@__nis___,@__nis___,1,8,10,0.25687,0.281537,0
@__valky_rja__,@__valky_rja__,1,157,11,0.246168,0.266,0
@_airelavaleria,@_airelavaleria,1,124,11,0.201664,0.21304,0
@_alamrob,@_alamrob,2,8,10,0.258444,0.284086,0.000018
@_aleexy,@_aleexy,2,139,10,0.265262,0.292818,0.000077
@_alfon5o,@_alfon5o,1,8,12,0.218663,0.233363,0
@medinalorca,@medinalorca,127,8,11,0.279842,0.315007,0.012873
@_catavarteaga,@_catavarteaga,1,157,12,0.204938,0.215984,0
@adn40,@adn40,10,157,11,0.25775,0.280194,0.001642
@_chevalentina,@_chevalentina,1,0,11,0.224201,0.238157,0
@_dmoralesd__,@_dmoralesd__,1,157,11,0.229608,0.240715,0
@KikaPetit,@KikaPetit,122,157,10,0.298024,0.325718,0.017767
@_emvi,@_emvi,1,139,10,0.245122,0.270518,0
@_galneko,@_galneko,1,183,13,0.161013,0.167948,0
@fangsxbangs,@fangsxbangs,30,183,12,0.191906,0.205478,0.008523
@_gilanne,@_gilanne,1,157,11,0.246168,0.266,0
@_gnik__,@_gnik__,1,3,2,0.666667,0.75,0
@Los40,@Los40,2,3,1,1,1,0
@_hipotenusa1,@_hipotenusa1,1,4,1,1,1,0
@espina_de_rosas,@espina_de_rosas,1,4,1,1,1,0
@_jatoledo,@_jatoledo,1,0,11,0.224201,0.238157,0
@_javieradenisse,@_javieradenisse,1,183,12,0.180584,0.188868,0
@_jrodriguez_,@_jrodriguez_,1,157,11,0.246168,0.266,0
@_jtroncoso,@_jtroncoso,1,52,11,0.18593,0.196243,0
@treyesb,@treyesb,59,52,10,0.228385,0.250603,0.015483
@_k030,@_k030,1,183,13,0.161013,0.167948,0
@_karenmoragaa,@_karenmoragaa,1,0,11,0.224201,0.238157,0
@_katty,@_katty,5,157,11,0.258097,0.283265,0.001562
@CsvChile,@CsvChile,110,157,10,0.292942,0.318782,0.017225
@Fundacion_CIMA,@Fundacion_CIMA,119,157,10,0.283528,0.310838,0.011617
@__Lib__,@__Lib__,25,157,10,0.237187,0.256647,0.004086
@_lapalipali,@_lapalipali,1,124,11,0.219989,0.231932,0
@_luisett,@_luisett,1,0,11,0.204687,0.216464,0
@baudeleriana,@baudeleriana,71,0,10,0.257354,0.283513,0.014654
@_nandalandia,@_nandalandia,1,124,11,0.219989,0.231932,0
@_panchito08,@_panchito08,1,157,11,0.220907,0.232079,0
@_r0_dr1_g0_,@_r0_dr1_g0_,1,139,10,0.245122,0.270518,0
@_ragotzky_,@_ragotzky_,1,183,13,0.161013,0.167948,0
@_rcarmona,@_rcarmona,1,8,10,0.236657,0.25105,0
@elzorrotacneno,@elzorrotacneno,230,8,9,0.310009,0.348956,0.041503
@_reinadecristal,@_reinadecristal,2,52,11,0.226857,0.242293,0.000463
@_rogtzfls,@_rogtzfls,1,183,13,0.161013,0.167948,0
@_rolandleonardo,@_rolandleonardo,1,139,10,0.245122,0.270518,0
@_rvfh,@_rvfh,1,124,11,0.219989,0.231932,0
@_sandia_,@_sandia_,1,0,11,0.222413,0.235746,0
@_sd_photo,@_sd_photo,1,52,11,0.18593,0.196243,0
@_sighx,@_sighx,2,0,11,0.23105,0.248702,0.00009
@_sosacarlos,@_sosacarlos,1,8,10,0.25687,0.281537,0
@_tennieten,@_tennieten,1,183,12,0.180584,0.188868,0
@_valeie,@_valeie,1,157,13,0.155978,0.159499,0
@sebarosende,@sebarosende,3,157,12,0.184797,0.190709,0.0006
@_villalex,@_villalex,1,139,10,0.245122,0.270518,0
@_vir_prvdens_,@_vir_prvdens_,1,5,12,0.210185,0.220983,0
@wallstwolverine,@wallstwolverine,27,5,11,0.266106,0.288811,0.001315
@_wind25,@_wind25,1,124,11,0.219989,0.231932,0
@a_gft,@a_gft,1,8,10,0.25687,0.281537,0
@a_thankfulheart,@a_thankfulheart,2,8,10,0.256895,0.281665,0.0003
@ZitaPessagno_,@ZitaPessagno_,1,8,11,0.204397,0.215788,0
@aagnellor,@aagnellor,1,0,11,0.210253,0.222816,0
@aaliaga,@aaliaga,1,183,15,0.121827,0.12476,0
@vipintukur,@vipintukur,3,183,14,0.138724,0.143256,0.0006
@aandroydemac,@aandroydemac,2,197,11,0.217126,0.2298,0.000152
@DirectorPolicia,@DirectorPolicia,11,197,11,0.224969,0.240714,0.002252
@ab_eddo,@ab_eddo,1,8,10,0.235444,0.251191,0
@abach81140992,@abach81140992,1,5,12,0.216573,0.230214,0
@Partido_NL,@Partido_NL,131,5,11,0.276428,0.30922,0.016371
@aballai_felipe,@aballai_felipe,1,8,10,0.236657,0.25105,0
@abdussamad5938,@abdussamad5938,1,6,2,0.666667,0.75,0
@LondonRealTV,@LondonRealTV,2,6,1,1,1,0
@abel_cobain,@abel_cobain,1,139,10,0.245122,0.270518,0
@abelardoravanal,@abelardoravanal,1,5,12,0.212171,0.226211,0
@abic46,@abic46,1,139,10,0.245122,0.270518,0
@abneraurinegrod,@abneraurinegrod,1,7,1,1,1,0
@RaulZambrano7,@RaulZambrano7,1,7,1,1,1,0
@abogadapenalis1,@abogadapenalis1,1,8,10,0.236657,0.25105,0
@abogadorapidocl,@abogadorapidocl,1,139,10,0.245122,0.270518,0
@abogvgonzalez,@abogvgonzalez,21,8,10,0.272708,0.306542,0.000813
@CCRadovic2012,@CCRadovic2012,58,193,11,0.270631,0.296509,0.005257
@Claudio92436691,@Claudio92436691,3,8,11,0.220194,0.23736,0.000001
@DoctoraPrego,@DoctoraPrego,126,8,9,0.285935,0.3168,0.011946
@ElTematics,@ElTematics,27,8,11,0.268238,0.292529,0.002416
@JessicaLedezmaM,@JessicaLedezmaM,87,8,11,0.291871,0.318793,0.010883
@MA940CREW,@MA940CREW,59,8,11,0.277745,0.304939,0.003418
@MARIACA49946720,@MARIACA49946720,12,8,11,0.25847,0.279931,0.000076
@MartinaSisters,@MartinaSisters,18,8,11,0.249976,0.272715,0.000532
@destapandolose1,@destapandolose1,150,8,11,0.296525,0.32847,0.015576
@javierellob0,@javierellob0,13,8,11,0.24243,0.264817,0.000045
@jimenezlessons4,@jimenezlessons4,37,8,11,0.264951,0.29151,0.002263
@kalashnikovjb,@kalashnikovjb,47,8,11,0.272938,0.299315,0.002326
@lilianazeladaru,@lilianazeladaru,49,8,11,0.268433,0.294096,0.00182
@no_vacruniado,@no_vacruniado,25,8,11,0.266667,0.292008,0.002007
@abrahampalma,@abrahampalma,3,5,10,0.263097,0.288618,0.000409
@aburgos1961,@aburgos1961,1,5,12,0.204445,0.215597,0
@acaciacaven,@acaciacaven,5,157,11,0.249148,0.271198,0.00019
@MaryChascona,@MaryChascona,10,157,11,0.244095,0.263437,0.000721
@NuevaVidaAdop,@NuevaVidaAdop,11,157,12,0.201124,0.213751,0.000611
@acastellic,@acastellic,1,139,10,0.245122,0.270518,0
@acid_maxbtc,@acid_maxbtc,2,0,10,0.257073,0.281916,0.000612
@Ma_WuKong,@Ma_WuKong,5,0,11,0.213947,0.225892,0.000487
@acidgirl18,@acidgirl18,1,0,11,0.217289,0.227714,0
@elmostrador,@elmostrador,67,0,10,0.277596,0.301184,0.012803
@acinetoriver,@acinetoriver,7,0,11,0.2342,0.253996,0.004332
@doctormacias,@doctormacias,2,171,12,0.189891,0.199712,0.001723
@gorka_orive,@gorka_orive,15,157,10,0.2187,0.234116,0.003445
@juanelosag,@juanelosag,1,0,12,0.189766,0.19932,0
@soylajefita,@soylajefita,3,0,12,0.189793,0.199577,0.000303
@acirema01,@acirema01,2,0,11,0.227544,0.241873,0.000096
@acisternas,@acisternas,1,9,12,0.176914,0.184171,0
@EFEnoticias,@EFEnoticias,9,9,11,0.214931,0.228823,0.0027
@acodoceo,@acodoceo,2,8,10,0.257431,0.282587,0.000007
@acristensen,@acristensen,1,10,1,1,1,0
@cdelcanto,@cdelcanto,1,10,1,1,1,0
@acrophxbia,@acrophxbia,2,157,11,0.247827,0.268862,0
@acuarian40,@acuarian40,4,5,10,0.26307,0.290912,0.000129
@PilarOpazoL,@PilarOpazoL,9,5,11,0.235604,0.25574,0.000334
@acuariasolar,@acuariasolar,1,124,11,0.219989,0.231932,0
@acuna_ibar,@acuna_ibar,1,0,11,0.216365,0.228595,0
@adelinabasualt1,@adelinabasualt1,3,8,10,0.239553,0.256374,0.000014
@adiazp,@adiazp,1,11,1,1,1,0
@InvestChile,@InvestChile,1,11,1,1,1,0
@adonz0033,@adonz0033,1,139,10,0.245122,0.270518,0
@adopin,@adopin,1,8,10,0.25687,0.281537,0
@adrian_leiva_q,@adrian_leiva_q,1,139,10,0.235786,0.250448,0
@adrian_urzua,@adrian_urzua,4,0,11,0.227265,0.245112,0.00027
@LegadoBachelet,@LegadoBachelet,21,0,10,0.228325,0.247427,0.002343
@camila_vallejo,@camila_vallejo,49,0,10,0.249387,0.272671,0.007915
@adriana_rojas5,@adriana_rojas5,7,157,10,0.263604,0.288418,0.002548
@Comando_Activo1,@Comando_Activo1,1,157,11,0.208622,0.219756,0
@dominangel1950,@dominangel1950,8,0,10,0.228214,0.245596,0.000839
@adrianaaamolina,@adrianaaamolina,1,0,11,0.204687,0.216464,0
@adrianavaldes8,@adrianavaldes8,1,0,11,0.224201,0.238157,0
@adrianitajsp,@adrianitajsp,1,139,10,0.245122,0.270518,0
@adrouilly,@adrouilly,5,0,11,0.251637,0.27544,0.000417
@adventour_2001,@adventour_2001,1,5,12,0.225105,0.2441,0
@aedding,@aedding,3,5,12,0.230373,0.252014,0.000346
@RodrigoCEsteban,@RodrigoCEsteban,31,5,11,0.23362,0.255782,0.007204
@aedo78,@aedo78,3,8,10,0.251454,0.269075,0.0006
@aelhuz,@aelhuz,3,8,10,0.2367,0.251307,0.0006
@JaviGamez_ELA,@JaviGamez_ELA,1,8,11,0.191404,0.198704,0
@MensajesLuz,@MensajesLuz,1,8,11,0.191404,0.198704,0
@aescoff,@aescoff,3,141,10,0.238803,0.253254,0.000473
@Rafael_Narbona,@Rafael_Narbona,1,141,11,0.192776,0.199948,0
@oscaratienza,@oscaratienza,12,141,10,0.240631,0.25973,0.001739
@afectados_chile,@afectados_chile,2,8,10,0.238014,0.255787,0.000007
@afernandezrocha,@afernandezrocha,1,139,10,0.235786,0.250448,0
@agajardos,@agajardos,1,0,13,0.16246,0.167012,0
@MuniNunoa,@MuniNunoa,3,0,12,0.193966,0.20202,0.000308
@agamenon_22,@agamenon_22,1,139,10,0.235786,0.250448,0
@agata_007,@agata_007,3,157,11,0.248337,0.269835,0.000025
@agathacristi7,@agathacristi7,1,157,11,0.246168,0.266,0
@agodoynangie,@agodoynangie,1,157,11,0.246168,0.266,0
@agogabma,@agogabma,6,8,10,0.265439,0.293238,0.000218
@La_SemiYA_dl_VD,@La_SemiYA_dl_VD,34,8,11,0.267823,0.291745,0.001672
@agosto1960jupi,@agosto1960jupi,11,5,10,0.291854,0.332405,0.003858
@CubaOrtografia,@CubaOrtografia,6,109,11,0.23506,0.252668,0.001861
@FridaSiKahlo,@FridaSiKahlo,30,5,10,0.25659,0.276942,0.00474
@MayraDo57466678,@MayraDo57466678,8,5,11,0.234084,0.253686,0.000133
@PelaoTelo2,@PelaoTelo2,1,5,11,0.225929,0.243334,0
@SrLiberal,@SrLiberal,65,139,11,0.264951,0.291786,0.006692
@agrom10,@agrom10,1,5,12,0.192555,0.203071,0
@DiegoMac227,@DiegoMac227,11,5,11,0.238463,0.259223,0.000427
@agrondona,@agrondona,1,12,2,0.666667,0.75,0
@vm_aventho,@vm_aventho,2,12,1,1,1,0
@aguadecanamo,@aguadecanamo,2,0,11,0.218746,0.231514,0.000059
@Nexo_Latino,@Nexo_Latino,2,0,11,0.2132,0.225436,0.000007
@aguar,@aguar,1,5,12,0.225105,0.2441,0
@aguasnain_ing,@aguasnain_ing,3,5,10,0.281177,0.319693,0.000369
@aguayoduatt,@aguayoduatt,1,8,10,0.25687,0.281537,0
@aguilandrea,@aguilandrea,1,13,1,1,1,0
@OPSOMSPeru,@OPSOMSPeru,1,13,1,1,1,0
@aguileracatalan,@aguileracatalan,3,157,11,0.247154,0.268008,0.000122
@aguileramayorga,@aguileramayorga,3,139,10,0.245865,0.27163,0.00008
@AguileraMayorga,@AguileraMayorga,5,139,11,0.224365,0.241765,0.000305
@aguirre_muhle,@aguirre_muhle,7,8,10,0.286693,0.324553,0.001439
@Cordobe67843099,@Cordobe67843099,4,171,11,0.223959,0.241322,0.000187
@d_rojas_75,@d_rojas_75,3,8,11,0.228235,0.245942,0.0003
@agustinbesoain,@agustinbesoain,1,5,12,0.225105,0.2441,0
@agxxilera,@agxxilera,18,8,10,0.292942,0.327901,0.009604
@Eduardo_V2017,@Eduardo_V2017,34,8,11,0.273816,0.299007,0.001313
@FVidangossy,@FVidangossy,11,8,11,0.23401,0.252966,0.000356
@MarceloSeeker,@MarceloSeeker,6,8,11,0.260285,0.281847,0.000348
@danny3ggp,@danny3ggp,7,157,11,0.253135,0.272458,0.000048
@ahimmer,@ahimmer,11,8,10,0.244602,0.264686,0.000467
@FAsintomatico,@FAsintomatico,18,8,11,0.258999,0.281275,0.00035
@RobinDelEspacio,@RobinDelEspacio,87,8,11,0.29281,0.320377,0.005767
@elita_queen,@elita_queen,4,8,11,0.253135,0.274859,0.000029
@ericahenriquezo,@ericahenriquezo,10,8,11,0.257239,0.278287,0.00039
@ahueonado,@ahueonado,1,14,1,1,1,0
@AricaEmergenCH,@AricaEmergenCH,1,14,1,1,1,0
@aiamdeguan,@aiamdeguan,1,52,13,0.156789,0.161022,0
@_miriku_,@_miriku_,2,52,12,0.185936,0.193125,0.0003
@aiejandrolagos,@aiejandrolagos,2,8,12,0.223361,0.238345,0.000003
@airuno,@airuno,1,8,10,0.25687,0.281537,0
@ajajajey,@ajajajey,1,5,12,0.189385,0.20029,0
@ajates,@ajates,1,139,10,0.245122,0.270518,0
@ajelandrito,@ajelandrito,1,109,12,0.151099,0.155427,0
@verdaddeeleazar,@verdaddeeleazar,8,109,11,0.177988,0.185458,0.001842
@akadzr_cl,@akadzr_cl,1,67,17,0.095868,0.0974,0
@CAPArgento__,@CAPArgento__,4,67,16,0.106031,0.108324,0.0009
@akeaolmos,@akeaolmos,2,8,12,0.221218,0.236334,0.000001
@akelregina,@akelregina,3,5,12,0.212214,0.224256,0.000022
@21Cruzada,@21Cruzada,17,5,11,0.248063,0.268595,0.002266
@Verovelasco,@Verovelasco,6,5,11,0.240096,0.259911,0.000369
@al3j4ndra_r,@al3j4ndra_r,1,171,12,0.183205,0.191854,0
@Comecomunistas,@Comecomunistas,7,171,11,0.224288,0.240959,0.000441
@alan_brito_n,@alan_brito_n,1,8,10,0.222365,0.234988,0
@alanholosreale,@alanholosreale,5,8,10,0.262325,0.288339,0.000057
@ultimocolinesio,@ultimocolinesio,85,8,11,0.299175,0.324578,0.011297
@alaralarc,@alaralarc,1,8,10,0.25687,0.281537,0
@alarconcruells,@alarconcruells,1,157,11,0.229608,0.240715,0
@alartiz,@alartiz,2,215,11,0.227554,0.238087,0.000191
@biobio,@biobio,48,215,10,0.275211,0.296965,0.0129
@albamaria777,@albamaria777,2,157,11,0.247012,0.267638,0.000009
@albcat,@albcat,1,5,12,0.225105,0.2441,0
@alberto85366967,@alberto85366967,2,193,12,0.213542,0.228282,0.000006
@Equipo_Patriota,@Equipo_Patriota,28,193,11,0.262033,0.284486,0.002805
@albertobernabo1,@albertobernabo1,2,5,10,0.249916,0.277071,0.000055
@albertoegr,@albertoegr,1,0,11,0.218709,0.231337,0
@albertoide9,@albertoide9,1,157,11,0.246168,0.266,0
@albertomed9105,@albertomed9105,1,139,10,0.245122,0.270518,0
@albertr1978,@albertr1978,1,139,12,0.209464,0.221646,0
@alcidesclavijo,@alcidesclavijo,1,139,10,0.245122,0.270518,0
@alcy_mendoza,@alcy_mendoza,1,8,10,0.236657,0.25105,0
@aldoonetto,@aldoonetto,2,171,10,0.224969,0.239296,0.000029
@ale23013,@ale23013,4,8,10,0.260769,0.288101,0.000112
@aldunatefran,@aldunatefran,2,8,11,0.217271,0.232649,0
@ale_besoain,@ale_besoain,2,0,11,0.251576,0.274491,0.000229
@ale_loyola,@ale_loyola,1,157,11,0.235883,0.248355,0
@ale_ortega96,@ale_ortega96,2,157,10,0.248467,0.273547,0.000164
@aleazul,@aleazul,1,157,11,0.246168,0.266,0
@alebritishgirl,@alebritishgirl,3,157,11,0.248396,0.2699,0.000034
@alecartesi,@alecartesi,1,157,11,0.229608,0.240715,0
@alecespedesm,@alecespedesm,2,157,11,0.246637,0.26689,0.000108
@aleckeith,@aleckeith,1,0,11,0.216365,0.228595,0
@alegomezbeck,@alegomezbeck,1,5,12,0.225105,0.2441,0
@alehlatam,@alehlatam,1,15,1,1,1,0
@ezerid,@ezerid,1,15,1,1,1,0
@aleidamaita,@aleidamaita,1,16,2,0.666667,0.75,0
@epmanolo,@epmanolo,2,16,1,1,1,0
@alejado33,@alejado33,1,5,12,0.207645,0.219181,0
@ommm5555,@ommm5555,20,5,11,0.262047,0.286078,0.003002
@alejand81158101,@alejand81158101,3,0,11,0.251967,0.275266,0.001254
@cronopioaustral,@cronopioaustral,14,0,12,0.212458,0.227875,0.002327
@alejandc_u,@alejandc_u,1,139,10,0.235786,0.250448,0
@alejandro5247,@alejandro5247,7,8,10,0.249819,0.268843,0.00064
@Plandemic3Movie,@Plandemic3Movie,1,8,11,0.199892,0.208793,0
@ale5247,@ale5247,1,8,11,0.199892,0.208793,0
@alejandroazul7,@alejandroazul7,1,139,10,0.245122,0.270518,0
@alejandrojulin6,@alejandrojulin6,2,193,12,0.226481,0.246061,0.000285
@RobertKennedyJr,@RobertKennedyJr,17,193,11,0.241381,0.263431,0.008126
@alejandromarina,@alejandromarina,1,0,11,0.224201,0.238157,0
@alejandropujac,@alejandropujac,2,17,1,1,1,0
@AlejandroPujaC,@AlejandroPujaC,1,17,2,0.666667,0.75,0
@StudioCiudadano,@StudioCiudadano,1,17,2,0.666667,0.75,0
@alejandrosig,@alejandrosig,1,0,11,0.217289,0.227714,0
@alejotco,@alejotco,1,8,12,0.222565,0.235155,0
@alelaunion,@alelaunion,2,5,12,0.229741,0.250516,0.000014
@alelmor,@alelmor,1,5,12,0.225105,0.2441,0
@alemoreno1967,@alemoreno1967,4,139,10,0.254738,0.282932,0.00024
@fundacion_gaba,@fundacion_gaba,8,139,11,0.259673,0.281353,0.000948
@laderechadiario,@laderechadiario,34,139,11,0.253667,0.277053,0.003709
@alemunozq,@alemunozq,4,0,11,0.261928,0.289005,0.001524
@alepoints,@alepoints,2,0,11,0.222451,0.235922,0.000043
@MSF_Espana,@MSF_Espana,3,0,12,0.197367,0.208014,0.000007
@alerodgrunert,@alerodgrunert,1,8,12,0.230547,0.243628,0
@alertaovni33,@alertaovni33,1,8,12,0.230547,0.243628,0
@alertascl,@alertascl,1,18,1,1,1,0
@javichu73,@javichu73,1,18,1,1,1,0
@alesansan,@alesansan,2,139,10,0.265262,0.292818,0.000077
@alesep78,@alesep78,1,0,11,0.224201,0.238157,0
@alesophiaaa,@alesophiaaa,1,124,11,0.219989,0.231932,0
@aletarife,@aletarife,1,215,11,0.215825,0.225695,0
@aletarra50281,@aletarra50281,1,157,11,0.246168,0.266,0
@alex_luxe,@alex_luxe,2,8,10,0.257124,0.282076,0.000005
@alexajaster,@alexajaster,1,193,12,0.207636,0.218375,0
@alexanderhachev,@alexanderhachev,2,0,11,0.228094,0.242803,0.000024
@monoaminoxidasa,@monoaminoxidasa,3,0,11,0.228255,0.243703,0.000065
@alexandernikko,@alexandernikko,3,157,11,0.248396,0.2699,0.000034
@alexandra_joo,@alexandra_joo,2,157,11,0.247827,0.268862,0
@alexandrade04,@alexandrade04,1,109,12,0.151099,0.155427,0
@alexcminaj,@alexcminaj,2,8,10,0.238014,0.252843,0.000003
@alexdecuri,@alexdecuri,1,139,10,0.245122,0.270518,0
@alexis_ayarom,@alexis_ayarom,4,8,10,0.245795,0.262537,0.000057
@alexis_lopez_t,@alexis_lopez_t,1,5,12,0.205254,0.215622,0
@ESubercaseaux,@ESubercaseaux,13,5,11,0.258251,0.279258,0.000597
@alexis_reiza,@alexis_reiza,1,5,12,0.190686,0.20096,0
@alexisborquez3,@alexisborquez3,1,8,12,0.189641,0.19923,0
@alexisv93685886,@alexisv93685886,1,139,10,0.245122,0.270518,0
@alexito75046910,@alexito75046910,2,0,13,0.160878,0.166716,0.000005
@Farmaenfurecida,@Farmaenfurecida,10,0,12,0.191673,0.202,0.002035
@SalobreMon47,@SalobreMon47,3,0,12,0.182169,0.189594,0.000383
@alexric97963247,@alexric97963247,1,8,10,0.229172,0.240727,0
@alexriquelmem,@alexriquelmem,1,8,10,0.25687,0.281537,0
@alezgalassi,@alezgalassi,1,139,10,0.245122,0.270518,0
@alfadeltagama,@alfadeltagama,2,0,11,0.209565,0.218796,0.0003
@le_Parisien,@le_Parisien,1,0,12,0.173263,0.178534,0
@nicolashurtado,@nicolashurtado,10,0,10,0.265086,0.283636,0.001168
@alfamirna,@alfamirna,4,193,10,0.259348,0.291932,0.000263
@alfons0nava,@alfons0nava,1,139,10,0.235786,0.250448,0
@alfredo231603,@alfredo231603,1,139,10,0.245122,0.270518,0
@alfredoaar,@alfredoaar,1,139,10,0.245122,0.270518,0
@alfredodiazd,@alfredodiazd,1,0,12,0.179958,0.187114,0
@elmundotoday,@elmundotoday,4,0,11,0.21944,0.233071,0.000635
@ali75march,@ali75march,2,0,11,0.213832,0.225939,0.000017
@siliconvalle,@siliconvalle,56,0,10,0.27011,0.293681,0.011546
@alibi_47,@alibi_47,1,19,2,0.555556,0.6,0
@sailorrooscout,@sailorrooscout,5,19,1,1,1,0.000001
@alicarina,@alicarina,1,8,12,0.225939,0.237245,0
@aliciadadal,@aliciadadal,1,8,10,0.25687,0.281537,0
@aliciapuleo,@aliciapuleo,1,157,13,0.166635,0.172833,0
@PartidocraciaR,@PartidocraciaR,4,157,12,0.199946,0.211261,0.0015
@alienporsiempr3,@alienporsiempr3,1,0,11,0.216365,0.228595,0
@alientolove1d,@alientolove1d,1,183,13,0.161013,0.167948,0
@aliriozv7,@aliriozv7,1,109,12,0.151099,0.155427,0
@alirvenezuela,@alirvenezuela,1,141,12,0.173669,0.180232,0
@teleSURtv,@teleSURtv,4,141,11,0.21016,0.222373,0.000487
@allan_loud,@allan_loud,1,139,10,0.245122,0.270518,0
@almethz,@almethz,1,157,11,0.229608,0.240715,0
@almitaarqueros,@almitaarqueros,3,8,11,0.235123,0.247063,0.000061
@alnuevamente,@alnuevamente,1,5,12,0.212171,0.226211,0
@aloisfoutley,@aloisfoutley,4,8,10,0.278431,0.31508,0.000348
@alonddras,@alonddras,1,183,13,0.166892,0.173263,0
@coniyy__,@coniyy__,13,183,12,0.200317,0.212311,0.002814
@alonemariana,@alonemariana,5,157,11,0.240374,0.256409,0.000137
@nadiapc,@nadiapc,3,157,12,0.202569,0.214655,0.000001
@peravi,@peravi,2,157,12,0.200704,0.211964,0
@alpiba,@alpiba,1,8,10,0.25687,0.281537,0
@alrod1963,@alrod1963,5,0,11,0.235508,0.256371,0.000917
@majaraquemada,@majaraquemada,17,0,12,0.213991,0.229992,0.002615
@altabib27,@altabib27,2,8,12,0.230609,0.243853,0.000008
@cdnrefusenik,@cdnrefusenik,6,8,11,0.237818,0.258425,0.000264
@altobonitonn,@altobonitonn,2,8,10,0.229192,0.240856,0.0003
@NoReincidente,@NoReincidente,1,8,11,0.186464,0.19255,0
@alvarezjama,@alvarezjama,1,109,12,0.170372,0.177823,0
@ADardet,@ADardet,6,109,11,0.205351,0.219211,0.00084
@alvarezp1973,@alvarezp1973,3,219,4,0.4,0.506944,0.000001
@dracortezmaria,@dracortezmaria,1,219,5,0.292683,0.356944,0
@eldia_cl,@eldia_cl,1,219,5,0.292683,0.356944,0
@radcomunicativa,@radcomunicativa,2,219,3,0.521739,0.569444,0.000002
@alvarituer,@alvarituer,1,8,12,0.214424,0.226427,0
@alvaro_jedi,@alvaro_jedi,1,139,10,0.235786,0.250448,0
@alvaro_lzd,@alvaro_lzd,1,0,13,0.178823,0.187366,0
@javiarce,@javiarce,9,0,12,0.217754,0.234164,0.001014
@alvaro_magnus,@alvaro_magnus,1,8,10,0.235444,0.251191,0
@alvarojazz,@alvarojazz,1,8,14,0.142469,0.146953,0
@GabrielAraujoES,@GabrielAraujoES,4,8,13,0.166133,0.173416,0.0009
@alvarosur,@alvarosur,2,20,2,0.666667,0.75,0
@IberianCitizen,@IberianCitizen,3,20,2,0.8,0.875,0
@a_garciahermoso,@a_garciahermoso,1,20,3,0.444444,0.541667,0
@alvearara,@alvearara,1,183,13,0.166892,0.173263,0
@alveolarh,@alveolarh,1,157,13,0.155978,0.159499,0
@alvinamarchant,@alvinamarchant,1,21,1,1,1,0
@AgenciaAJN,@AgenciaAJN,1,21,1,1,1,0
@alzamorapina,@alzamorapina,3,0,11,0.226649,0.240434,0.000317
@jkarenga_epujsv,@jkarenga_epujsv,1,0,12,0.184778,0.191856,0
@amaliamusso,@amaliamusso,3,8,12,0.194891,0.204634,0.000301
@DiegoFlo17,@DiegoFlo17,3,8,11,0.237394,0.255129,0.000451
@SaludBAP,@SaludBAP,1,8,13,0.163109,0.168742,0
@raulcampin,@raulcampin,4,124,11,0.221672,0.237602,0.000239
@amamiya_yuu,@amamiya_yuu,1,91,5,0.356164,0.408333,0
@nisioisin_anime,@nisioisin_anime,13,91,4,0.541667,0.695513,0.000011
@amaragoura,@amaragoura,1,8,10,0.25687,0.281537,0
@amarcelopm,@amarcelopm,2,157,11,0.247625,0.26848,0.000012
@amargocallejero,@amargocallejero,7,8,10,0.271708,0.304434,0.000376
@amauryjuan16339,@amauryjuan16339,1,139,10,0.235786,0.250448,0
@amcorel,@amcorel,3,8,12,0.199178,0.211461,0.001212
@aitor13023985,@aitor13023985,2,8,11,0.205059,0.216943,0.000014
@soroshijueputa2,@soroshijueputa2,36,8,11,0.248539,0.273513,0.002693
@amelygb,@amelygb,9,139,10,0.294355,0.334283,0.006764
@RNacional_News,@RNacional_News,5,139,11,0.235732,0.254743,0.000442
@amendez5525,@amendez5525,2,139,10,0.253518,0.281014,0.000045
@americofig,@americofig,1,139,10,0.235786,0.250448,0
@amichi_forever,@amichi_forever,1,8,10,0.25687,0.281537,0
@amigoperseo,@amigoperseo,1,22,1,1,1,0
@AmigoPerseo,@AmigoPerseo,1,22,1,1,1,0
@amigovoris,@amigovoris,1,0,11,0.218709,0.231337,0
@amoamichile,@amoamichile,1,139,10,0.245122,0.270518,0
@amorosaletty,@amorosaletty,3,8,10,0.260612,0.287666,0.000029
@amphlet,@amphlet,1,157,11,0.246168,0.266,0
@amtonia85898460,@amtonia85898460,1,139,10,0.245122,0.270518,0
@amuniozal,@amuniozal,1,0,11,0.195818,0.20601,0
@AndresSepCL,@AndresSepCL,30,0,10,0.243488,0.264601,0.005851
@anacuesta20,@anacuesta20,1,5,12,0.173135,0.180365,0
@Rey_Guardian,@Rey_Guardian,3,5,11,0.209379,0.222733,0.0006
@anajuanadearco,@anajuanadearco,6,8,10,0.271311,0.302186,0.003939
@anallul,@anallul,2,0,11,0.23642,0.24926,0.000301
@cristiancim,@cristiancim,11,0,11,0.232105,0.247905,0.00247
@anamariaplaza3,@anamariaplaza3,1,157,11,0.246168,0.266,0
@anamariasuper,@anamariasuper,1,157,11,0.246168,0.266,0
@ancorosa,@ancorosa,2,157,12,0.214717,0.224941,0.0003
@AsociacionMi,@AsociacionMi,13,157,11,0.273384,0.294454,0.002567
@Cantileros1,@Cantileros1,1,157,13,0.176769,0.182539,0
@andrea21gatita,@andrea21gatita,2,0,11,0.249675,0.272145,0.000302
@andrea_cb17,@andrea_cb17,3,5,12,0.231752,0.254847,0.000045
@andrea_lis02,@andrea_lis02,1,157,11,0.246168,0.266,0
@andrea_ugalde_p,@andrea_ugalde_p,3,0,11,0.231132,0.24892,0.00129
@VinkaJackson,@VinkaJackson,2,0,12,0.187787,0.196719,0.0009
@andreaasalgadop,@andreaasalgadop,1,5,12,0.225105,0.2441,0
@andreacaroladaz,@andreacaroladaz,3,0,11,0.254964,0.278665,0.000467
@andreadelpolen,@andreadelpolen,1,0,11,0.200062,0.21002,0
@UNRWAes,@UNRWAes,21,0,10,0.250084,0.270564,0.004225
@andreasakurada,@andreasakurada,6,157,9,0.281071,0.314092,0.004982
@IsraelVive1948,@IsraelVive1948,11,139,10,0.24358,0.262117,0.001605
@branemark1,@branemark1,10,157,10,0.271325,0.295511,0.004703
@andreatorov,@andreatorov,1,8,12,0.230291,0.240859,0
@andredejient,@andredejient,1,8,12,0.181145,0.190335,0
@DiedSuddenly_,@DiedSuddenly_,8,8,11,0.221208,0.239052,0.001993
@andrelobit,@andrelobit,1,124,11,0.219989,0.231932,0
@andrerubilar,@andrerubilar,1,0,11,0.224201,0.238157,0
@andres18238524,@andres18238524,1,139,11,0.195877,0.205206,0
@andres1arce,@andres1arce,1,8,10,0.25687,0.281537,0
@andres_mh_,@andres_mh_,1,171,12,0.186097,0.195882,0
@Trumperizar,@Trumperizar,9,171,11,0.228637,0.247644,0.000949
@andres_oyarzun,@andres_oyarzun,11,171,10,0.274919,0.308246,0.000928
@NonNobis10,@NonNobis10,101,8,11,0.27915,0.310494,0.009169
@andresabarcan,@andresabarcan,2,0,11,0.225771,0.240361,0.000063
@andresah1984,@andresah1984,3,5,12,0.216717,0.230738,0.000098
@Bruj4delEste,@Bruj4delEste,6,5,11,0.208663,0.222618,0.000607
@White_Hunters,@White_Hunters,2,5,11,0.217691,0.234061,0.000002
@andresamengual,@andresamengual,1,5,12,0.204445,0.215597,0
@andresarenasven,@andresarenasven,2,5,12,0.189398,0.200419,0.0003
@MJGPLANELLA,@MJGPLANELLA,1,5,13,0.159244,0.165618,0
@andrescane31801,@andrescane31801,1,23,2,0.571429,0.625,0
@WAINRAIHGT,@WAINRAIHGT,4,23,1,1,1,0
@andreschellew1,@andreschellew1,4,8,10,0.24474,0.263047,0.000017
@andresdos,@andresdos,1,5,12,0.225105,0.2441,0
@andresf38610397,@andresf38610397,1,5,12,0.225105,0.2441,0
@andresmcgray36,@andresmcgray36,1,139,10,0.235786,0.250448,0
@andrevalentinam,@andrevalentinam,1,157,11,0.229608,0.240715,0
@andrezautomata,@andrezautomata,1,0,11,0.224201,0.238157,0
@andrs79219776,@andrs79219776,1,8,10,0.25687,0.281537,0
@andrsgo20652091,@andrsgo20652091,1,24,1,1,1,0
@RGandolfoC,@RGandolfoC,1,24,1,1,1,0
@andygaraycarrie,@andygaraycarrie,1,8,10,0.25687,0.281537,0
@andyhasbun,@andyhasbun,1,25,2,0.6,0.666667,0
@CamaraNacional,@CamaraNacional,3,25,1,1,1,0
@andynunenunez,@andynunenunez,1,139,10,0.235786,0.250448,0
@andypineda1988,@andypineda1988,1,109,12,0.151099,0.155427,0
@ang3lcop,@ang3lcop,1,139,10,0.245122,0.270518,0
@ange7riv,@ange7riv,2,157,11,0.246262,0.26625,0.000049
@plumemartinez,@plumemartinez,5,157,10,0.237557,0.252971,0.000363
@angela64990203,@angela64990203,1,8,10,0.222365,0.234988,0
@angelal40476580,@angelal40476580,10,5,10,0.274077,0.308111,0.000638
@Maha38408872,@Maha38408872,43,5,11,0.266024,0.291904,0.004957
@angelamedinaga2,@angelamedinaga2,2,0,11,0.218857,0.231726,0.000229
@RobertoMerken,@RobertoMerken,5,0,12,0.19197,0.201114,0.000312
@angelic27761073,@angelic27761073,1,157,11,0.246168,0.266,0
@angelicarojasc,@angelicarojasc,4,5,10,0.263806,0.293347,0.000379
@angelicasuazo7,@angelicasuazo7,2,0,11,0.225899,0.242303,0.000106
@angelichile73,@angelichile73,1,0,11,0.224201,0.238157,0
@angelitalindaal,@angelitalindaal,1,8,10,0.229172,0.240727,0
@angellosdos,@angellosdos,7,8,10,0.266996,0.295812,0.000149
@angelofierrov,@angelofierrov,1,139,10,0.245122,0.270518,0
@angelouch2002,@angelouch2002,1,67,17,0.095868,0.0974,0
@angelpatriciom7,@angelpatriciom7,1,52,11,0.18593,0.196243,0
@angelromero90,@angelromero90,1,9,12,0.176914,0.184171,0
@angeluss00,@angeluss00,1,157,11,0.246168,0.266,0
@anibal99980311,@anibal99980311,3,169,10,0.257789,0.282852,0.000473
@KimDotcom,@KimDotcom,15,169,11,0.238233,0.258667,0.006145
@Red_Pill_US,@Red_Pill_US,2,169,11,0.214851,0.229941,0.000001
@animadorrorro,@animadorrorro,1,157,11,0.246168,0.266,0
@animalparaiso,@animalparaiso,2,157,11,0.246637,0.26689,0.000108
@animeclasicos,@animeclasicos,2,8,10,0.242215,0.258702,0.000015
@anis_marias,@anis_marias,2,5,12,0.226382,0.246391,0.00002
@anita_jimenez,@anita_jimenez,1,5,12,0.210134,0.222101,0
@anitace,@anitace,2,139,10,0.236022,0.25095,0.000065
@LaEufe,@LaEufe,9,139,11,0.230087,0.2491,0.000996
@anitafromchile,@anitafromchile,1,157,11,0.235883,0.248355,0
@anitaluisasoto1,@anitaluisasoto1,1,139,10,0.245122,0.270518,0
@anitaparedz,@anitaparedz,1,8,12,0.218663,0.233363,0
@anitarius,@anitarius,1,157,11,0.229608,0.240715,0
@anmagf_f,@anmagf_f,4,5,12,0.230537,0.252187,0.000057
@ann_castrin,@ann_castrin,6,157,10,0.239144,0.254949,0.000034
@leogbayona,@leogbayona,6,8,11,0.238584,0.259492,0.000015
@ann_held,@ann_held,1,26,2,0.545455,0.583333,0
@levmauc,@levmauc,6,26,1,1,1,0.000001
@annagold192,@annagold192,1,139,10,0.235786,0.250448,0
@anonautoctono,@anonautoctono,9,171,10,0.258508,0.282808,0.001068
@iluminatibot,@iluminatibot,3,171,11,0.237665,0.257717,0.000178
@wideawake_media,@wideawake_media,11,169,11,0.226037,0.244157,0.002156
@anonymus_chile,@anonymus_chile,5,8,10,0.245551,0.260278,0.002132
@CthulhuSudaca,@CthulhuSudaca,1,8,11,0.19715,0.204222,0
@Eremitricked,@Eremitricked,1,8,11,0.19715,0.204222,0
@caramelitoricoa,@caramelitoricoa,1,8,11,0.19715,0.204222,0
@anonymuschileno,@anonymuschileno,17,8,10,0.302032,0.340655,0.019672
@jorgearmasv,@jorgearmasv,7,8,11,0.238847,0.256815,0.000819
@la5acolumna,@la5acolumna,18,8,11,0.271381,0.294123,0.000689
@anreyes1,@anreyes1,4,8,10,0.273312,0.303838,0.001838
@anrrietsalas,@anrrietsalas,1,5,15,0.118561,0.12051,0
@ansiosafran,@ansiosafran,1,0,11,0.222413,0.235746,0
@ant19mun70fu,@ant19mun70fu,1,8,10,0.25687,0.281537,0
@anticomunista03,@anticomunista03,1,139,12,0.202348,0.213559,0
@antifachosad,@antifachosad,1,27,1,1,1,0
@___EDOM__,@___EDOM__,1,27,1,1,1,0
@antifascistacl,@antifascistacl,1,0,11,0.210253,0.222816,0
@antonela_ade,@antonela_ade,1,8,10,0.25687,0.281537,0
@antonietacard,@antonietacard,1,139,10,0.245122,0.270518,0
@antonio56268339,@antonio56268339,1,0,11,0.218709,0.231337,0
@antonio_m_85,@antonio_m_85,1,0,11,0.199615,0.210476,0
@antonio_q_i,@antonio_q_i,2,8,10,0.258007,0.283641,0.000017
@antonioavilau,@antonioavilau,1,109,12,0.186915,0.19554,0
@joseleandro60,@joseleandro60,13,109,11,0.229873,0.246912,0.002909
@antonioelg,@antonioelg,1,8,10,0.25687,0.281537,0
@antoniomendezs5,@antoniomendezs5,2,141,11,0.20234,0.212649,0.000019
@JEcheverriZ,@JEcheverriZ,5,141,11,0.224501,0.239774,0.000931
@antoniomq77,@antoniomq77,2,139,10,0.253518,0.281014,0.000045
@antoniooneto,@antoniooneto,1,139,12,0.209464,0.221646,0
@antotruth,@antotruth,1,157,11,0.204421,0.214188,0
@anuarabico,@anuarabico,1,139,10,0.245122,0.270518,0
@anyjustbreathe_,@anyjustbreathe_,1,28,2,0.666667,0.75,0
@BoyOfAnahi,@BoyOfAnahi,2,28,1,1,1,0
@anyled1,@anyled1,1,0,11,0.183089,0.190007,0
@carlostph,@carlostph,5,0,10,0.224113,0.237409,0.000495
@anysoria2,@anysoria2,2,157,11,0.247625,0.26848,0.000012
@aolaonline,@aolaonline,1,29,1,1,1,0
@pmarsupia,@pmarsupia,1,29,1,1,1,0
@apalominop11,@apalominop11,1,139,10,0.245122,0.270518,0
@apauliberrios,@apauliberrios,1,157,11,0.220907,0.232079,0
@aperaldi,@aperaldi,1,0,11,0.200062,0.21002,0
@apintosaenz,@apintosaenz,1,8,12,0.221596,0.236054,0
@apintosanchez,@apintosanchez,1,52,11,0.18593,0.196243,0
@apriveros85,@apriveros85,1,124,11,0.219989,0.231932,0
@apto44,@apto44,1,30,1,1,1,0
@AndreGA_Pe,@AndreGA_Pe,1,30,1,1,1,0
@aqjose117,@aqjose117,1,171,12,0.186097,0.195882,0
@aquevedoandres,@aquevedoandres,1,52,11,0.18593,0.196243,0
@aquilesaugusto,@aquilesaugusto,1,139,10,0.245122,0.270518,0
@aracelimeciasr,@aracelimeciasr,1,52,11,0.186518,0.195811,0
@ministeriosalud,@ministeriosalud,32,52,10,0.229273,0.24847,0.009246
@arancibia2020,@arancibia2020,2,8,12,0.207744,0.219274,0.000011
@Arancibia2020,@Arancibia2020,5,8,11,0.254264,0.275873,0.000658
@arancibiahector,@arancibiahector,1,0,11,0.216365,0.228595,0
@arandapablo,@arandapablo,1,0,13,0.160848,0.166491,0
@araucaniasur,@araucaniasur,1,52,11,0.186518,0.195811,0
@arayaclockx,@arayaclockx,1,0,11,0.222413,0.235746,0
@arayacristi13,@arayacristi13,2,0,11,0.212197,0.226137,0.000044
@archejoiyo,@archejoiyo,1,31,1,1,1,0
@gigiutsu,@gigiutsu,1,31,1,1,1,0
@archivosypartes,@archivosypartes,1,139,12,0.209464,0.221646,0
@ardillayanez,@ardillayanez,1,139,10,0.235786,0.250448,0
@arenaszelada,@arenaszelada,1,0,11,0.216365,0.228595,0
@arianna_rdz9,@arianna_rdz9,1,139,12,0.176223,0.183992,0
@vegabiestro,@vegabiestro,5,139,11,0.213912,0.228488,0.0012
@ariel44910339,@ariel44910339,3,8,10,0.259829,0.28543,0.00002
@ariel__canete,@ariel__canete,8,5,10,0.283404,0.322552,0.001401
@GabyLob,@GabyLob,11,5,11,0.256134,0.276821,0.000768
@IsraelinSpanish,@IsraelinSpanish,15,139,11,0.250725,0.271559,0.002251
@isaacrrr7,@isaacrrr7,29,139,11,0.240899,0.263935,0.00198
@arielovega,@arielovega,2,8,10,0.259374,0.285813,0.000013
@arjenavi,@arjenavi,2,0,11,0.21802,0.231477,0.000032
@arjodeal,@arjodeal,2,139,10,0.253518,0.281014,0.000045
@arkano18,@arkano18,1,0,11,0.224201,0.238157,0
@arlofe454,@arlofe454,1,8,10,0.235444,0.251191,0
@armando_leoncio,@armando_leoncio,1,0,11,0.216365,0.228595,0
@armandoredondo1,@armandoredondo1,2,109,10,0.245423,0.271116,0.000102
@_stopwhispering,@_stopwhispering,13,109,11,0.24119,0.26012,0.001814
@arnaldogmm,@arnaldogmm,1,139,10,0.245122,0.270518,0
@arno_roa,@arno_roa,4,5,10,0.233852,0.25459,0.000392
@orlando21886673,@orlando21886673,1,5,11,0.189537,0.199671,0
@arnoldoipinza,@arnoldoipinza,1,8,10,0.25687,0.281537,0
@arocoa,@arocoa,1,0,11,0.224201,0.238157,0
@aros_ximenapr,@aros_ximenapr,1,5,12,0.225105,0.2441,0
@arquitectoblade,@arquitectoblade,1,5,12,0.202175,0.212868,0
@arquitectospa,@arquitectospa,2,0,10,0.26291,0.2882,0.000364
@artegema,@artegema,2,8,10,0.248384,0.262156,0.000069
@artesanocueros,@artesanocueros,1,52,11,0.18593,0.196243,0
@articomona,@articomona,1,157,11,0.22658,0.237162,0
@artmarin,@artmarin,2,8,10,0.257571,0.282844,0.000006
@arturogarciato1,@arturogarciato1,1,5,12,0.212171,0.226211,0
@arvychile,@arvychile,2,171,10,0.257048,0.281909,0.0001
@as350b3d,@as350b3d,25,8,10,0.302085,0.346561,0.006307
@AlejoMunante,@AlejoMunante,1,8,11,0.232011,0.250739,0
@DerechaPeru,@DerechaPeru,1,8,11,0.232011,0.250739,0
@E_FLEISCHMAN,@E_FLEISCHMAN,1,8,11,0.232011,0.250739,0
@LG_RDT,@LG_RDT,4,109,11,0.242385,0.260636,0.00086
@justicierope,@justicierope,5,8,11,0.232094,0.251253,0.0012
@suriel,@suriel,2,8,11,0.236452,0.255865,0.000003
@asau21660535,@asau21660535,1,5,12,0.225105,0.2441,0
@ascanmiles,@ascanmiles,1,5,11,0.204204,0.213865,0
@asesormunoz,@asesormunoz,1,8,12,0.214424,0.226427,0
@ashpatriota,@ashpatriota,1,5,12,0.225105,0.2441,0
@asisedescompone,@asisedescompone,1,124,11,0.201664,0.21304,0
@asoto20526395,@asoto20526395,1,0,11,0.216365,0.228595,0
@asshunter88,@asshunter88,1,8,12,0.210535,0.222495,0
@astorgapa,@astorgapa,15,8,10,0.299193,0.342457,0.001932
@DeusVul94229466,@DeusVul94229466,33,8,11,0.270631,0.295866,0.000626
@astorvalhoship,@astorvalhoship,1,183,14,0.133433,0.13698,0
@el_sitto,@el_sitto,4,183,13,0.153974,0.159671,0.0006
@astromeliaida,@astromeliaida,1,157,11,0.229608,0.240715,0
@asuncionocampo,@asuncionocampo,9,139,10,0.285055,0.323288,0.002126
@FerroAnton,@FerroAnton,4,139,11,0.224462,0.241903,0.000176
@HoracioCabak,@HoracioCabak,9,171,11,0.230383,0.249727,0.00124
@PregoneroL,@PregoneroL,5,171,11,0.233631,0.249526,0.000047
@atejedaa,@atejedaa,1,0,11,0.212675,0.223345,0
@atenatobar88819,@atenatobar88819,1,5,12,0.212171,0.226211,0
@athferrada,@athferrada,1,5,12,0.216573,0.230214,0
@athlanthis,@athlanthis,1,8,10,0.25687,0.281537,0
@athomastorres,@athomastorres,1,157,11,0.246168,0.266,0
@athosdumase,@athosdumase,1,32,1,1,1,0
@lagalerna_,@lagalerna_,1,32,1,1,1,0
@atienzacortes,@atienzacortes,2,139,10,0.253518,0.281014,0.000045
@atisaez_jewelry,@atisaez_jewelry,1,157,11,0.246168,0.266,0
@atletadelgol,@atletadelgol,2,8,10,0.261439,0.288002,0.00003
@atomica9,@atomica9,1,52,11,0.18593,0.196243,0
@atymac,@atymac,1,139,10,0.245122,0.270518,0
@audiob40,@audiob40,11,8,10,0.266763,0.296593,0.001404
@BGatesIsaPyscho,@BGatesIsaPyscho,7,8,11,0.224949,0.243047,0.001194
@UrsulaKiener,@UrsulaKiener,22,8,10,0.252347,0.274049,0.00047
@audioslavehere,@audioslavehere,1,0,11,0.217289,0.227714,0
@augusto_toribio,@augusto_toribio,6,139,10,0.262033,0.291943,0.000705
@deCaceres80,@deCaceres80,1,139,11,0.207636,0.221144,0
@augustopino1973,@augustopino1973,4,8,12,0.242396,0.264869,0.000121
@quecamed,@quecamed,2,8,11,0.222709,0.240853,0
@aungerv,@aungerv,1,157,11,0.246168,0.266,0
@aura_aureal,@aura_aureal,1,157,11,0.235883,0.248355,0
@autopoieticus,@autopoieticus,1,0,11,0.224201,0.238157,0
@avallejosg,@avallejosg,1,8,10,0.25687,0.281537,0
@avaspe,@avaspe,3,8,10,0.253271,0.269732,0.003106
@Sarah83336937,@Sarah83336937,1,8,11,0.202096,0.209739,0
@avatar_tkd,@avatar_tkd,1,5,12,0.207645,0.219181,0
@avcuevas,@avcuevas,2,8,12,0.22654,0.238275,0.0006
@PGonz8,@PGonz8,2,8,13,0.184718,0.191084,0.0003
@avenegasg,@avenegasg,1,124,11,0.219989,0.231932,0
@avepol,@avepol,1,0,11,0.224201,0.238157,0
@avilasandra,@avilasandra,1,157,11,0.246168,0.266,0
@avip33333,@avip33333,1,33,1,1,1,0
@GVAsanitat,@GVAsanitat,1,33,1,1,1,0
@aweonita,@aweonita,1,139,10,0.245122,0.270518,0
@axionxyz,@axionxyz,1,5,12,0.203627,0.214271,0
@ayecord,@ayecord,1,124,13,0.166892,0.172919,0
@Rockomodernlif3,@Rockomodernlif3,4,124,12,0.200317,0.211253,0.000604
@ayla12345678,@ayla12345678,1,157,11,0.246168,0.266,0
@azeezah_d,@azeezah_d,1,34,1,1,1,0
@isanidad,@isanidad,1,34,1,1,1,0
@azerpa,@azerpa,1,109,12,0.168463,0.17306,0
@LuzMelyReyes,@LuzMelyReyes,13,109,11,0.202585,0.211435,0.003314
@azucarflores,@azucarflores,1,157,11,0.246168,0.266,0
@azulillos,@azulillos,2,8,10,0.256895,0.281665,0.0003
@ObservadorNew,@ObservadorNew,1,8,11,0.204397,0.215788,0
@azulvictoria,@azulvictoria,4,109,11,0.208932,0.21931,0.000709
@EnsedeCiencia,@EnsedeCiencia,10,109,11,0.214256,0.227652,0.002035
@_catalinacm,@_catalinacm,2,109,12,0.172841,0.178745,0.0003
@azzul2006,@azzul2006,2,0,11,0.216383,0.228724,0.0003
@eldestapeweb,@eldestapeweb,1,0,12,0.177897,0.184511,0
@b_______alarcon,@b_______alarcon,1,35,1,1,1,0
@jotases,@jotases,1,35,1,1,1,0
@baco0713,@baco0713,1,235,3,0.5,0.611111,0
@HospitalChillan,@HospitalChillan,2,235,2,0.75,0.833333,0
@badgyalgang,@badgyalgang,1,183,12,0.180584,0.188868,0
@badlenzuela,@badlenzuela,1,5,12,0.204445,0.215597,0
@baegex,@baegex,5,0,11,0.242271,0.263996,0.000827
@bahamonmario,@bahamonmario,3,8,10,0.260743,0.287973,0.000036
@baledeep,@baledeep,1,157,11,0.235883,0.248355,0
@balrog,@balrog,1,0,11,0.222413,0.235746,0
@bandaferrari70,@bandaferrari70,1,8,12,0.211634,0.22337,0
@bankary,@bankary,2,0,11,0.21802,0.231477,0.000032
@banketes2,@banketes2,1,139,10,0.235786,0.250448,0
@barbaradentist,@barbaradentist,1,0,11,0.224201,0.238157,0
@barbarakoke,@barbarakoke,1,5,12,0.225105,0.2441,0
@barbaraveace85,@barbaraveace85,1,157,11,0.22658,0.237162,0
@barby78570477,@barby78570477,1,36,1,1,1,0
@MLBeziva,@MLBeziva,1,36,1,1,1,0
@barcelorodas,@barcelorodas,1,8,10,0.222365,0.234988,0
@barpuntopartida,@barpuntopartida,1,139,10,0.245122,0.270518,0
@barsovia,@barsovia,1,37,2,0.666667,0.75,0
@aconcaguaradio,@aconcaguaradio,2,37,1,1,1,0
@baspbastian,@baspbastian,2,5,10,0.262843,0.291653,0.000071
@bassariveros,@bassariveros,2,5,12,0.184475,0.194348,0.0006
@ACambiarlos,@ACambiarlos,11,5,11,0.226155,0.245025,0.001906
@fundacionfnm,@fundacionfnm,2,5,13,0.155758,0.161698,0.0003
@bassi_dev1,@bassi_dev1,1,139,10,0.245122,0.270518,0
@bastimapache,@bastimapache,2,0,11,0.195981,0.206447,0.000023
@batmanariel,@batmanariel,1,8,12,0.221596,0.236054,0
@bcastil32667233,@bcastil32667233,2,5,11,0.248218,0.268241,0.000258
@niikicita,@niikicita,22,5,11,0.261202,0.282752,0.005073
@bddzas,@bddzas,1,139,10,0.245122,0.270518,0
@bdicschile1,@bdicschile1,2,8,10,0.257226,0.282173,0.000023
@beacontrerasr,@beacontrerasr,1,0,11,0.222413,0.235746,0
@beannysj,@beannysj,1,28,2,0.666667,0.75,0
@beatriz77748,@beatriz77748,2,38,1,1,1,0
@ViKaZ017,@ViKaZ017,1,38,2,0.666667,0.75,0
@lilidiaz8,@lilidiaz8,1,38,2,0.666667,0.75,0
@beatrizaguir1,@beatrizaguir1,1,124,11,0.219989,0.231932,0
@becerra_la2113,@becerra_la2113,1,139,10,0.245122,0.270518,0
@bechunx,@bechunx,1,8,12,0.200479,0.211255,0
@beeologa_,@beeologa_,1,124,11,0.219989,0.231932,0
@beikkal,@beikkal,2,0,11,0.226937,0.242595,0.000078
@belen_mabemar6,@belen_mabemar6,2,39,1,1,1,0
@ags_nortedejaen,@ags_nortedejaen,1,39,2,0.666667,0.75,0
@saludand,@saludand,1,39,2,0.666667,0.75,0
@belenjasmyn,@belenjasmyn,1,183,13,0.166892,0.173263,0
@bellita56,@bellita56,1,157,11,0.246168,0.266,0
@bellopaisaje1,@bellopaisaje1,1,0,11,0.210253,0.222816,0
@beluna_sf,@beluna_sf,1,52,11,0.18593,0.196243,0
@benavidesmunoz,@benavidesmunoz,10,5,10,0.273283,0.307522,0.001919
@FRANCIS61866271,@FRANCIS61866271,1,5,11,0.214637,0.229766,0
@MatiasBellolio,@MatiasBellolio,12,5,11,0.245087,0.266697,0.001023
@MiserableProfe,@MiserableProfe,9,5,11,0.227624,0.246785,0.001274
@benderbot11,@benderbot11,7,8,10,0.270688,0.301674,0.000344
@benedettadadio,@benedettadadio,4,8,10,0.263364,0.291513,0.00009
@benitadanae,@benitadanae,25,5,10,0.284103,0.322083,0.003681
@Buenrolloreturn,@Buenrolloreturn,35,8,11,0.272122,0.297618,0.001442
@lenantesur,@lenantesur,9,8,11,0.250495,0.271304,0.000619
@tjholt,@tjholt,1,5,11,0.221256,0.23755,0
@benitezisabel41,@benitezisabel41,1,8,12,0.218663,0.233363,0
@benja1184033345,@benja1184033345,1,139,10,0.245122,0.270518,0
@benjamin1551091,@benjamin1551091,3,8,10,0.261663,0.29043,0.000117
@benjaminpwd,@benjaminpwd,1,0,13,0.153084,0.157506,0
@jorgecantero,@jorgecantero,2,0,12,0.180748,0.188167,0.0003
@benjaolivaress,@benjaolivaress,1,52,11,0.18593,0.196243,0
@benjaugust,@benjaugust,1,139,10,0.245122,0.270518,0
@benya2172548587,@benya2172548587,1,139,10,0.245122,0.270518,0
@bergmannvega,@bergmannvega,1,5,12,0.195427,0.205693,0
@pao_hube,@pao_hube,13,5,11,0.242884,0.263281,0.002022
@berkob,@berkob,1,139,12,0.200471,0.210834,0
@bermaes,@bermaes,2,0,11,0.223505,0.238319,0.000134
@bernardita_71,@bernardita_71,2,8,10,0.237144,0.251997,0.000002
@bernardodiazs,@bernardodiazs,1,0,11,0.217289,0.227714,0
@berni21003932,@berni21003932,1,8,10,0.25687,0.281537,0
@bernipino2,@bernipino2,3,8,12,0.235775,0.25153,0.000005
@berriosalejaja,@berriosalejaja,1,0,11,0.218709,0.231337,0
@bertorb,@bertorb,1,0,11,0.199615,0.210476,0
@besairr,@besairr,2,0,11,0.226629,0.240306,0.000017
@besoainvide,@besoainvide,2,5,12,0.214212,0.227241,0.000018
@bespino1970,@bespino1970,1,0,11,0.177125,0.184937,0
@Mercede84704540,@Mercede84704540,6,0,10,0.215243,0.230099,0.000629
@betancourt2672,@betancourt2672,1,0,11,0.204687,0.216464,0
@betisusan,@betisusan,1,5,12,0.225105,0.2441,0
@beto1979luis,@beto1979luis,2,139,10,0.253518,0.281014,0.000045
@betocastaneda,@betocastaneda,1,40,1,1,1,0
@CesarParraGuia,@CesarParraGuia,1,40,1,1,1,0
@betorock2529,@betorock2529,1,0,11,0.199615,0.210476,0
@bettygaubicher,@bettygaubicher,19,8,10,0.270068,0.302666,0.002256
@BC_BlackMiror,@BC_BlackMiror,1,8,11,0.212649,0.227024,0
@BettyGaubicher,@BettyGaubicher,2,8,11,0.222527,0.238796,0.000001
@EricArchambaul7,@EricArchambaul7,2,169,11,0.213647,0.228302,0.000127
@Humanspective,@Humanspective,2,169,11,0.213208,0.227693,0.000035
@MakisMD,@MakisMD,7,8,11,0.219663,0.235853,0.000721
@VigilantFox,@VigilantFox,2,169,11,0.213016,0.227682,0.000202
@Yo_soy_JulyR,@Yo_soy_JulyR,6,8,11,0.258547,0.280897,0.000059
@betzyland,@betzyland,1,0,11,0.218709,0.231337,0
@bgamboasil,@bgamboasil,5,157,11,0.246473,0.266857,0.001095
@ArcadelTorcal,@ArcadelTorcal,1,157,12,0.197744,0.207345,0
@yaracalcagno,@yaracalcagno,2,157,12,0.202348,0.214056,0.000004
@bgm109_tomahawk,@bgm109_tomahawk,1,5,12,0.216573,0.230214,0
@biancaborcosqui,@biancaborcosqui,1,5,12,0.225105,0.2441,0
@biankascarl,@biankascarl,2,157,11,0.247625,0.26848,0.000012
@bichitadanzante,@bichitadanzante,1,157,12,0.19621,0.205935,0
@bichito_v,@bichito_v,1,157,11,0.246168,0.266,0
@bifrostgate,@bifrostgate,1,0,11,0.222413,0.235746,0
@bigwavecom,@bigwavecom,1,41,1,1,1,0
@HilariaArteaga,@HilariaArteaga,1,41,1,1,1,0
@bigzamo,@bigzamo,1,8,12,0.211255,0.222478,0
@billekeingrid,@billekeingrid,2,8,10,0.261439,0.288002,0.00003
@bilopmaria,@bilopmaria,3,0,11,0.252827,0.276673,0.000306
@biobiopenco,@biobiopenco,6,8,10,0.282602,0.319735,0.00059
@bionoticiascl,@bionoticiascl,1,42,2,0.666667,0.75,0
@CHANDIAFER,@CHANDIAFER,2,42,1,1,1,0
@biozero,@biozero,5,52,11,0.232333,0.251118,0.000423
@nbody6,@nbody6,18,0,10,0.246578,0.26664,0.003201
@ximenaguilera,@ximenaguilera,12,52,11,0.214726,0.228225,0.001336
@bissarro,@bissarro,1,157,11,0.22658,0.237162,0
@blablablashee3,@blablablashee3,4,0,10,0.267948,0.295067,0.002445
@PolyCucho,@PolyCucho,3,0,11,0.219644,0.233248,0.000309
@blackdiurno,@blackdiurno,1,8,10,0.25687,0.281537,0
@blackdog66,@blackdog66,10,169,12,0.189779,0.201919,0.001328
@ABridgen,@ABridgen,1,169,13,0.159513,0.166259,0
@CartlandDavid,@CartlandDavid,5,8,11,0.214593,0.229227,0.000189
@ValerieAnne1970,@ValerieAnne1970,1,169,13,0.159513,0.166259,0
@garetheve,@garetheve,1,169,13,0.159513,0.166259,0
@myhiddenvalue,@myhiddenvalue,1,169,13,0.159513,0.166259,0
@stkirsch,@stkirsch,3,169,13,0.167533,0.17565,0.000015
@blackyoliv,@blackyoliv,2,0,11,0.255617,0.278857,0.000722
@bladekark,@bladekark,1,139,10,0.235786,0.250448,0
@blancaximenaro1,@blancaximenaro1,1,0,11,0.216365,0.228595,0
@blanchetteophe,@blanchetteophe,3,8,12,0.22653,0.246623,0.000309
@LiveVict,@LiveVict,1,8,13,0.184699,0.194836,0
@blanqt,@blanqt,1,157,11,0.246168,0.266,0
@blanquipc,@blanquipc,5,157,11,0.250628,0.273896,0.000068
@blanquitamontt,@blanquitamontt,1,157,11,0.220907,0.232079,0
@bleiik_,@bleiik_,1,8,10,0.236657,0.25105,0
@bli2255102021,@bli2255102021,1,157,11,0.246168,0.266,0
@blogghino,@blogghino,1,43,1,1,1,0
@RaffaellaRegoli,@RaffaellaRegoli,1,43,1,1,1,0
@blondiesbestie,@blondiesbestie,1,183,13,0.161013,0.167948,0
@bloqueantifa,@bloqueantifa,1,44,1,1,1,0
@ElCheZOV,@ElCheZOV,1,44,1,1,1,0
@bluesoft_peter,@bluesoft_peter,7,8,10,0.260403,0.28716,0.000185
@Alex_Diaz_68,@Alex_Diaz_68,5,8,11,0.235775,0.25575,0.000007
@Cuchita20692492,@Cuchita20692492,3,8,11,0.235947,0.251831,0.000001
@climarepentino,@climarepentino,4,8,11,0.254588,0.276706,0.000017
@marcvidal,@marcvidal,11,139,10,0.268238,0.287533,0.000881
@bmelladog,@bmelladog,14,5,10,0.293605,0.336547,0.005775
@bmschile1,@bmschile1,1,0,11,0.216365,0.228595,0
@boardingagent,@boardingagent,2,8,12,0.226313,0.238021,0.000003
@elhigadodmarita,@elhigadodmarita,10,8,11,0.238584,0.259999,0.000123
@bobby_leaf,@bobby_leaf,1,139,10,0.245122,0.270518,0
@boboven,@boboven,1,109,12,0.186915,0.19554,0
@bodeloncelia,@bodeloncelia,4,8,10,0.25761,0.282966,0.000324
@ArnaldoAponte11,@ArnaldoAponte11,5,8,11,0.253073,0.27476,0.000024
@bofrias,@bofrias,3,5,10,0.276531,0.312372,0.000294
@boliviaensantia,@boliviaensantia,1,45,1,1,1,0
@LuchoXBolivia,@LuchoXBolivia,1,45,1,1,1,0
@bombona_asesina,@bombona_asesina,1,0,11,0.204687,0.216464,0
@bonnetjaviera,@bonnetjaviera,1,5,12,0.189385,0.20029,0
@booa2015,@booa2015,1,8,10,0.25687,0.281537,0
@book_ar,@book_ar,1,124,11,0.219989,0.231932,0
@borgonialover,@borgonialover,1,52,11,0.18593,0.196243,0
@borjaleonardo,@borjaleonardo,2,5,12,0.189412,0.200467,0.0006
@Info_War_Chile,@Info_War_Chile,2,5,13,0.159263,0.165772,0.0003
@borlismo,@borlismo,1,215,12,0.175211,0.182079,0
@Defensa_Israel,@Defensa_Israel,3,215,11,0.212423,0.225241,0.000302
@borroka82,@borroka82,2,215,12,0.194613,0.202472,0.000257
@CNNChile,@CNNChile,5,215,12,0.189682,0.195416,0.000941
@jcerdal,@jcerdal,16,0,11,0.238573,0.254686,0.00389
@boyofanahi,@boyofanahi,1,46,1,1,1,0
@JaaaviDreams,@JaaaviDreams,1,46,1,1,1,0
@bramosc92,@bramosc92,1,0,11,0.222413,0.235746,0
@brancho60,@brancho60,2,0,12,0.189468,0.198813,0.000004
@aapayes,@aapayes,9,0,11,0.226303,0.241479,0.000663
@almayadeen_es,@almayadeen_es,4,157,11,0.223669,0.23956,0.000408
@MundoEConflicto,@MundoEConflicto,1,157,11,0.213428,0.22421,0
@colmedchile,@colmedchile,6,52,11,0.214851,0.226799,0.001647
@bravochile,@bravochile,10,8,10,0.265697,0.295631,0.001327
@MoChao33,@MoChao33,1,8,11,0.20993,0.223327,0
@SMGonzalezSoto,@SMGonzalezSoto,1,8,11,0.20993,0.223327,0
@SilviaSosaCast1,@SilviaSosaCast1,1,8,11,0.20993,0.223327,0
@tonito9691,@tonito9691,1,8,11,0.20993,0.223327,0
@bravosalfa78630,@bravosalfa78630,1,139,10,0.245122,0.270518,0
@brayan030791,@brayan030791,1,8,10,0.25687,0.281537,0
@brbahamondes,@brbahamondes,1,139,10,0.245122,0.270518,0
@breaktitus,@breaktitus,1,8,10,0.236657,0.25105,0
@brendadyenbr,@brendadyenbr,6,5,10,0.266502,0.298111,0.00058
@storres_chile,@storres_chile,1,5,11,0.210432,0.224602,0
@bricenoangelica,@bricenoangelica,2,139,10,0.253518,0.281014,0.000045
@briosvan,@briosvan,2,157,11,0.247625,0.26848,0.000012
@brisalbelquis,@brisalbelquis,1,171,14,0.156044,0.160003,0
@mavica81,@mavica81,2,171,13,0.18489,0.191548,0.0003
@brown7jazz,@brown7jazz,1,8,10,0.25687,0.281537,0
@brunofelipeo9,@brunofelipeo9,1,0,11,0.222413,0.235746,0
@brunoluke859764,@brunoluke859764,2,8,10,0.257968,0.286786,0.000118
@brunowolf07,@brunowolf07,1,8,10,0.25687,0.281537,0
@brunoxesteban,@brunoxesteban,1,139,10,0.245122,0.270518,0
@bruummireen,@bruummireen,1,124,11,0.219989,0.231932,0
@bsstar5,@bsstar5,1,139,10,0.235786,0.250448,0
@budspencerchile,@budspencerchile,1,5,12,0.189385,0.20029,0
@bugumarga,@bugumarga,1,8,10,0.25687,0.281537,0
@bullagueroa,@bullagueroa,4,157,11,0.24772,0.268833,0.000408
@VidasSos,@VidasSos,1,157,12,0.198546,0.208463,0
@bulletfor_li,@bulletfor_li,1,8,12,0.218663,0.233363,0
@burbujajas,@burbujajas,1,157,11,0.235883,0.248355,0
@buscadorlavdad,@buscadorlavdad,10,8,10,0.266516,0.2971,0.000222
@busdevel95,@busdevel95,2,8,10,0.275928,0.311492,0.000199
@butkita,@butkita,1,8,12,0.21824,0.231604,0
@buzhsman8,@buzhsman8,6,8,10,0.265479,0.294658,0.00012
@byakkomiseon,@byakkomiseon,1,139,10,0.245122,0.270518,0
@byxsombra_312,@byxsombra_312,1,178,3,0.37037,0.416667,0
@DividendTalks,@DividendTalks,2,178,2,0.555556,0.6,0.000001
@c_l_desecondat,@c_l_desecondat,1,47,2,0.6,0.666667,0
@ElMercurio_cl,@ElMercurio_cl,3,47,1,1,1,0
@c_t_chile,@c_t_chile,1,5,12,0.225105,0.2441,0
@c_thomas_s,@c_thomas_s,8,193,10,0.263779,0.292734,0.001063
@Armada_Chile,@Armada_Chile,9,5,11,0.241291,0.261067,0.000929
@FcoMunoz_TP,@FcoMunoz_TP,8,193,11,0.232084,0.251282,0.000088
@c_trincado,@c_trincado,1,0,11,0.224201,0.238157,0
@ca55969605jaime,@ca55969605jaime,2,0,11,0.232333,0.248315,0.000072
@caaatheeerinee,@caaatheeerinee,1,135,3,0.5,0.566667,0
@OrlandoRPN,@OrlandoRPN,4,135,2,0.833333,0.9,0.000001
@caab25,@caab25,5,124,11,0.252138,0.275802,0.000512
@caaro93265922,@caaro93265922,1,8,12,0.218663,0.233363,0
@cabellosricart,@cabellosricart,2,157,11,0.247012,0.267638,0.000009
@cabezascofre12,@cabezascofre12,1,0,11,0.217289,0.227714,0
@caceresjoo,@caceresjoo,2,0,10,0.25539,0.281488,0.001165
@cachupin1312,@cachupin1312,1,139,10,0.245122,0.270518,0
@caco1909,@caco1909,1,48,1,1,1,0
@ESPNChile,@ESPNChile,1,48,1,1,1,0
@caguayob,@caguayob,2,8,10,0.257686,0.283137,0.000018
@calazaricardo,@calazaricardo,1,8,12,0.204614,0.215056,0
@calcagnomd,@calcagnomd,1,52,13,0.139507,0.143396,0
@fcarvajale,@fcarvajale,3,52,12,0.16212,0.168487,0.000304
@callejasrodrigo,@callejasrodrigo,1,215,11,0.215825,0.225695,0
@callejonoscuro,@callejonoscuro,1,49,1,1,1,0
@houseofweedcl,@houseofweedcl,1,49,1,1,1,0
@calu_perez,@calu_perez,1,157,11,0.235883,0.248355,0
@cam_vicencio,@cam_vicencio,1,52,11,0.18593,0.196243,0
@camarachillan,@camarachillan,1,25,2,0.6,0.666667,0
@camila_vibe,@camila_vibe,1,0,11,0.224201,0.238157,0
@camiladelreal,@camiladelreal,2,157,10,0.272422,0.304586,0.001531
@camilaemiliasv,@camilaemiliasv,1,5,12,0.185425,0.195356,0
@camilapozo_,@camilapozo_,1,8,12,0.191496,0.201847,0
@RelatocuriosoK,@RelatocuriosoK,6,8,11,0.236841,0.257069,0.001201
@camilohuidobrop,@camilohuidobrop,1,0,12,0.180133,0.188805,0
@sebasugarte,@sebasugarte,3,0,11,0.2197,0.236022,0.000302
@camilopezc,@camilopezc,1,109,12,0.176457,0.183413,0
@camiseps,@camiseps,1,124,11,0.219989,0.231932,0
@camote188,@camote188,1,5,12,0.210134,0.222101,0
@canal7frschile,@canal7frschile,10,169,10,0.269059,0.300493,0.00146
@canalesdoizi,@canalesdoizi,1,8,10,0.236657,0.25105,0
@candeladiputada,@candeladiputada,1,0,13,0.161529,0.166668,0
@N_PrensaCL,@N_PrensaCL,9,0,12,0.19264,0.202024,0.0024
@candia01,@candia01,4,0,11,0.231566,0.24665,0.000379
@candia_julio,@candia_julio,1,25,2,0.6,0.666667,0
@canelapali,@canelapali,7,157,11,0.250725,0.27425,0.000175
@Angry217,@Angry217,5,157,12,0.207686,0.2219,0.000004
@caneshein,@caneshein,1,50,2,0.538462,0.571429,0
@howyzehewiwe,@howyzehewiwe,7,50,1,1,1,0.000001
@caninabeatriz,@caninabeatriz,1,0,11,0.224201,0.238157,0
@canita_al_aire,@canita_al_aire,2,8,10,0.259374,0.285813,0.000013
@canitocl,@canitocl,1,5,12,0.212171,0.226211,0
@canomata,@canomata,2,215,11,0.232448,0.245113,0.000465
@canosanchezq,@canosanchezq,1,5,12,0.208622,0.21976,0
@canpaver,@canpaver,1,157,11,0.246168,0.266,0
@cantero_arenas,@cantero_arenas,2,8,12,0.222585,0.235283,0.0003
@RosaMartel10,@RosaMartel10,1,8,13,0.182067,0.188828,0
@caortizr,@caortizr,1,139,10,0.245122,0.270518,0
@capitalista_pob,@capitalista_pob,1,8,10,0.25687,0.281537,0
@capitancianuro,@capitancianuro,1,8,10,0.25687,0.281537,0
@capocele,@capocele,1,8,10,0.236657,0.25105,0
@carabdechile,@carabdechile,1,8,12,0.183367,0.192271,0
@carab_ohiggins,@carab_ohiggins,5,8,11,0.22453,0.241673,0.000606
@carayatorres,@carayatorres,1,51,2,0.666667,0.75,0
@stats_feed,@stats_feed,2,51,1,1,1,0
@carbo_j,@carbo_j,1,139,10,0.245122,0.270518,0
@carbusman,@carbusman,2,5,11,0.22071,0.231512,0.000053
@carc1973,@carc1973,1,0,11,0.195818,0.20601,0
@cardenas023,@cardenas023,1,139,10,0.245122,0.270518,0
@careperro2_0,@careperro2_0,1,139,10,0.245122,0.270518,0
@cargomfi,@cargomfi,1,139,10,0.245122,0.270518,0
@carinag1980,@carinag1980,1,139,10,0.235786,0.250448,0
@carinavanceec,@carinavanceec,1,52,11,0.188005,0.19759,0
@opsomschile,@opsomschile,28,52,10,0.231524,0.251239,0.008034
@caritofloresp,@caritofloresp,4,5,10,0.244567,0.262531,0.000074
@caritonasis,@caritonasis,23,8,10,0.272594,0.306743,0.002129
@Anpo_Star,@Anpo_Star,1,8,11,0.214212,0.229145,0
@TertuliasLiber1,@TertuliasLiber1,2,8,11,0.214247,0.229322,0.000004
@pe_cyn,@pe_cyn,1,8,11,0.214212,0.229145,0
@willylopsol,@willylopsol,1,8,11,0.214212,0.229145,0
@caritopug1,@caritopug1,1,157,11,0.246168,0.266,0
@caritoseul,@caritoseul,1,8,10,0.25687,0.281537,0
@carl_elric,@carl_elric,7,8,10,0.247815,0.26717,0.000147
@carla_dgg,@carla_dgg,1,8,10,0.25687,0.281537,0
@carlajaaviera,@carlajaaviera,2,124,11,0.224346,0.237618,0.000073
@carlamoraga,@carlamoraga,1,8,10,0.25687,0.281537,0
@carlavfarias,@carlavfarias,2,157,11,0.247827,0.268862,0
@carlifl0r,@carlifl0r,1,0,13,0.161529,0.166668,0
@carligabo2,@carligabo2,1,124,11,0.219989,0.231932,0
@carlina58,@carlina58,3,8,10,0.260403,0.286456,0.000025
@carlonchocho,@carlonchocho,1,0,11,0.218709,0.231337,0
@carlos67360447,@carlos67360447,2,8,10,0.256972,0.28181,0.000196
@EarthquakeChil1,@EarthquakeChil1,6,8,11,0.212928,0.228088,0.000901
@carlos_am904,@carlos_am904,8,5,10,0.283544,0.322893,0.000776
@carlos_felo,@carlos_felo,1,139,10,0.245122,0.270518,0
@carlos_rondon,@carlos_rondon,1,109,12,0.186915,0.19554,0
@carlosa52189843,@carlosa52189843,3,8,10,0.260546,0.28706,0.00004
@carlosandrsmad5,@carlosandrsmad5,1,197,12,0.183659,0.191692,0
@carloscgrez,@carloscgrez,2,5,10,0.237611,0.253223,0.000083
@carlosdagnino,@carlosdagnino,5,8,10,0.269045,0.299191,0.000172
@carlose81302384,@carlose81302384,1,171,10,0.215619,0.226946,0
@carlosgod35,@carlosgod35,2,5,10,0.262843,0.291653,0.000071
@carlosgon_1234,@carlosgon_1234,2,139,12,0.189988,0.199247,0.000019
@ObservadBinario,@ObservadBinario,5,139,11,0.21341,0.227037,0.00073
@carlosivanarro1,@carlosivanarro1,1,0,11,0.199615,0.210476,0
@carloslorcauc,@carloslorcauc,1,5,12,0.202175,0.212868,0
@carlosmoranrios,@carlosmoranrios,1,5,12,0.208622,0.21976,0
@carlosmusulman,@carlosmusulman,1,8,10,0.25687,0.281537,0
@carlosolorza,@carlosolorza,1,157,11,0.246168,0.266,0
@carlosordenesf,@carlosordenesf,3,8,10,0.256946,0.281842,0.000421
@DamarisPatrocin,@DamarisPatrocin,1,8,11,0.204429,0.215862,0
@bobanderson77,@bobanderson77,3,8,11,0.214336,0.229379,0.000302
@carlosrrene,@carlosrrene,22,8,10,0.275987,0.312338,0.002102
@CARLOSRRENE,@CARLOSRRENE,2,8,11,0.2207,0.23775,0.000001
@Domii_Torello,@Domii_Torello,1,8,11,0.216302,0.232143,0
@Lars42698837,@Lars42698837,1,8,11,0.216302,0.232143,0
@gabrielfojo,@gabrielfojo,2,8,11,0.22247,0.240041,0.000001
@oliviat75366624,@oliviat75366624,1,8,11,0.216302,0.232143,0
@rosiebubu,@rosiebubu,2,8,11,0.232656,0.252065,0.000001
@carlossototobar,@carlossototobar,1,0,11,0.222413,0.235746,0
@carmengloriade6,@carmengloriade6,1,8,10,0.222365,0.234988,0
@carmengloriay,@carmengloriay,1,139,10,0.245122,0.270518,0
@carmenideval,@carmenideval,2,139,10,0.253518,0.281014,0.000045
@carmeninessand4,@carmeninessand4,2,53,1,1,1,0
@AngelaHuesca2,@AngelaHuesca2,1,53,2,0.666667,0.75,0
@Valver1Emi,@Valver1Emi,1,53,2,0.666667,0.75,0
@carmenza_,@carmenza_,2,157,11,0.247012,0.267638,0.000009
@carminablu,@carminablu,2,0,11,0.224628,0.238969,0.000117
@carminna68,@carminna68,3,8,10,0.263698,0.290109,0.000125
@caro_rojs,@caro_rojs,1,157,11,0.246168,0.266,0
@caro_vergara_a,@caro_vergara_a,1,0,11,0.224201,0.238157,0
@caroalfajor,@caroalfajor,2,157,11,0.247661,0.268518,0.000022
@caroefi80,@caroefi80,2,5,12,0.206965,0.218333,0.000039
@caroexpress,@caroexpress,2,0,11,0.218203,0.230729,0.00004
@carojimena,@carojimena,2,52,11,0.226857,0.242293,0.000463
@carokco,@carokco,1,157,11,0.246168,0.266,0
@carol_andrea_s,@carol_andrea_s,1,157,11,0.235883,0.248355,0
@carola_app,@carola_app,1,0,11,0.218709,0.231337,0
@carolacarrasc,@carolacarrasc,3,8,10,0.264209,0.293686,0.000095
@caroladurocher,@caroladurocher,1,52,11,0.188005,0.19759,0
@carolais7,@carolais7,1,157,11,0.22658,0.237162,0
@carolakast,@carolakast,1,54,1,1,1,0
@blacksnake1792,@blacksnake1792,1,54,1,1,1,0
@carolasasaa,@carolasasaa,2,8,10,0.261439,0.288002,0.00003
@carolatoledoov,@carolatoledoov,1,183,12,0.180584,0.188868,0
@carolina1421982,@carolina1421982,1,55,1,1,1,0
@sonarfm,@sonarfm,1,55,1,1,1,0
@carolina_4,@carolina_4,2,0,11,0.247212,0.267449,0.000192
@carolina_dani28,@carolina_dani28,1,139,12,0.176223,0.183992,0
@carolinaeme,@carolinaeme,2,171,10,0.238452,0.254566,0.000051
@carolinalara100,@carolinalara100,2,5,10,0.262843,0.291653,0.000071
@carolinalopez_c,@carolinalopez_c,1,157,11,0.229608,0.240715,0
@carolincanales,@carolincanales,1,8,12,0.218663,0.233363,0
@carolinsol,@carolinsol,4,193,10,0.264505,0.293122,0.000098
@carolitapg,@carolitapg,2,157,11,0.247661,0.268518,0.000022
@carolmm_2010,@carolmm_2010,1,157,11,0.220907,0.232079,0
@carolpg12,@carolpg12,15,8,10,0.270194,0.302099,0.000437
@caroog98,@caroog98,2,139,10,0.253518,0.281014,0.000045
@caropazbep,@caropazbep,1,0,11,0.222413,0.235746,0
@caropgr6,@caropgr6,9,0,11,0.249339,0.271058,0.005309
@HansCollin2,@HansCollin2,2,52,12,0.200658,0.211367,0.000043
@evelio_prieto,@evelio_prieto,2,0,12,0.199631,0.209836,0.000749
@masanpra,@masanpra,2,0,12,0.199692,0.210029,0.001948
@ponmeuntinto,@ponmeuntinto,1,0,12,0.199585,0.209611,0
@ssaraviaandre,@ssaraviaandre,3,0,12,0.203947,0.214621,0.000344
@carosiebertw,@carosiebertw,1,8,12,0.222565,0.235155,0
@carrascocueto,@carrascocueto,3,0,11,0.226175,0.243058,0.000171
@carrascopardo92,@carrascopardo92,3,157,11,0.249004,0.270748,0.000041
@carsolas,@carsolas,3,8,10,0.259595,0.286455,0.000047
@casanovamajos,@casanovamajos,1,157,11,0.246168,0.266,0
@casper_onx,@casper_onx,1,169,12,0.18437,0.193634,0
@castelarcoki,@castelarcoki,2,56,1,1,1,0
@JoseJulioNeira,@JoseJulioNeira,1,56,2,0.666667,0.75,0
@PaulOlsen1,@PaulOlsen1,1,56,2,0.666667,0.75,0
@castjai,@castjai,1,8,10,0.25687,0.281537,0
@castroabogado,@castroabogado,1,5,12,0.212171,0.226211,0
@cata_a_secas,@cata_a_secas,1,157,11,0.246168,0.266,0
@cata_galatea,@cata_galatea,1,157,11,0.246168,0.266,0
@catalan_park,@catalan_park,1,139,10,0.245122,0.270518,0
@catalina_valpo,@catalina_valpo,20,5,10,0.285416,0.321386,0.005256
@ChrischileXD,@ChrischileXD,4,5,11,0.228365,0.245405,0.000297
@MiDerechoEducar,@MiDerechoEducar,3,5,11,0.224511,0.2408,0.00031
@borismonsalve,@borismonsalve,1,5,11,0.222051,0.237492,0
@chpiensa,@chpiensa,2,8,11,0.223775,0.239539,0.000006
@catapue,@catapue,1,157,11,0.246168,0.266,0
@catberny,@catberny,1,8,10,0.236657,0.25105,0
@catherinearave4,@catherinearave4,1,0,11,0.222413,0.235746,0
@catherineplazco,@catherineplazco,2,0,11,0.249759,0.271476,0.000201
@cathsaez,@cathsaez,2,157,11,0.246637,0.26689,0.000108
@catibra,@catibra,26,8,10,0.272708,0.306616,0.004766
@AlbertoTheCreep,@AlbertoTheCreep,2,8,11,0.23808,0.258017,0.000003
@AnaYsabel59,@AnaYsabel59,2,8,11,0.253804,0.275129,0.000017
@Inconforme75,@Inconforme75,13,8,11,0.244648,0.266793,0.000091
@JuanMuncc,@JuanMuncc,8,8,11,0.260546,0.282953,0.000071
@catileo49,@catileo49,1,124,11,0.201664,0.21304,0
@catita_mora_u,@catita_mora_u,1,157,11,0.220907,0.232079,0
@catito_ss,@catito_ss,1,0,13,0.155023,0.15847,0
@Claudiotter,@Claudiotter,2,0,12,0.183458,0.189188,0.0003
@cattarcticsky,@cattarcticsky,1,124,11,0.201664,0.21304,0
@cauthatrading,@cauthatrading,2,8,12,0.21708,0.231182,0.000004
@cazuelasopia,@cazuelasopia,1,139,10,0.245122,0.270518,0
@cbecerrav,@cbecerrav,8,52,11,0.192812,0.20303,0.001881
@AHFCHILE,@AHFCHILE,1,52,12,0.16165,0.167306,0
@AHFLatamyCaribe,@AHFLatamyCaribe,1,52,12,0.16165,0.167306,0
@ahf_mexico,@ahf_mexico,1,52,12,0.16165,0.167306,0
@ahfinstitute,@ahfinstitute,1,52,12,0.16165,0.167306,0
@brasil_ahf,@brasil_ahf,1,52,12,0.16165,0.167306,0
@cburana_c,@cburana_c,4,5,10,0.263203,0.2894,0.000121
@cc2011urbe,@cc2011urbe,1,0,11,0.216365,0.228595,0
@ccesarretamal,@ccesarretamal,5,8,10,0.235529,0.251705,0.0012
@CCESARRETAMAL,@CCESARRETAMAL,1,8,11,0.190637,0.198652,0
@DiamandLiliana,@DiamandLiliana,1,8,11,0.190637,0.198652,0
@RolandoLovo,@RolandoLovo,1,8,11,0.190637,0.198652,0
@ludyrueda31,@ludyrueda31,1,8,11,0.190637,0.198652,0
@cconmemoria,@cconmemoria,2,0,11,0.225771,0.240361,0.000063
@ccontreras3194,@ccontreras3194,1,171,10,0.215619,0.226946,0
@ccornejoa,@ccornejoa,2,0,11,0.226629,0.240306,0.000017
@cdelacarrera,@cdelacarrera,1,5,12,0.216573,0.230214,0
@cdelpilar_,@cdelpilar_,2,157,11,0.246637,0.26689,0.000108
@cdia2az,@cdia2az,5,0,11,0.236119,0.254645,0.000649
@AntofagastaTV,@AntofagastaTV,5,52,11,0.222346,0.236383,0.000444
@drrobertnunez,@drrobertnunez,1,0,12,0.191023,0.199978,0
@cdjmata,@cdjmata,3,109,12,0.189357,0.199088,0.000074
@cdomenech77,@cdomenech77,1,135,3,0.5,0.566667,0
@ce3wyz,@ce3wyz,1,157,11,0.191722,0.201257,0
@ce_wag,@ce_wag,1,0,11,0.224201,0.238157,0
@ceakrisil,@ceakrisil,1,5,12,0.203371,0.21416,0
@1963rosita,@1963rosita,5,5,11,0.255277,0.276964,0.000324
@ceballoscarola,@ceballoscarola,1,57,1,1,1,0
@AP_Noticias,@AP_Noticias,1,57,1,1,1,0
@ceci1222,@ceci1222,5,5,10,0.258598,0.291974,0.000454
@cecian26,@cecian26,1,0,11,0.224201,0.238157,0
@cecicantos,@cecicantos,7,8,10,0.294789,0.332408,0.006092
@ceciferrsouza,@ceciferrsouza,1,139,10,0.245122,0.270518,0
@cecihormazabalm,@cecihormazabalm,1,0,11,0.224201,0.238157,0
@cecilia50835241,@cecilia50835241,1,5,12,0.212171,0.226211,0
@ceciliaaravena1,@ceciliaaravena1,9,8,10,0.254926,0.280176,0.000183
@ceciliaberrioss,@ceciliaberrioss,1,8,12,0.222565,0.235155,0
@ceciliana1655,@ceciliana1655,1,139,10,0.235786,0.250448,0
@ceciliaortegah1,@ceciliaortegah1,1,0,11,0.224201,0.238157,0
@ceciliauribej,@ceciliauribej,1,0,11,0.224201,0.238157,0
@cecitomate,@cecitomate,1,157,11,0.235883,0.248355,0
@cecsaga,@cecsaga,1,58,1,1,1,0
@pfizer,@pfizer,1,58,1,1,1,0
@cecy96977247,@cecy96977247,4,0,11,0.252028,0.276282,0.00046
@cecydelinares,@cecydelinares,1,0,11,0.217289,0.227714,0
@cecyfreire2107,@cecyfreire2107,7,8,10,0.267519,0.298168,0.00017
@cecymosaico,@cecymosaico,1,5,12,0.198766,0.208939,0
@cecyrojas,@cecyrojas,2,0,11,0.23628,0.251251,0.000064
@cegrez,@cegrez,2,0,11,0.22454,0.23899,0.000038
@celestethedom_,@celestethedom_,1,183,13,0.161013,0.167948,0
@celta_20033,@celta_20033,3,5,10,0.253841,0.28158,0.000384
@cenabast,@cenabast,1,52,11,0.186518,0.195811,0
@ceol24,@ceol24,3,157,11,0.247649,0.268608,0.000051
@justVcause,@justVcause,5,157,12,0.210075,0.225289,0.000008
@ceramicadolores,@ceramicadolores,2,5,12,0.195442,0.205822,0.0003
@CesarHabre,@CesarHabre,1,5,13,0.163494,0.169526,0
@cero_cl,@cero_cl,4,139,10,0.293456,0.329354,0.001799
@cesar37600563,@cesar37600563,1,139,10,0.245122,0.270518,0
@cesar95756105,@cesar95756105,1,8,10,0.235444,0.251191,0
@cesargarces,@cesargarces,2,5,10,0.254289,0.285,0.000099
@cesarmoss,@cesarmoss,4,157,11,0.250701,0.273339,0.00116
@Raquel_Marti_,@Raquel_Marti_,3,157,12,0.200487,0.211256,0.0006
@cesarraul2013,@cesarraul2013,1,8,12,0.222565,0.235155,0
@cessy_solar,@cessy_solar,1,5,12,0.225105,0.2441,0
@ceugenianeira,@ceugenianeira,16,8,10,0.287185,0.328619,0.002122
@BaltuanoCesar,@BaltuanoCesar,2,8,11,0.225536,0.243604,0.000001
@BrendaEtchegar1,@BrendaEtchegar1,1,8,11,0.223121,0.241031,0
@Yaneth4626,@Yaneth4626,1,8,11,0.223121,0.241031,0
@tulinssen,@tulinssen,3,8,11,0.225555,0.243732,0.000002
@cfelipe_g,@cfelipe_g,11,8,10,0.262484,0.291394,0.000449
@ChichadeManzana,@ChichadeManzana,4,8,11,0.2178,0.233364,0.000084
@NigliaMaria,@NigliaMaria,3,8,11,0.216212,0.231588,0.000001
@cgflora,@cgflora,1,157,11,0.246168,0.266,0
@cglodiaz,@cglodiaz,1,157,11,0.246168,0.266,0
@cgloriabb,@cgloriabb,3,5,10,0.2332,0.251883,0.000117
@cgorigoitia,@cgorigoitia,1,0,11,0.216365,0.228595,0
@cguh08,@cguh08,1,0,11,0.224201,0.238157,0
@chabelabenavent,@chabelabenavent,2,8,10,0.257686,0.283137,0.000018
@chacaldemedios,@chacaldemedios,1,0,11,0.222413,0.235746,0
@chagoac,@chagoac,4,157,11,0.249663,0.271975,0.000057
@chalobarto,@chalobarto,1,0,13,0.175235,0.183238,0
@chaloiqq,@chaloiqq,4,8,10,0.279782,0.317043,0.000688
@MrReyKing,@MrReyKing,3,8,11,0.224075,0.240662,0.000301
@chandiafer,@chandiafer,1,42,2,0.666667,0.75,0
@chanel_leciel,@chanel_leciel,3,8,10,0.260416,0.29101,0.000215
@chanolio,@chanolio,2,0,11,0.23105,0.248702,0.00009
@chapter_86,@chapter_86,2,91,4,0.320988,0.38141,0.000001
@Shade__2002,@Shade__2002,2,91,5,0.25,0.308333,0
@freusan,@freusan,7,91,3,0.448276,0.551282,0.000006
@charliealfab,@charliealfab,2,5,12,0.202704,0.213146,0.000006
@pfalconb,@pfalconb,5,5,11,0.241752,0.259399,0.000465
@sergiou01329861,@sergiou01329861,12,5,11,0.246766,0.26738,0.001222
@charliebio,@charliebio,2,109,12,0.2166,0.227879,0.000191
@chatbolsacl,@chatbolsacl,1,59,1,1,1,0
@Reuters,@Reuters,1,59,1,1,1,0
@chemebien,@chemebien,4,8,12,0.232136,0.25447,0.000325
@tasty4ever1,@tasty4ever1,1,8,13,0.188408,0.19945,0
@cherie_nic,@cherie_nic,1,8,10,0.229172,0.240727,0
@cheriivs,@cheriivs,1,139,10,0.245122,0.270518,0
@chewnanot,@chewnanot,3,124,11,0.246918,0.267121,0.000837
@chhiri_og,@chhiri_og,2,0,11,0.222852,0.236367,0.000143
@chicho_2000,@chicho_2000,1,0,11,0.218709,0.231337,0
@chichohipico,@chichohipico,6,139,10,0.270307,0.299996,0.001593
@G4bbyta,@G4bbyta,15,139,11,0.240754,0.262579,0.001478
@decofiestasyari,@decofiestasyari,1,139,11,0.212797,0.225971,0
@chile_7ma_econ,@chile_7ma_econ,4,0,11,0.197857,0.208067,0.0009
@Camii_K11,@Camii_K11,1,0,12,0.165181,0.170987,0
@contextoecuador,@contextoecuador,1,0,12,0.165181,0.170987,0
@rtnoticias_br,@rtnoticias_br,1,0,12,0.165181,0.170987,0
@chileanclique,@chileanclique,1,60,1,1,1,0
@pilotsnewsarg,@pilotsnewsarg,1,60,1,1,1,0
@chileanleech,@chileanleech,1,61,1,1,1,0
@alis_bluesky,@alis_bluesky,1,61,1,1,1,0
@chileanpatriot1,@chileanpatriot1,1,5,12,0.225105,0.2441,0
@chilecolombia69,@chilecolombia69,1,0,11,0.210253,0.222816,0
@chileconci3ncia,@chileconci3ncia,1,62,1,1,1,0
@DrFSalazar,@DrFSalazar,1,62,1,1,1,0
@chilecorruptos1,@chilecorruptos1,7,169,10,0.26295,0.291372,0.00029
@RealDrJaneRuby,@RealDrJaneRuby,2,169,11,0.208429,0.221489,0.000001
@chilemaslibre,@chilemaslibre,1,139,10,0.245122,0.270518,0
@chilemipuerto,@chilemipuerto,14,8,10,0.264209,0.29217,0.001867
@Humbert63942943,@Humbert63942943,1,8,11,0.209,0.221444,0
@NatyCornej73260,@NatyCornej73260,1,8,11,0.209,0.221444,0
@OrtzJenny,@OrtzJenny,1,8,11,0.209,0.221444,0
@balbi_oscar,@balbi_oscar,1,8,11,0.209,0.221444,0
@guillermo250610,@guillermo250610,2,8,11,0.237036,0.257069,0.000004
@kissling_nicole,@kissling_nicole,1,8,11,0.209,0.221444,0
@chilena9772,@chilena9772,2,157,11,0.247625,0.26848,0.000012
@chilenalibertar,@chilenalibertar,4,5,12,0.231773,0.254975,0.000345
@AndreaPeaceCL,@AndreaPeaceCL,1,5,13,0.188169,0.199556,0
@chilenamg76,@chilenamg76,1,8,10,0.222365,0.234988,0
@chilenocool,@chilenocool,6,8,10,0.262644,0.290417,0.00014
@chilerepublic3,@chilerepublic3,1,5,12,0.225105,0.2441,0
@chileseune,@chileseune,1,171,10,0.215619,0.226946,0
@chilesinmentira,@chilesinmentira,1,8,10,0.25687,0.281537,0
@chinitaville,@chinitaville,3,0,10,0.247165,0.263128,0.000502
@EurekaNews10,@EurekaNews10,1,0,11,0.198189,0.205837,0
@chinito30chile,@chinito30chile,3,5,12,0.211023,0.223068,0.000016
@chiquitita132,@chiquitita132,6,8,10,0.258753,0.285292,0.000354
@FLMIRONES,@FLMIRONES,9,8,11,0.260979,0.283781,0.000107
@patriotjudge,@patriotjudge,1,8,11,0.205571,0.217661,0
@chito_quillota,@chito_quillota,1,5,12,0.193618,0.203746,0
@chochewetzel,@chochewetzel,2,139,10,0.253518,0.281014,0.000045
@choconina3c273,@choconina3c273,4,157,11,0.249663,0.271975,0.000057
@chohazaw,@chohazaw,1,52,11,0.18593,0.196243,0
@choto_59,@choto_59,1,139,10,0.245122,0.270518,0
@chr1st1anphob1a,@chr1st1anphob1a,1,63,1,1,1,0
@DschlopesIsBack,@DschlopesIsBack,1,63,1,1,1,0
@christchacon,@christchacon,1,109,12,0.186915,0.19554,0
@christhecat25,@christhecat25,1,139,10,0.245122,0.270518,0
@christian1987_1,@christian1987_1,1,5,12,0.225105,0.2441,0
@chroblesfecci,@chroblesfecci,1,8,12,0.225939,0.237245,0
@chuckyhenriquez,@chuckyhenriquez,1,124,11,0.219989,0.231932,0
@chupayakun,@chupayakun,2,0,11,0.226937,0.242595,0.000078
@chvoyage,@chvoyage,7,169,12,0.18589,0.196642,0.000849
@AnwaltUlbrich,@AnwaltUlbrich,1,169,13,0.156756,0.162891,0
@RenzTom,@RenzTom,4,169,11,0.2111,0.22542,0.00045
@daniel_gugger,@daniel_gugger,3,169,13,0.164391,0.171852,0.00001
@maikpi70,@maikpi70,2,169,13,0.163181,0.170241,0.000004
@nightglow98,@nightglow98,1,169,13,0.156756,0.162891,0
@cielo_tronador,@cielo_tronador,3,5,10,0.259115,0.28524,0.000199
@cienciamateria,@cienciamateria,1,0,13,0.154958,0.159432,0
@metodologica_cl,@metodologica_cl,4,0,12,0.183367,0.191059,0.000643
@ciervotabaquero,@ciervotabaquero,6,8,10,0.257789,0.283583,0.000147
@aflorrick77,@aflorrick77,2,8,11,0.211367,0.224552,0.000001
@cifuentesanibal,@cifuentesanibal,1,8,10,0.236657,0.25105,0
@cilicio2008,@cilicio2008,1,215,11,0.215825,0.225695,0
@cimaloco,@cimaloco,1,0,11,0.204687,0.216464,0
@cinefilo_cl,@cinefilo_cl,1,157,12,0.204938,0.215984,0
@cinostemon,@cinostemon,1,0,11,0.224201,0.238157,0
@cirebego,@cirebego,1,139,10,0.245122,0.270518,0
@ciudadanamagaly,@ciudadanamagaly,2,139,10,0.260638,0.284596,0.000876
@ciudadanobot,@ciudadanobot,1,8,10,0.25687,0.281537,0
@cj_rg,@cj_rg,2,157,11,0.247625,0.26848,0.000012
@cjapino,@cjapino,5,0,10,0.263524,0.289527,0.001187
@cjburgos,@cjburgos,1,0,11,0.224201,0.238157,0
@ckd20704,@ckd20704,1,171,10,0.215619,0.226946,0
@cl_juank,@cl_juank,1,0,13,0.161529,0.166668,0
@clach_2000,@clach_2000,3,8,10,0.261545,0.288275,0.000304
@clachiroc,@clachiroc,2,157,11,0.239189,0.253585,0.000008
@claclaudilla,@claclaudilla,1,0,11,0.210253,0.222816,0
@clacocacc,@clacocacc,1,124,11,0.219989,0.231932,0
@claester,@claester,5,139,10,0.255114,0.286809,0.000746
@SaVanessCa,@SaVanessCa,1,139,11,0.203268,0.217799,0
@antiprogrecom,@antiprogrecom,1,139,11,0.203268,0.217799,0
@clanlir,@clanlir,10,139,11,0.254351,0.278188,0.003249
@ACOM_es,@ACOM_es,2,139,11,0.241854,0.261016,0.000012
@SimyBenarroch,@SimyBenarroch,2,139,12,0.202799,0.213803,0.0003
@clarkchile,@clarkchile,1,139,10,0.245122,0.270518,0
@clau__cute,@clau__cute,1,215,11,0.215825,0.225695,0
@clau_soycyborg,@clau_soycyborg,1,157,12,0.2147,0.224812,0
@clau_villagra,@clau_villagra,1,0,13,0.1558,0.160562,0
@_ceciliaD,@_ceciliaD,3,0,12,0.184548,0.192746,0.000303
@clau_zurda,@clau_zurda,6,157,11,0.256286,0.281466,0.001249
@BlanquitaMontt,@BlanquitaMontt,2,157,12,0.205587,0.218085,0.000001
@claucardenia,@claucardenia,2,0,11,0.247425,0.26798,0.000368
@claudia010101,@claudia010101,7,8,10,0.268613,0.301222,0.000534
@nromero_BEISBOL,@nromero_BEISBOL,1,8,11,0.211746,0.226308,0
@claudia_01577,@claudia_01577,1,157,11,0.204421,0.214188,0
@claudia_huertaf,@claudia_huertaf,1,139,10,0.245122,0.270518,0
@claudiadides,@claudiadides,1,8,12,0.230291,0.240859,0
@claudialoretos4,@claudialoretos4,1,157,11,0.235883,0.248355,0
@claudialyndon,@claudialyndon,1,52,12,0.181818,0.19068,0
@latercera,@latercera,13,52,11,0.222213,0.239529,0.003695
@claudiamunoza,@claudiamunoza,1,5,12,0.225105,0.2441,0
@claudiapaztriv1,@claudiapaztriv1,3,5,10,0.26287,0.291781,0.000372
@fondoazul,@fondoazul,1,5,11,0.208161,0.221252,0
@claudiatabiilo,@claudiatabiilo,1,0,11,0.217289,0.227714,0
@claudiaustral,@claudiaustral,1,0,13,0.143624,0.148025,0
@ernestorr,@ernestorr,5,0,12,0.167706,0.175017,0.000609
@claudiaxgr,@claudiaxgr,13,8,10,0.268058,0.298304,0.000803
@manhattan_2,@manhattan_2,12,8,11,0.239774,0.261505,0.000916
@claudio76000771,@claudio76000771,4,8,10,0.264451,0.293185,0.000121
@claudiocanalesz,@claudiocanalesz,2,8,10,0.257048,0.281954,0.000011
@claudiomarcelu,@claudiomarcelu,2,139,10,0.245238,0.270753,0.00004
@zurditabella261,@zurditabella261,3,139,11,0.227544,0.245258,0.000006
@claudiorios6,@claudiorios6,1,0,11,0.216365,0.228595,0
@claudiorojasala,@claudiorojasala,3,0,11,0.252851,0.276796,0.000438
@claudita777,@claudita777,1,64,2,0.666667,0.75,0
@OLECRAMSAJOR,@OLECRAMSAJOR,2,64,1,1,1,0
@claumar20092144,@claumar20092144,1,8,12,0.211513,0.222925,0
@claumasep,@claumasep,1,157,11,0.229608,0.240715,0
@clausce,@clausce,1,8,12,0.21824,0.231604,0
@clausche,@clausche,1,65,1,1,1,0
@alejabolivarian,@alejabolivarian,1,65,1,1,1,0
@clausotitoc,@clausotitoc,5,157,11,0.249687,0.272104,0.000179
@claustartmaker,@claustartmaker,1,8,10,0.25687,0.281537,0
@clavelina_r0ja,@clavelina_r0ja,1,124,11,0.219989,0.231932,0
@clavitodechuqui,@clavitodechuqui,1,5,12,0.216573,0.230214,0
@cleivamoris,@cleivamoris,2,157,11,0.247625,0.26848,0.000012
@cleonett12,@cleonett12,2,109,12,0.16854,0.173478,0.000064
@cleovar,@cleovar,4,8,10,0.245168,0.264544,0.000134
@nataly_878,@nataly_878,3,8,10,0.241944,0.259707,0.000012
@clg_galdames,@clg_galdames,1,0,11,0.199615,0.210476,0
@clheba,@clheba,1,8,10,0.25687,0.281537,0
@clhpinochet,@clhpinochet,2,139,10,0.253518,0.281014,0.000045
@clidergaleas,@clidergaleas,2,5,12,0.225144,0.244276,0.0006
@alonsoMant1,@alonsoMant1,2,5,13,0.183789,0.193626,0.0003
@clinton78,@clinton78,2,0,11,0.224511,0.238831,0.000026
@cllocuciones,@cllocuciones,1,8,12,0.230547,0.243628,0
@clmoya,@clmoya,1,157,11,0.246168,0.266,0
@clr_reggae,@clr_reggae,2,8,10,0.235219,0.249354,0.000007
@clubguaucl,@clubguaucl,2,157,11,0.247827,0.268862,0
@clublider,@clublider,1,66,1,1,1,0
@diarioelnortino,@diarioelnortino,1,66,1,1,1,0
@clvergarareyes,@clvergarareyes,1,8,10,0.236657,0.25105,0
@cmanasevich1,@cmanasevich1,1,8,10,0.25687,0.281537,0
@cmerituatona,@cmerituatona,2,5,12,0.202395,0.213481,0.000016
@cmez97,@cmez97,1,124,11,0.201664,0.21304,0
@cmgw2010,@cmgw2010,3,52,11,0.223901,0.238987,0.000384
@cmiamcl,@cmiamcl,2,0,13,0.158123,0.163423,0.0006
@telodamus,@telodamus,2,0,14,0.136544,0.140013,0.0003
@cmmc116,@cmmc116,2,5,10,0.262843,0.291653,0.000071
@cmonts_,@cmonts_,1,8,14,0.155922,0.159756,0
@cna_putre,@cna_putre,1,0,11,0.216365,0.228595,0
@cnavarretey,@cnavarretey,1,5,12,0.172187,0.179468,0
@Makitabecker,@Makitabecker,5,5,11,0.207994,0.221493,0.0012
@cneirar,@cneirar,1,0,11,0.216365,0.228595,0
@cneryda,@cneryda,21,8,10,0.2736,0.307311,0.002114
@HopeRising19,@HopeRising19,1,8,11,0.214833,0.229549,0
@JohanaC51157127,@JohanaC51157127,1,8,11,0.214833,0.229549,0
@jorgeluisaliaga,@jorgeluisaliaga,1,8,11,0.214833,0.229549,0
@santamariale,@santamariale,1,8,11,0.214833,0.229549,0
@zippogtoqro,@zippogtoqro,1,8,11,0.214833,0.229549,0
@cnorland87,@cnorland87,2,139,10,0.253518,0.281014,0.000045
@cobremax1,@cobremax1,1,157,11,0.246168,0.266,0
@cocad10s,@cocad10s,1,67,15,0.118567,0.121203,0
@Budin_chigurh,@Budin_chigurh,11,67,14,0.134512,0.138976,0.004197
@cococolol,@cococolol,1,139,10,0.245122,0.270518,0
@coka_lucero,@coka_lucero,4,157,11,0.24842,0.270028,0.000077
@coke92,@coke92,1,68,2,0.666667,0.75,0
@rectaprovincia,@rectaprovincia,2,68,1,1,1,0
@cokehazbun,@cokehazbun,2,5,10,0.248052,0.275719,0.000059
@cokemeza,@cokemeza,1,0,11,0.224201,0.238157,0
@colarterodrigo,@colarterodrigo,1,5,11,0.204204,0.213865,0
@colmedatacama,@colmedatacama,1,52,12,0.17686,0.183178,0
@colmena_riquelm,@colmena_riquelm,1,139,10,0.245122,0.270518,0
@colocrodriguez,@colocrodriguez,1,183,13,0.161013,0.167948,0
@colomba10,@colomba10,1,124,11,0.201664,0.21304,0
@comecomunistas,@comecomunistas,2,171,12,0.195582,0.206233,0.000001
@cometfran55832,@cometfran55832,1,139,12,0.185923,0.195491,0
@Vadodecaza1,@Vadodecaza1,3,139,11,0.228375,0.246661,0.000301
@cominoantofa,@cominoantofa,1,0,11,0.210253,0.222816,0
@comiteelpolo,@comiteelpolo,1,52,11,0.18593,0.196243,0
@comocopywriter,@comocopywriter,1,0,11,0.222413,0.235746,0
@compadrenanito,@compadrenanito,1,157,11,0.246168,0.266,0
@comunolla,@comunolla,1,157,12,0.19621,0.205935,0
@comuy56,@comuy56,1,157,11,0.246168,0.266,0
@conceterno,@conceterno,1,8,12,0.21824,0.231604,0
@conde_____,@conde_____,1,5,12,0.212171,0.226211,0
@condorblac,@condorblac,1,139,10,0.245122,0.270518,0
@coni_suarez1,@coni_suarez1,1,124,11,0.219989,0.231932,0
@coniseeds,@coniseeds,1,8,10,0.25687,0.281537,0
@conito_hyyh,@conito_hyyh,2,157,11,0.247625,0.26848,0.000012
@conivaldivia,@conivaldivia,1,8,12,0.209464,0.221845,0
@conjuntivisi,@conjuntivisi,1,0,11,0.224201,0.238157,0
@conny63844702,@conny63844702,5,8,10,0.261994,0.29022,0.000065
@constantinogue,@constantinogue,1,157,12,0.182792,0.191127,0
@constanza_bcn3,@constanza_bcn3,1,0,13,0.154102,0.158489,0
@consue_m,@consue_m,1,157,11,0.229608,0.240715,0
@consuel49415874,@consuel49415874,3,5,10,0.257814,0.286813,0.00013
@consusonrisitas,@consusonrisitas,1,157,11,0.246168,0.266,0
@controlvalpo,@controlvalpo,1,52,12,0.157475,0.16314,0
@SaludSsrv,@SaludSsrv,4,52,11,0.186901,0.196897,0.000636
@cony_fuenzalida,@cony_fuenzalida,2,109,10,0.221994,0.234937,0.000042
@cooterchileno,@cooterchileno,1,139,10,0.245122,0.270518,0
@cooyanedel,@cooyanedel,1,139,10,0.245122,0.270518,0
@copayapu46,@copayapu46,1,0,11,0.210253,0.222816,0
@copiagus,@copiagus,1,0,11,0.222413,0.235746,0
@copihua85,@copihua85,10,52,10,0.272107,0.302447,0.012008
@coquimbana2014,@coquimbana2014,2,8,10,0.275928,0.311492,0.000199
@coquita85,@coquita85,1,0,11,0.217289,0.227714,0
@corazondelana26,@corazondelana26,1,124,11,0.201664,0.21304,0
@cornejovalle,@cornejovalle,2,0,11,0.222432,0.235874,0.0003
@TitiVS,@TitiVS,1,0,12,0.181965,0.188988,0
@cosaco_ch,@cosaco_ch,1,5,12,0.194394,0.204435,0
@cosacodeldon,@cosacodeldon,2,139,10,0.253518,0.281014,0.000045
@coteaxis,@coteaxis,1,69,2,0.571429,0.625,0
@rockaxisoficial,@rockaxisoficial,4,69,1,1,1,0
@couplemcyy,@couplemcyy,1,5,12,0.172187,0.179468,0
@coyote1800,@coyote1800,3,5,12,0.231752,0.254847,0.000045
@cpereiraa84,@cpereiraa84,1,5,12,0.225105,0.2441,0
@crazyjandi,@crazyjandi,1,8,12,0.221596,0.236054,0
@crc_gonzalez,@crc_gonzalez,3,8,10,0.262524,0.289945,0.000046
@creadorcuantico,@creadorcuantico,1,8,10,0.235444,0.251191,0
@crebolledohern,@crebolledohern,27,8,10,0.302243,0.346927,0.004558
@ArmadasColombia,@ArmadasColombia,1,8,11,0.232105,0.250899,0
@bullboss63,@bullboss63,2,8,11,0.232146,0.251076,0.000005
@rosapantin1301,@rosapantin1301,1,8,11,0.232105,0.250899,0
@criacan,@criacan,7,5,10,0.269745,0.303052,0.00045
@cris_us,@cris_us,1,139,10,0.235786,0.250448,0
@crisa_ba,@crisa_ba,1,139,12,0.209464,0.221646,0
@crisep94ster,@crisep94ster,1,8,10,0.25687,0.281537,0
@crisfa_32,@crisfa_32,1,215,11,0.215825,0.225695,0
@crisolsim,@crisolsim,1,0,11,0.216365,0.228595,0
@crispain,@crispain,1,169,12,0.192405,0.202633,0
@crispaltri,@crispaltri,2,212,3,0.5,0.633333,0
@dariodangelo91,@dariodangelo91,2,212,2,0.625,0.7,0
@jacopo_iacoboni,@jacopo_iacoboni,1,212,4,0.357143,0.466667,0
@crisruiztagle,@crisruiztagle,2,5,10,0.248052,0.275719,0.000059
@crisspeo,@crisspeo,1,70,1,1,1,0
@Mauro_Yagan,@Mauro_Yagan,1,70,1,1,1,0
@cristhiandlt,@cristhiandlt,1,71,1,1,1,0
@OxlerCeo,@OxlerCeo,1,71,1,1,1,0
@cristhrestrepo,@cristhrestrepo,1,139,10,0.245122,0.270518,0
@cristia02811951,@cristia02811951,1,139,10,0.245122,0.270518,0
@cristia08585061,@cristia08585061,1,0,11,0.185817,0.194718,0
@cristia41626668,@cristia41626668,1,5,12,0.198766,0.208939,0
@cristian020821,@cristian020821,1,8,12,0.210749,0.222493,0
@cristian16230,@cristian16230,3,52,11,0.202973,0.213282,0.000252
@Oruga__Gritona,@Oruga__Gritona,2,52,12,0.177537,0.183236,0.000018
@cristian_23rh,@cristian_23rh,1,215,11,0.215825,0.225695,0
@cristian_avf,@cristian_avf,2,0,11,0.224511,0.238831,0.000026
@cristian_igor,@cristian_igor,1,0,11,0.222413,0.235746,0
@cristian_miquel,@cristian_miquel,1,52,11,0.188005,0.19759,0
@cristianabarcaa,@cristianabarcaa,7,139,10,0.264303,0.298071,0.000771
@cristianant74,@cristianant74,1,5,12,0.183076,0.192202,0
@mmullor2016,@mmullor2016,5,5,11,0.224094,0.241544,0.000905
@cristiancerda_t,@cristiancerda_t,1,5,11,0.204204,0.213865,0
@cristianjcs02,@cristianjcs02,1,72,2,0.666667,0.75,0
@codiguillos,@codiguillos,2,72,1,1,1,0
@cristianklinge2,@cristianklinge2,2,139,10,0.253518,0.281014,0.000045
@cristianromeroo,@cristianromeroo,1,0,11,0.216365,0.228595,0
@cristianvpo,@cristianvpo,1,193,12,0.207636,0.218375,0
@cristibruna2016,@cristibruna2016,8,8,10,0.303854,0.345861,0.005615
@marisahp49,@marisahp49,1,8,11,0.233053,0.250855,0
@cristin33004449,@cristin33004449,1,5,12,0.216573,0.230214,0
@cristinameryr,@cristinameryr,2,0,11,0.253729,0.276525,0.000373
@cristobalferry,@cristobalferry,1,8,10,0.229172,0.240727,0
@cristoballoai1,@cristoballoai1,1,169,12,0.192405,0.202633,0
@cristy_1977,@cristy_1977,1,157,11,0.246168,0.266,0
@crisvergara__,@crisvergara__,1,8,10,0.25687,0.281537,0
@criwet7,@criwet7,1,73,2,0.666667,0.75,0
@GabrielChocron,@GabrielChocron,2,73,1,1,1,0
@croscapumpa,@croscapumpa,3,8,10,0.267657,0.29414,0.00101
@cross77756026,@cross77756026,1,139,10,0.245122,0.270518,0
@crossaredline_,@crossaredline_,1,0,11,0.204687,0.216464,0
@crossfit_alma,@crossfit_alma,5,169,10,0.257226,0.282443,0.001644
@Penetrater,@Penetrater,1,169,11,0.204606,0.216151,0
@ShaunRickard67,@ShaunRickard67,4,169,11,0.205319,0.21743,0.000606
@crostianouc,@crostianouc,1,139,10,0.235786,0.250448,0
@crucypaz1,@crucypaz1,1,157,11,0.246168,0.266,0
@cruxmadma,@cruxmadma,5,5,10,0.281865,0.32075,0.000575
@cruz_demayo3399,@cruz_demayo3399,3,5,10,0.252494,0.280285,0.000209
@cruzatehijos,@cruzatehijos,1,8,12,0.218663,0.233363,0
@cschildz,@cschildz,1,0,11,0.200062,0.21002,0
@csimpson101,@csimpson101,1,139,10,0.245122,0.270518,0
@csr03121970,@csr03121970,1,139,10,0.245122,0.270518,0
@csvchile,@csvchile,1,157,11,0.22658,0.237162,0
@cteruca,@cteruca,1,157,11,0.246168,0.266,0
@cualidadelas,@cualidadelas,3,5,10,0.260363,0.287337,0.000081
@cuarzogq,@cuarzogq,1,139,10,0.245122,0.270518,0
@cubaecre,@cubaecre,4,74,1,1,1,0
@EmbaCubaHolanda,@EmbaCubaHolanda,1,74,2,0.571429,0.625,0
@MirtaGranda,@MirtaGranda,1,74,2,0.571429,0.625,0
@cubainformacion,@cubainformacion,1,74,2,0.571429,0.625,0
@pnarcisojulio,@pnarcisojulio,1,74,2,0.571429,0.625,0
@cuevaspato,@cuevaspato,1,0,11,0.222413,0.235746,0
@cultcuba_raices,@cultcuba_raices,1,75,1,1,1,0
@CastroVerrier,@CastroVerrier,1,75,1,1,1,0
@cuncunga1,@cuncunga1,1,0,11,0.218709,0.231337,0
@cupidorosado,@cupidorosado,1,0,11,0.218709,0.231337,0
@curacionavanza1,@curacionavanza1,11,0,11,0.245261,0.269041,0.004479
@cva_lenzuela,@cva_lenzuela,1,52,11,0.18593,0.196243,0
@cwfigueroac,@cwfigueroac,4,0,10,0.267464,0.293249,0.004245
@cxymox,@cxymox,1,8,10,0.25687,0.281537,0
@cyberfullfran,@cyberfullfran,2,139,12,0.229629,0.243024,0.000014
@cyborgpatriota,@cyborgpatriota,2,76,1,1,1,0
@mRNAdeaths,@mRNAdeaths,1,76,2,0.666667,0.75,0
@nataliegwinters,@nataliegwinters,1,76,2,0.666667,0.75,0
@cycaceres95,@cycaceres95,1,124,11,0.219989,0.231932,0
@cyncyncyyn,@cyncyncyyn,3,157,11,0.249243,0.27121,0.00003
@cynthiamenavid1,@cynthiamenavid1,1,8,10,0.25687,0.281537,0
@cynthiarossw1,@cynthiarossw1,1,8,10,0.25687,0.281537,0
@cyntiabi21,@cyntiabi21,1,157,11,0.246168,0.266,0
@czibyll,@czibyll,1,157,11,0.22658,0.237162,0
@d13jessy,@d13jessy,8,8,10,0.274033,0.307687,0.000513
@da_nesp,@da_nesp,1,77,2,0.538462,0.571429,0
@peroquehombres,@peroquehombres,7,77,1,1,1,0.000001
@dabbock,@dabbock,1,139,10,0.245122,0.270518,0
@dactirurirura,@dactirurirura,2,124,11,0.234443,0.250179,0.000243
@dagmargamper,@dagmargamper,3,0,11,0.233106,0.250796,0.000472
@daikirynaty,@daikirynaty,2,157,11,0.247827,0.268862,0
@daisy_swans,@daisy_swans,1,157,11,0.246168,0.266,0
@dalastondalist,@dalastondalist,1,8,10,0.25687,0.281537,0
@daleconfuria,@daleconfuria,2,8,10,0.258444,0.284086,0.000018
@daledeco11,@daledeco11,1,0,11,0.224201,0.238157,0
@dalimarshall,@dalimarshall,1,8,10,0.229172,0.240727,0
@dama_tarot,@dama_tarot,2,8,10,0.259374,0.285813,0.000013
@damadelsauco,@damadelsauco,1,0,11,0.224201,0.238157,0
@damarisriquelm1,@damarisriquelm1,3,157,11,0.248575,0.270298,0.000012
@damianruaj,@damianruaj,3,8,10,0.230865,0.246408,0.00001
@dan3lis,@dan3lis,1,139,12,0.175882,0.183133,0
@dan_sniper84,@dan_sniper84,2,8,10,0.238014,0.255787,0.000007
@dandanii19,@dandanii19,1,157,11,0.246168,0.266,0
@dane_bs,@dane_bs,1,124,11,0.219989,0.231932,0
@dangubbly,@dangubbly,1,139,10,0.245122,0.270518,0
@dani3803069,@dani3803069,3,8,10,0.260612,0.285649,0.000039
@dani_mendoza21,@dani_mendoza21,1,5,12,0.173135,0.180365,0
@daniaprueba,@daniaprueba,2,124,11,0.248444,0.269457,0.000266
@daniel_liza_el,@daniel_liza_el,2,8,10,0.256946,0.281762,0.000004
@daniel_luckers,@daniel_luckers,8,139,10,0.290108,0.330473,0.001152
@danielab_16,@danielab_16,1,139,10,0.245122,0.270518,0
@danielaccontre1,@danielaccontre1,1,8,10,0.25687,0.281537,0
@danielanomass,@danielanomass,1,124,11,0.219989,0.231932,0
@danielaolmosfe1,@danielaolmosfe1,5,109,10,0.241797,0.254619,0.002331
@quelibroleo,@quelibroleo,1,109,11,0.194723,0.200985,0
@danielisdam,@danielisdam,1,78,1,1,1,0
@Monicasalazar_h,@Monicasalazar_h,1,78,1,1,1,0
@danielnoriega,@danielnoriega,2,0,10,0.25539,0.281488,0.001165
@danielnufa,@danielnufa,1,0,11,0.218709,0.231337,0
@danielorozcoxd1,@danielorozcoxd1,4,91,4,0.472727,0.538462,0.000005
@paint_kurenai,@paint_kurenai,3,91,5,0.342105,0.409615,0.000003
@riderlimited,@riderlimited,2,91,4,0.371429,0.413462,0
@danielscryptos,@danielscryptos,2,8,10,0.238189,0.253935,0.000004
@danielsotoc,@danielsotoc,9,8,10,0.26582,0.295424,0.000242
@danielv86327846,@danielv86327846,14,5,10,0.276679,0.313405,0.002195
@DerFekka,@DerFekka,1,5,11,0.216727,0.232795,0
@moqueco24,@moqueco24,1,5,11,0.216727,0.232795,0
@danii11ibanez,@danii11ibanez,1,79,2,0.666667,0.75,0
@GabrielFutbool,@GabrielFutbool,2,79,1,1,1,0
@daniitota,@daniitota,1,80,1,1,1,0
@FITrebelde,@FITrebelde,1,80,1,1,1,0
@daniloko1986,@daniloko1986,2,109,12,0.176469,0.183542,0.0003
@FT,@FT,1,109,13,0.150003,0.154209,0
@danipaz_86,@danipaz_86,1,52,12,0.17686,0.183178,0
@daniselame,@daniselame,1,5,12,0.225105,0.2441,0
@daniunadiosa,@daniunadiosa,1,157,11,0.246168,0.266,0
@danjohnspa,@danjohnspa,1,8,10,0.25687,0.281537,0
@danko62,@danko62,1,8,10,0.25687,0.281537,0
@danny_xf,@danny_xf,1,0,11,0.204687,0.216464,0
@dannydiazmuoz4,@dannydiazmuoz4,1,139,10,0.245122,0.270518,0
@dannytralca,@dannytralca,1,139,10,0.245122,0.270518,0
@danokar,@danokar,2,8,10,0.257175,0.282195,0.00001
@daphnelack,@daphnelack,4,5,10,0.265452,0.292666,0.00188
@dariamarianetti,@dariamarianetti,4,157,11,0.249663,0.271975,0.000057
@dario66624373,@dario66624373,1,5,12,0.225105,0.2441,0
@darioriosg,@darioriosg,1,52,11,0.18593,0.196243,0
@dark_araragi,@dark_araragi,1,91,5,0.356164,0.408333,0
@dark_nadie,@dark_nadie,1,8,10,0.25687,0.281537,0
@darkspiderau315,@darkspiderau315,1,139,10,0.245122,0.270518,0
@darochlepe,@darochlepe,3,109,10,0.248825,0.274001,0.000549
@daryparedes,@daryparedes,1,0,11,0.224201,0.238157,0
@datosensantiago,@datosensantiago,1,157,11,0.246168,0.266,0
@davhomm,@davhomm,4,52,10,0.247566,0.264703,0.001148
@david_carrales,@david_carrales,1,81,2,0.571429,0.625,0
@GuacamayanLeaks,@GuacamayanLeaks,4,81,1,1,1,0
@davidgomez0974,@davidgomez0974,1,8,10,0.25687,0.281537,0
@davidgsp7,@davidgsp7,1,5,12,0.225105,0.2441,0
@davidre85397289,@davidre85397289,2,215,11,0.247083,0.266766,0.000041
@ElOjoEn,@ElOjoEn,5,215,11,0.227694,0.244547,0.00022
@davidrexix,@davidrexix,1,82,1,1,1,0
@jrestrp,@jrestrp,1,82,1,1,1,0
@davlomu,@davlomu,1,0,11,0.210253,0.222816,0
@day_zuu,@day_zuu,1,139,10,0.245122,0.270518,0
@dcolorruth,@dcolorruth,122,8,10,0.335902,0.390289,0.046273
@0066Matahari,@0066Matahari,1,8,11,0.251454,0.272623,0
@6Mca_m7i,@6Mca_m7i,1,8,11,0.251454,0.272623,0
@BaddestWitch7,@BaddestWitch7,1,8,11,0.251454,0.272623,0
@BelenAguilarx,@BelenAguilarx,1,8,11,0.251454,0.272623,0
@BelmarkMara,@BelmarkMara,1,8,11,0.251454,0.272623,0
@Boyhiey,@Boyhiey,1,8,11,0.251454,0.272623,0
@Brucefly4,@Brucefly4,2,8,11,0.251478,0.272751,0.000003
@CesarKciqxe,@CesarKciqxe,1,8,11,0.251454,0.272623,0
@ChiChilePatriot,@ChiChilePatriot,1,8,11,0.251454,0.272623,0
@Cristian020821,@Cristian020821,3,5,11,0.252679,0.27428,0.000613
@D13Jessy,@D13Jessy,2,8,11,0.252347,0.273792,0.000025
@Davidg536598932,@Davidg536598932,1,8,11,0.251454,0.272623,0
@DayanaraSitu,@DayanaraSitu,1,8,11,0.251454,0.272623,0
@Despertad6,@Despertad6,1,8,11,0.251454,0.272623,0
@Don_gatto_alejo,@Don_gatto_alejo,1,8,11,0.251454,0.272623,0
@Eduard_Casas_B,@Eduard_Casas_B,1,8,11,0.251454,0.272623,0
@El__Kanalla__,@El__Kanalla__,2,8,11,0.251478,0.272751,0.000038
@ElaDines1,@ElaDines1,1,8,11,0.251454,0.272623,0
@ElbaPerez793638,@ElbaPerez793638,1,8,11,0.251454,0.272623,0
@EmiMussin,@EmiMussin,1,8,11,0.251454,0.272623,0
@Enheduanna19,@Enheduanna19,2,5,11,0.253432,0.274852,0.000003
@EvadeIncognito,@EvadeIncognito,1,8,11,0.251454,0.272623,0
@Fabian7Col,@Fabian7Col,1,8,11,0.251454,0.272623,0
@FachanL47320,@FachanL47320,1,8,11,0.251454,0.272623,0
@FrancoiseClemen,@FrancoiseClemen,1,8,11,0.251454,0.272623,0
@FrankVOXMadrid,@FrankVOXMadrid,1,8,11,0.251454,0.272623,0
@GaryOm2627,@GaryOm2627,1,8,11,0.251454,0.272623,0
@HermansEguiluz,@HermansEguiluz,1,8,11,0.251454,0.272623,0
@IsaRo3012,@IsaRo3012,15,5,11,0.259167,0.282171,0.002412
@Javirozen,@Javirozen,1,8,11,0.251454,0.272623,0
@Jeann_Esco,@Jeann_Esco,4,8,11,0.252298,0.273949,0.000195
@Jessicasan29323,@Jessicasan29323,1,8,11,0.251454,0.272623,0
@JuanAndresEche1,@JuanAndresEche1,1,8,11,0.251454,0.272623,0
@LUISJORGEVILAP1,@LUISJORGEVILAP1,1,8,11,0.251454,0.272623,0
@LangostaReborn,@LangostaReborn,1,8,11,0.251454,0.272623,0
@LlonaVenegas,@LlonaVenegas,2,8,11,0.254052,0.275438,0.000011
@MaraDel58676595,@MaraDel58676595,1,8,11,0.251454,0.272623,0
@Mari1Serrano,@Mari1Serrano,1,8,11,0.251454,0.272623,0
@MariaEu72795249,@MariaEu72795249,3,8,11,0.257035,0.278706,0.000019
@Miguel13Marquez,@Miguel13Marquez,4,8,11,0.254351,0.276215,0.000019
@NoNWO_2030,@NoNWO_2030,1,8,11,0.251454,0.272623,0
@Renato13379597,@Renato13379597,1,8,11,0.251454,0.272623,0
@Roberto_Paiz142,@Roberto_Paiz142,1,8,11,0.251454,0.272623,0
@Rodrigourzuab,@Rodrigourzuab,1,8,11,0.251454,0.272623,0
@Rosa68386313,@Rosa68386313,1,8,11,0.251454,0.272623,0
@Sento_Soldurio,@Sento_Soldurio,1,8,11,0.251454,0.272623,0
@Vane_E79,@Vane_E79,1,8,11,0.251454,0.272623,0
@Xavier83907754,@Xavier83907754,1,8,11,0.251454,0.272623,0
@YonelyVelazco,@YonelyVelazco,1,8,11,0.251454,0.272623,0
@agcriptocoach,@agcriptocoach,1,8,11,0.251454,0.272623,0
@arrpak,@arrpak,1,8,11,0.251454,0.272623,0
@axelisai145,@axelisai145,1,8,11,0.251454,0.272623,0
@blythe_club,@blythe_club,1,8,11,0.251454,0.272623,0
@cprieto1970,@cprieto1970,1,8,11,0.251454,0.272623,0
@donvito0891,@donvito0891,1,8,11,0.251454,0.272623,0
@elvisisalive2,@elvisisalive2,1,8,11,0.251454,0.272623,0
@fromestano,@fromestano,1,8,11,0.251454,0.272623,0
@helychac,@helychac,1,8,11,0.251454,0.272623,0
@incorruptible09,@incorruptible09,1,8,11,0.251454,0.272623,0
@joselerena1899,@joselerena1899,1,8,11,0.251454,0.272623,0
@juanbenitez27,@juanbenitez27,1,8,11,0.251454,0.272623,0
@karimanesr,@karimanesr,5,8,11,0.269492,0.29028,0.000345
@kattmiel,@kattmiel,5,193,10,0.29133,0.319258,0.000234
@magneritcs,@magneritcs,1,8,11,0.251454,0.272623,0
@magni2021,@magni2021,8,5,10,0.293854,0.322951,0.001316
@maytevillares,@maytevillares,1,8,11,0.251454,0.272623,0
@merchava,@merchava,1,8,11,0.251454,0.272623,0
@mr_connor_uru,@mr_connor_uru,1,8,11,0.251454,0.272623,0
@neilawa,@neilawa,1,8,11,0.251454,0.272623,0
@nellylizamasald,@nellylizamasald,14,8,10,0.301961,0.332531,0.005772
@olzanog,@olzanog,1,8,11,0.251454,0.272623,0
@oscarpepecastro,@oscarpepecastro,1,8,11,0.251454,0.272623,0
@patogarciasoto,@patogarciasoto,1,8,11,0.251454,0.272623,0
@poetatotal,@poetatotal,1,8,11,0.251454,0.272623,0
@rubendariopino8,@rubendariopino8,1,8,11,0.251454,0.272623,0
@senorprimofacha,@senorprimofacha,1,8,11,0.251454,0.272623,0
@stresp1,@stresp1,1,8,11,0.251454,0.272623,0
@underalquitran,@underalquitran,1,8,11,0.251454,0.272623,0
@velasco_reguera,@velasco_reguera,1,8,11,0.251454,0.272623,0
@vmunitai,@vmunitai,1,8,11,0.251454,0.272623,0
@yerkoparra29,@yerkoparra29,4,8,10,0.289267,0.316343,0.000116
@dcuellarr82,@dcuellarr82,1,83,1,1,1,0
@gldubernard,@gldubernard,1,83,1,1,1,0
@deantofagasta1,@deantofagasta1,1,157,11,0.246168,0.266,0
@dearely,@dearely,15,5,10,0.297477,0.339422,0.003951
@debby_1980,@debby_1980,1,139,12,0.200471,0.210834,0
@dector72,@dector72,4,84,1,1,1,0
@Forbes_Mexico,@Forbes_Mexico,1,84,2,0.571429,0.625,0
@GN_MEXICO_,@GN_MEXICO_,1,84,2,0.571429,0.625,0
@Gob_Puebla,@Gob_Puebla,1,84,2,0.571429,0.625,0
@SSaludCdMx,@SSaludCdMx,1,84,2,0.571429,0.625,0
@defendercosta,@defendercosta,1,85,1,1,1,0
@RedpillDrifter,@RedpillDrifter,1,85,1,1,1,0
@defensachilena,@defensachilena,4,8,12,0.233652,0.25696,0.000326
@sara_veslaco25,@sara_veslaco25,1,8,13,0.189405,0.200857,0
@defreitascamila,@defreitascamila,1,157,11,0.246168,0.266,0
@deivisyair,@deivisyair,1,139,10,0.245122,0.270518,0
@dejafluir,@dejafluir,1,124,11,0.219989,0.231932,0
@dejendeprohibir,@dejendeprohibir,2,157,11,0.247625,0.26848,0.000012
@delacruz_ismael,@delacruz_ismael,1,86,1,1,1,0
@A3Noticias,@A3Noticias,1,86,1,1,1,0
@delendaestroma,@delendaestroma,2,87,1,1,1,0
@Blogscritor,@Blogscritor,1,87,2,0.666667,0.75,0
@miquel_seguro,@miquel_seguro,1,87,2,0.666667,0.75,0
@deliaconectada,@deliaconectada,1,0,13,0.176277,0.184481,0
@demetabolismo,@demetabolismo,1,20,3,0.5,0.583333,0
@democracia_re,@democracia_re,1,88,2,0.666667,0.75,0
@FinanzasArgy,@FinanzasArgy,2,88,1,1,1,0
@demonialization,@demonialization,1,0,11,0.224201,0.238157,0
@demusicoapintor,@demusicoapintor,1,157,11,0.246168,0.266,0
@deneoliberal,@deneoliberal,1,5,12,0.204445,0.215597,0
@deniii23,@deniii23,1,139,10,0.245122,0.270518,0
@deniiiitu,@deniiiitu,1,157,11,0.246168,0.266,0
@dennizze33,@dennizze33,1,89,1,1,1,0
@rovinzon,@rovinzon,1,89,1,1,1,0
@dentistologo,@dentistologo,1,0,11,0.224201,0.238157,0
@deny_9,@deny_9,3,157,11,0.247898,0.269087,0.000028
@depiola,@depiola,1,139,10,0.235786,0.250448,0
@derecharasca,@derecharasca,5,8,10,0.261875,0.290064,0.000109
@derechoaltiempo,@derechoaltiempo,2,0,11,0.224259,0.238381,0.000264
@deruizz,@deruizz,1,0,11,0.195818,0.20601,0
@des_ting_,@des_ting_,1,91,5,0.356164,0.408333,0
@destresado,@destresado,1,157,11,0.246168,0.266,0
@destructorone95,@destructorone95,3,139,10,0.254214,0.282422,0.00009
@detierrasrojas,@detierrasrojas,7,8,10,0.265711,0.293854,0.000234
@devinoscata,@devinoscata,3,0,11,0.247401,0.267807,0.000789
@df_laboralchile,@df_laboralchile,1,5,12,0.196851,0.20765,0
@dgforno,@dgforno,3,124,10,0.23025,0.241397,0.001566
@MissCromatina,@MissCromatina,3,124,11,0.193915,0.199472,0.000317
@dglsjpm,@dglsjpm,1,157,11,0.246168,0.266,0
@dhcamus,@dhcamus,3,0,11,0.257546,0.282992,0.000674
@diabolique999,@diabolique999,1,124,11,0.201664,0.21304,0
@diana11_,@diana11_,1,183,13,0.161013,0.167948,0
@dianazequeda,@dianazequeda,1,0,11,0.224201,0.238157,0
@diaztabitae,@diaztabitae,1,157,11,0.246168,0.266,0
@diecinueve25,@diecinueve25,1,0,11,0.216365,0.228595,0
@dieg05l,@dieg05l,1,0,11,0.210253,0.222816,0
@diego_svnth7,@diego_svnth7,1,90,1,1,1,0
@librealbedrio26,@librealbedrio26,1,90,1,1,1,0
@diegobarrueto,@diegobarrueto,1,5,12,0.225105,0.2441,0
@diegode_la_vega,@diegode_la_vega,3,171,10,0.215987,0.227581,0.000306
@Tv_Libertaria,@Tv_Libertaria,1,171,11,0.177629,0.183892,0
@diegoencalada,@diegoencalada,1,52,11,0.188005,0.19759,0
@diegogradosc,@diegogradosc,3,8,10,0.261663,0.29043,0.000117
@diegolo32845762,@diegolo32845762,10,197,10,0.266708,0.295411,0.003654
@Alexrolapiz1,@Alexrolapiz1,1,197,11,0.21056,0.223355,0
@LuisCarlosLealA,@LuisCarlosLealA,4,197,11,0.218728,0.232049,0.000846
@endocrinorosero,@endocrinorosero,2,157,11,0.22392,0.239714,0.00002
@mindefensa,@mindefensa,2,197,11,0.210578,0.223484,0.000108
@diegoonenicolas,@diegoonenicolas,1,8,10,0.25687,0.281537,0
@diegostar1001,@diegostar1001,1,139,10,0.245122,0.270518,0
@dieguito1174a,@dieguito1174a,5,91,4,0.490566,0.564103,0.000004
@YOASOBI_staff,@YOASOBI_staff,6,91,5,0.382353,0.496154,0.000003
@ijigentokyo,@ijigentokyo,1,91,5,0.333333,0.367949,0
@difusorarechazo,@difusorarechazo,2,8,10,0.259374,0.285813,0.000013
@dilansanti10603,@dilansanti10603,1,92,1,1,1,0
@YoleocomicsDC,@YoleocomicsDC,1,92,1,1,1,0
@dimeperrin,@dimeperrin,1,8,12,0.188381,0.198307,0
@dinamarcoj39,@dinamarcoj39,1,139,12,0.202348,0.213559,0
@dinosalinas,@dinosalinas,1,93,1,1,1,0
@PabloGilTrader,@PabloGilTrader,1,93,1,1,1,0
@dionnereyesm,@dionnereyesm,4,109,10,0.24798,0.262598,0.005277
@diputada_yovana,@diputada_yovana,1,94,2,0.666667,0.75,0
@manupasmino,@manupasmino,2,94,1,1,1,0
@distortedpink,@distortedpink,1,0,11,0.210253,0.222816,0
@ditafe31,@ditafe31,1,157,11,0.246168,0.266,0
@divergente_xl,@divergente_xl,1,193,12,0.212998,0.224727,0
@divinemiserere,@divinemiserere,2,8,10,0.256946,0.281762,0.000004
@dixiatorrejon,@dixiatorrejon,1,124,11,0.201664,0.21304,0
@dizsantis,@dizsantis,1,0,11,0.218709,0.231337,0
@djalmorellana,@djalmorellana,1,0,11,0.218709,0.231337,0
@djmasde,@djmasde,1,95,1,1,1,0
@chifuyu_yy,@chifuyu_yy,1,95,1,1,1,0
@djseblast,@djseblast,5,139,10,0.268322,0.295311,0.010663
@dlia24,@dlia24,1,8,10,0.25687,0.281537,0
@dlunamontilla,@dlunamontilla,2,8,12,0.225958,0.237374,0.0003
@EgoLibertas,@EgoLibertas,1,8,13,0.184318,0.190398,0
@dmanriquezl,@dmanriquezl,1,139,10,0.245122,0.270518,0
@dmokei,@dmokei,4,8,10,0.260181,0.286954,0.000071
@dnisobel,@dnisobel,1,0,13,0.175235,0.183238,0
@doccomufrouach,@doccomufrouach,1,47,2,0.6,0.666667,0
@dogna_sol,@dogna_sol,3,157,11,0.249243,0.27121,0.00003
@dokkalfr14,@dokkalfr14,1,0,11,0.195818,0.20601,0
@dokkensmarco,@dokkensmarco,1,139,10,0.245122,0.270518,0
@dolores_marsal,@dolores_marsal,5,8,10,0.264613,0.291565,0.000186
@domingo81811825,@domingo81811825,1,139,10,0.245122,0.270518,0
@dominopolitico1,@dominopolitico1,1,8,10,0.25687,0.281537,0
@don__caco,@don__caco,2,0,11,0.224278,0.23843,0.000123
@don_kikito,@don_kikito,1,0,11,0.224201,0.238157,0
@don_pablov,@don_pablov,1,0,11,0.224201,0.238157,0
@dona_punto,@dona_punto,14,8,10,0.270815,0.303784,0.000781
@juandelpozo,@juandelpozo,2,8,11,0.217389,0.233732,0
@donadepresiva,@donadepresiva,1,157,11,0.246168,0.266,0
@donafpita,@donafpita,1,0,13,0.161529,0.166668,0
@doncomedia,@doncomedia,1,0,11,0.224201,0.238157,0
@doncuerleone,@doncuerleone,1,139,10,0.245122,0.270518,0
@doncuervo_cl,@doncuervo_cl,7,8,10,0.264424,0.293474,0.000106
@donk4v3_z,@donk4v3_z,1,157,13,0.168458,0.174456,0
@ErizoCL,@ErizoCL,3,157,12,0.202577,0.213522,0.000341
@donkanus,@donkanus,5,5,10,0.221312,0.236874,0.000272
@donnydice,@donnydice,1,8,10,0.25687,0.281537,0
@dontobal,@dontobal,1,96,1,1,1,0
@ezekopel,@ezekopel,1,96,1,1,1,0
@dorisbethfebres,@dorisbethfebres,2,8,10,0.257507,0.282304,0.000015
@dorises81301925,@dorises81301925,1,5,12,0.207114,0.217546,0
@dorismontt,@dorismontt,1,5,12,0.207645,0.219181,0
@dortizventa,@dortizventa,2,8,10,0.258999,0.284343,0.000011
@dory2_0,@dory2_0,1,5,12,0.212171,0.226211,0
@dowinixo,@dowinixo,1,67,13,0.155144,0.159629,0
@dvs6989,@dvs6989,4,67,12,0.183627,0.19135,0.005388
@dr___linux,@dr___linux,1,52,11,0.18593,0.196243,0
@dr_ojoavizor,@dr_ojoavizor,1,5,12,0.205832,0.217029,0
@dr_r_valenzuela,@dr_r_valenzuela,1,5,12,0.216573,0.230214,0
@dr_warren69,@dr_warren69,1,23,2,0.571429,0.625,0
@drakhov,@drakhov,3,171,11,0.193063,0.202858,0.000401
@FerIglesias,@FerIglesias,2,171,11,0.183031,0.189384,0.000033
@akashico,@akashico,1,171,12,0.161827,0.167416,0
@drarevalocarlos,@drarevalocarlos,4,171,13,0.159946,0.166023,0.001463
@ectorjaime,@ectorjaime,3,171,12,0.146026,0.149623,0.000361
@ejustin46,@ejustin46,2,171,14,0.137902,0.141743,0.0003
@stevee_maren2,@stevee_maren2,2,171,14,0.137902,0.141743,0.0003
@drcolivares,@drcolivares,1,97,1,1,1,0
@javier20ch,@javier20ch,1,97,1,1,1,0
@drholth,@drholth,1,5,12,0.225105,0.2441,0
@drummondvictor,@drummondvictor,3,171,10,0.253816,0.281397,0.000209
@Sylvita_29,@Sylvita_29,2,171,11,0.21251,0.226308,0.000005
@dsnmartin,@dsnmartin,5,8,10,0.246883,0.264963,0.000078
@dsolovera,@dsolovera,1,8,10,0.25687,0.281537,0
@dududin,@dududin,1,0,11,0.18589,0.195426,0
@dulcineaconce,@dulcineaconce,2,8,10,0.235219,0.249354,0.000007
@dulzuranude,@dulzuranude,2,124,11,0.227634,0.242906,0.000114
@dulzuraycalor,@dulzuraycalor,1,157,11,0.235883,0.248355,0
@durango_kid_,@durango_kid_,4,157,11,0.248444,0.270076,0.000122
@SilviaMylo,@SilviaMylo,6,157,12,0.209947,0.225018,0.000317
@durneylabayru,@durneylabayru,5,169,10,0.237818,0.253805,0.000717
@liz_churchill10,@liz_churchill10,9,8,11,0.237785,0.258209,0.001326
@dwdcream,@dwdcream,1,8,10,0.235444,0.251191,0
@dxrk_4,@dxrk_4,1,157,11,0.22658,0.237162,0
@dynageo,@dynageo,7,171,10,0.261914,0.290017,0.001707
@RAMIROMARRA,@RAMIROMARRA,4,171,11,0.209,0.222419,0.000309
@ValenSanRo,@ValenSanRo,2,171,11,0.207578,0.220391,0.0003
@javierlanari,@javierlanari,3,171,11,0.209684,0.22338,0.000029
@dzepeda87,@dzepeda87,8,8,10,0.264222,0.294202,0.000231
@e_lizzilind,@e_lizzilind,6,8,10,0.2621,0.291126,0.000196
@e_yobaska,@e_yobaska,1,98,1,1,1,0
@FdValientes,@FdValientes,1,98,1,1,1,0
@eacl09,@eacl09,1,8,10,0.235444,0.251191,0
@eacor,@eacor,11,139,10,0.293058,0.334299,0.001744
@eastcristobal,@eastcristobal,3,5,10,0.258174,0.283768,0.000064
@eastigue,@eastigue,5,157,11,0.252863,0.277055,0.000717
@AAAJ00068631,@AAAJ00068631,1,157,12,0.201836,0.213014,0
@DanteForesi,@DanteForesi,4,141,11,0.222537,0.238765,0.000075
@ebecerraliz,@ebecerraliz,1,171,12,0.178915,0.187157,0
@Finanzas_Times,@Finanzas_Times,4,171,11,0.217892,0.233473,0.000601
@ebrielynca,@ebrielynca,16,0,11,0.259322,0.287341,0.005592
@Breogan66,@Breogan66,5,0,12,0.207164,0.220836,0.000069
@Carlossassarini,@Carlossassarini,2,0,12,0.208789,0.223009,0.000007
@PERIODlSTAPERON,@PERIODlSTAPERON,2,0,12,0.208789,0.223009,0.000007
@ProfeEduardoOk,@ProfeEduardoOk,2,0,11,0.229284,0.244424,0.000019
@ecard3nas,@ecard3nas,2,0,11,0.23105,0.248702,0.00009
@ecfernandezj,@ecfernandezj,1,139,10,0.245122,0.270518,0
@ecobeepaulina,@ecobeepaulina,2,0,10,0.260953,0.285724,0.001417
@eddiebitowski,@eddiebitowski,3,169,10,0.255491,0.286545,0.00132
@edercasanovaf,@edercasanovaf,1,8,12,0.225939,0.237245,0
@edgar10dg,@edgar10dg,1,99,1,1,1,0
@LaHuellaSV,@LaHuellaSV,1,99,1,1,1,0
@edgardo15530570,@edgardo15530570,2,139,10,0.245145,0.270647,0.000129
@Horizonte65,@Horizonte65,2,139,11,0.198789,0.211849,0
@edgardogonzalez,@edgardogonzalez,1,139,10,0.245122,0.270518,0
@edgarlopsan,@edgarlopsan,1,8,10,0.25687,0.281537,0
@edguther,@edguther,3,0,11,0.229,0.244344,0.000313
@Pattycer,@Pattycer,3,0,12,0.194111,0.204474,0.000302
@edhagadol,@edhagadol,1,5,12,0.225105,0.2441,0
@edmundosandova4,@edmundosandova4,3,8,10,0.241201,0.257839,0.00002
@edo_rorschach,@edo_rorschach,1,100,1,1,1,0
@Staphylo_ailus,@Staphylo_ailus,1,100,1,1,1,0
@edo_zapata,@edo_zapata,1,139,10,0.245122,0.270518,0
@edoconstanzo,@edoconstanzo,1,139,10,0.245122,0.270518,0
@edoelk,@edoelk,3,8,10,0.233347,0.252477,0.000099
@edomendicuteacu,@edomendicuteacu,2,101,1,1,1,0
@EdoMendicuteAcu,@EdoMendicuteAcu,1,101,2,0.666667,0.75,0
@KarmenMarcela,@KarmenMarcela,1,101,2,0.666667,0.75,0
@edonico211,@edonico211,9,171,10,0.22532,0.240867,0.001535
@brozoxmiswebs,@brozoxmiswebs,2,171,11,0.184011,0.192083,0.000675
@lopezdoriga,@lopezdoriga,1,171,11,0.183893,0.191785,0
@edramrez8,@edramrez8,1,8,10,0.25687,0.281537,0
@edu_castillo,@edu_castillo,1,0,11,0.224201,0.238157,0
@eduardlarquin,@eduardlarquin,1,102,1,1,1,0
@Ivannia_Wicked,@Ivannia_Wicked,1,102,1,1,1,0
@eduardo02906387,@eduardo02906387,1,139,10,0.245122,0.270518,0
@eduardo_v2017,@eduardo_v2017,2,8,10,0.256895,0.281665,0.0003
@t3mp3rl3y,@t3mp3rl3y,1,8,11,0.204397,0.215788,0
@eduardofba1461,@eduardofba1461,2,8,10,0.27909,0.31097,0.00093
@eduardogonzalo,@eduardogonzalo,1,0,11,0.210253,0.222816,0
@eduardojerez,@eduardojerez,1,169,12,0.192405,0.202633,0
@eduardomng1980,@eduardomng1980,1,5,12,0.225105,0.2441,0
@eduardomoyacerd,@eduardomoyacerd,1,0,11,0.216365,0.228595,0
@eduardr_ardiles,@eduardr_ardiles,10,8,10,0.26315,0.292571,0.000173
@eduaskats19,@eduaskats19,13,171,10,0.275664,0.307666,0.001903
@GhittelmanG,@GhittelmanG,1,171,11,0.216104,0.230132,0
@omarbula,@omarbula,2,171,11,0.228315,0.244784,0.000009
@educalapaila,@educalapaila,1,0,11,0.218709,0.231337,0
@edugonza96,@edugonza96,4,139,11,0.211229,0.221749,0.000039
@edupiccolo,@edupiccolo,1,171,12,0.187252,0.197185,0
@edveva,@edveva,1,5,12,0.216573,0.230214,0
@eebae1aef7cd467,@eebae1aef7cd467,1,8,10,0.236657,0.25105,0
@eeduardolopezr1,@eeduardolopezr1,1,5,12,0.216573,0.230214,0
@eerrojas,@eerrojas,1,139,10,0.245122,0.270518,0
@efdlan,@efdlan,8,169,12,0.192676,0.203944,0.002723
@Bluebird19601,@Bluebird19601,1,169,13,0.161555,0.1679,0
@KlocknerMarcus,@KlocknerMarcus,2,169,13,0.161585,0.168125,0.000183
@SHomburg,@SHomburg,4,169,13,0.161605,0.168382,0.000784
@ZentraleV,@ZentraleV,1,169,13,0.161555,0.1679,0
@sandra2519691,@sandra2519691,1,169,13,0.161555,0.1679,0
@eflores1974,@eflores1974,1,139,10,0.245122,0.270518,0
@efrain_urra,@efrain_urra,4,8,10,0.265929,0.29636,0.000133
@egarciamahias,@egarciamahias,1,169,12,0.17035,0.17694,0
@eggs111822,@eggs111822,21,8,10,0.299625,0.343445,0.003122
@KasnyScience,@KasnyScience,1,8,11,0.230557,0.249118,0
@Spartacow2,@Spartacow2,1,8,11,0.230557,0.249118,0
@egowin,@egowin,1,157,11,0.246168,0.266,0
@egpolanco1,@egpolanco1,1,52,11,0.18593,0.196243,0
@ehitan,@ehitan,1,139,10,0.245122,0.270518,0
@eimilieabreen,@eimilieabreen,1,0,11,0.224201,0.238157,0
@ejc360,@ejc360,1,8,10,0.229172,0.240727,0
@ejcardena,@ejcardena,1,215,13,0.159444,0.162729,0
@ejgonzalez_a,@ejgonzalez_a,3,8,10,0.276841,0.313043,0.000267
@ejopia,@ejopia,1,0,13,0.175235,0.183238,0
@el_albo_07,@el_albo_07,3,8,10,0.255592,0.283977,0.000122
@el_avecilla,@el_avecilla,1,124,11,0.201664,0.21304,0
@el_barbarrock,@el_barbarrock,1,0,11,0.222413,0.235746,0
@el_exorcista_,@el_exorcista_,1,5,12,0.198766,0.208939,0
@el_tunas29,@el_tunas29,2,91,4,0.320988,0.38141,0.000001
@elainecandles,@elainecandles,1,103,1,1,1,0
@Denis_Sota,@Denis_Sota,1,103,1,1,1,0
@elbunisher,@elbunisher,3,193,10,0.247059,0.272712,0.000712
@davideduardocy,@davideduardocy,1,193,11,0.198121,0.21012,0
@elcaminoalaluz1,@elcaminoalaluz1,5,8,10,0.263016,0.290971,0.000064
@elchedelosgays,@elchedelosgays,1,157,11,0.246168,0.266,0
@elchirimoya,@elchirimoya,1,0,11,0.199615,0.210476,0
@elcuriosovictor,@elcuriosovictor,4,193,12,0.236183,0.259381,0.000056
@eldani07800084,@eldani07800084,6,8,10,0.253556,0.278886,0.000309
@eldiariodelarry,@eldiariodelarry,1,52,11,0.18593,0.196243,0
@electricidadhol,@electricidadhol,2,8,10,0.261439,0.288002,0.00003
@elefantaiqq,@elefantaiqq,1,5,12,0.212171,0.226211,0
@elemix21,@elemix21,1,8,12,0.200324,0.210764,0
@elena58091030,@elena58091030,1,139,10,0.235786,0.250448,0
@elena95366367,@elena95366367,1,8,10,0.236657,0.25105,0
@elenade42671171,@elenade42671171,4,8,12,0.236226,0.2496,0.000014
@elenaliberal,@elenaliberal,1,171,12,0.172876,0.180109,0
@eleonchile,@eleonchile,1,8,10,0.25687,0.281537,0
@elfachopobre01,@elfachopobre01,1,5,12,0.212171,0.226211,0
@elfileton,@elfileton,3,5,12,0.234826,0.254012,0.000312
@Alex37334996,@Alex37334996,1,5,13,0.190176,0.199645,0
@elgener1933,@elgener1933,2,141,12,0.18336,0.191434,0.0003
@Edisson_hilos,@Edisson_hilos,1,141,13,0.154954,0.159739,0
@elgranvia,@elgranvia,2,8,10,0.258999,0.284343,0.000011
@eliana_lizama,@eliana_lizama,2,8,12,0.209481,0.221974,0.0003
@3Jackieb,@3Jackieb,1,8,13,0.173205,0.18019,0
@elianawolf,@elianawolf,3,139,10,0.273456,0.306051,0.002307
@eliasblanco,@eliasblanco,1,19,2,0.555556,0.6,0
@eliecervilches,@eliecervilches,1,8,10,0.25687,0.281537,0
@elinaoliva,@elinaoliva,16,8,10,0.286219,0.32179,0.00671
@Darwin_f1978,@Darwin_f1978,1,8,11,0.222537,0.237796,0
@JoseGrusic,@JoseGrusic,4,8,11,0.225389,0.24168,0.000603
@MonicaConYemen,@MonicaConYemen,1,8,11,0.222537,0.237796,0
@Solanaenie,@Solanaenie,2,8,11,0.225958,0.24226,0.000003
@XiadaNoite,@XiadaNoite,5,0,11,0.235006,0.253087,0.000975
@elizaabeth45,@elizaabeth45,1,157,11,0.246168,0.266,0
@elizabe28992182,@elizabe28992182,3,8,10,0.245064,0.260533,0.00001
@elizabe90438429,@elizabe90438429,1,5,12,0.225105,0.2441,0
@elizabeth_pinto,@elizabeth_pinto,5,8,10,0.264141,0.292788,0.000096
@elizabethkarim,@elizabethkarim,1,157,11,0.246168,0.266,0
@elkan_mk5,@elkan_mk5,1,139,10,0.245122,0.270518,0
@ella1426615,@ella1426615,1,139,10,0.245122,0.270518,0
@elleonviejo,@elleonviejo,1,0,11,0.222413,0.235746,0
@elliza11,@elliza11,1,157,12,0.2147,0.224812,0
@elmaguari,@elmaguari,2,104,1,1,1,0
@ExM5Stelle,@ExM5Stelle,1,104,2,0.666667,0.75,0
@ImolaOggi,@ImolaOggi,1,104,2,0.666667,0.75,0
@elmas2011angel,@elmas2011angel,1,8,12,0.170389,0.177952,0
@Juanca151,@Juanca151,4,8,11,0.205376,0.219255,0.0009
@elmiguepanza,@elmiguepanza,2,8,10,0.259374,0.285813,0.000013
@elminmerino,@elminmerino,3,8,10,0.259842,0.286442,0.000039
@elmitico,@elmitico,1,5,12,0.185425,0.195356,0
@elmo09001540,@elmo09001540,1,124,11,0.219989,0.231932,0
@elmomionews,@elmomionews,2,5,12,0.229741,0.250516,0.000014
@elpascual,@elpascual,1,0,11,0.224201,0.238157,0
@elperrofloky,@elperrofloky,1,139,10,0.245122,0.270518,0
@elprofeazul14,@elprofeazul14,1,0,11,0.204687,0.216464,0
@elr4011,@elr4011,4,0,11,0.234518,0.255239,0.000713
@elrincondekyon,@elrincondekyon,1,139,10,0.245122,0.270518,0
@elsantogrial_17,@elsantogrial_17,1,139,12,0.206151,0.216808,0
@elsotonico,@elsotonico,1,124,11,0.219989,0.231932,0
@eltantras,@eltantras,3,8,10,0.262524,0.289945,0.000046
@elurofilico,@elurofilico,3,169,10,0.24217,0.259328,0.000181
@elvillegaschile,@elvillegaschile,1,5,12,0.187849,0.197149,0
@andres_nomade21,@andres_nomade21,5,5,11,0.231287,0.249233,0.000676
@elvistec007,@elvistec007,3,8,10,0.245168,0.270775,0.000332
@Elvistec007,@Elvistec007,1,8,11,0.196903,0.208933,0
@elvitocondria,@elvitocondria,1,67,15,0.118567,0.121203,0
@elwizazo,@elwizazo,1,139,10,0.245122,0.270518,0
@elxvers,@elxvers,1,139,12,0.176223,0.183992,0
@elybethelbereth,@elybethelbereth,1,157,11,0.246168,0.266,0
@elyjah567,@elyjah567,8,8,10,0.254351,0.277765,0.000282
@elyrcanio,@elyrcanio,3,0,11,0.220625,0.235065,0.000175
@elyta_wanders,@elyta_wanders,3,157,11,0.246918,0.267539,0.002218
@elyword1,@elyword1,2,5,10,0.248052,0.275719,0.000059
@elzorro_cmrn,@elzorro_cmrn,2,5,10,0.262843,0.291653,0.000071
@ema_pata,@ema_pata,1,5,12,0.189385,0.20029,0
@emadcmosot,@emadcmosot,1,105,1,1,1,0
@AstralChileNews,@AstralChileNews,1,105,1,1,1,0
@ematuranad,@ematuranad,2,8,12,0.224162,0.236542,0.000026
@embrygerman,@embrygerman,1,139,10,0.245122,0.270518,0
@eme_x2030,@eme_x2030,1,8,12,0.210535,0.222495,0
@emilchupi,@emilchupi,1,8,12,0.228718,0.241364,0
@emilioelmago,@emilioelmago,1,0,13,0.176277,0.184481,0
@emmia20213757,@emmia20213757,1,139,10,0.245122,0.270518,0
@emproconss,@emproconss,3,106,1,1,1,0
@DpsMedica,@DpsMedica,1,106,2,0.6,0.666667,0
@PartidoPCC,@PartidoPCC,1,106,2,0.6,0.666667,0
@cepss_cu,@cepss_cu,1,106,2,0.6,0.666667,0
@emvg55,@emvg55,2,5,10,0.262843,0.291653,0.000071
@en3tenido,@en3tenido,5,139,10,0.249016,0.276124,0.000289
@enanocl2,@enanocl2,2,8,10,0.256895,0.281665,0.0003
@RenaSuspendido,@RenaSuspendido,1,8,11,0.204397,0.215788,0
@encamino13,@encamino13,2,157,11,0.247625,0.26848,0.000012
@endrepaul,@endrepaul,2,157,11,0.247625,0.26848,0.000012
@ene_esede2,@ene_esede2,2,5,10,0.249699,0.274841,0.000034
@enkitulpa,@enkitulpa,2,5,10,0.239708,0.254322,0.00001
@enrealidadnouso,@enrealidadnouso,1,183,13,0.161013,0.167948,0
@enrique200094,@enrique200094,3,157,11,0.247083,0.267834,0.000203
@Rossana32136617,@Rossana32136617,2,157,12,0.203061,0.214657,0.000001
@enrique74433381,@enrique74433381,1,8,12,0.188381,0.198307,0
@enrique75013037,@enrique75013037,5,0,10,0.284227,0.318691,0.002623
@enrique78522555,@enrique78522555,1,157,11,0.246168,0.266,0
@enriquedelgad1,@enriquedelgad1,1,109,12,0.168463,0.17306,0
@enriquedesantia,@enriquedesantia,1,8,12,0.222565,0.235155,0
@enriqueensanv,@enriqueensanv,3,139,10,0.25404,0.281798,0.000333
@enriqueortizca,@enriqueortizca,1,139,10,0.245122,0.270518,0
@enriquesez,@enriquesez,3,124,11,0.218986,0.232053,0.000997
@Inesrodri77,@Inesrodri77,4,124,12,0.186371,0.194462,0.000921
@robdnavarro,@robdnavarro,4,124,12,0.19264,0.203701,0.000615
@enriquevalen2,@enriquevalen2,2,5,10,0.262843,0.291653,0.000071
@entrementes_pod,@entrementes_pod,2,157,11,0.2266,0.23729,0.0003
@monikitakika,@monikitakika,1,157,12,0.184745,0.190401,0
@entrenaceb,@entrenaceb,4,139,10,0.252593,0.282003,0.000175
@epamelatoro,@epamelatoro,1,8,12,0.213921,0.225697,0
@eram_pao,@eram_pao,6,193,10,0.284243,0.324152,0.000626
@ergojano,@ergojano,1,8,12,0.191108,0.201001,0
@SIUKRA12,@SIUKRA12,7,8,11,0.236248,0.25568,0.000322
@eric78613869,@eric78613869,8,8,10,0.26853,0.298109,0.000188
@eric_patriota,@eric_patriota,1,8,10,0.236657,0.25105,0
@eric_soze,@eric_soze,1,0,11,0.224201,0.238157,0
@ericpantiqueo,@ericpantiqueo,1,5,12,0.216573,0.230214,0
@ericrichterp,@ericrichterp,1,139,10,0.245122,0.270518,0
@erikagodoy33,@erikagodoy33,1,8,10,0.25687,0.281537,0
@erikcp69,@erikcp69,1,8,10,0.236657,0.25105,0
@ermayer2,@ermayer2,1,139,10,0.245122,0.270518,0
@ernesto52598840,@ernesto52598840,1,107,1,1,1,0
@AsusaG,@AsusaG,1,107,1,1,1,0
@ernestochile,@ernestochile,1,8,12,0.21738,0.229521,0
@ernestogarratt,@ernestogarratt,3,0,11,0.227245,0.243042,0.000254
@TodoNegativo,@TodoNegativo,3,0,12,0.192034,0.202534,0.000009
@erwinbuckel,@erwinbuckel,1,52,11,0.18593,0.196243,0
@esafruta,@esafruta,1,0,11,0.222413,0.235746,0
@esalesrod,@esalesrod,1,8,10,0.25687,0.281537,0
@escaciplar,@escaciplar,1,108,1,1,1,0
@ConsuorF,@ConsuorF,1,108,1,1,1,0
@escka_mel,@escka_mel,10,169,12,0.19517,0.207331,0.006108
@Fils2Psy,@Fils2Psy,1,169,13,0.163304,0.170081,0
@Franck20270,@Franck20270,1,169,13,0.163304,0.170081,0
@Ligne__Droite,@Ligne__Droite,2,169,13,0.166341,0.174002,0.000045
@NiONiPardon,@NiONiPardon,1,169,13,0.163304,0.170081,0
@Pr_Chabriere_E,@Pr_Chabriere_E,1,169,13,0.163304,0.170081,0
@dreslincourt,@dreslincourt,1,169,13,0.163304,0.170081,0
@f_philippot,@f_philippot,2,169,13,0.163407,0.170557,0.001498
@tatiann69922625,@tatiann69922625,2,169,13,0.163407,0.170557,0.001498
@v_joron,@v_joron,2,169,13,0.163324,0.170258,0.0006
@escobarbudge,@escobarbudge,2,8,12,0.209481,0.221974,0.000001
@escorpion369,@escorpion369,2,0,11,0.230169,0.241859,0.000186
@esferaceleste,@esferaceleste,15,8,10,0.267257,0.296111,0.002754
@MariolySosaP,@MariolySosaP,6,8,11,0.248551,0.26853,0.000177
@don_isaac_j,@don_isaac_j,1,8,11,0.210903,0.223685,0
@realCarola2Hope,@realCarola2Hope,3,8,11,0.210937,0.223942,0.0006
@esflach,@esflach,1,5,12,0.207114,0.217546,0
@esnave,@esnave,8,8,10,0.24836,0.27066,0.000305
@plaforscience,@plaforscience,2,8,11,0.219394,0.23602,0.000001
@rsarille4,@rsarille4,5,8,11,0.2376,0.258011,0.000305
@espandresuc,@espandresuc,1,139,10,0.245122,0.270518,0
@espartacocl,@espartacocl,1,5,12,0.184449,0.194171,0
@essansae,@essansae,1,8,10,0.25687,0.281537,0
@estallidotw,@estallidotw,1,0,11,0.218709,0.231337,0
@estasucediendu,@estasucediendu,7,0,11,0.236194,0.254847,0.000762
@_venusandmars,@_venusandmars,1,0,12,0.191072,0.200094,0
@esteban14111999,@esteban14111999,1,139,10,0.245122,0.270518,0
@esteban_1181,@esteban_1181,1,8,12,0.230547,0.243628,0
@esteban_21,@esteban_21,1,8,12,0.181145,0.190335,0
@estebangaete15,@estebangaete15,1,8,12,0.210749,0.222493,0
@estebanpazlara,@estebanpazlara,1,5,12,0.225105,0.2441,0
@estergae,@estergae,1,0,11,0.218709,0.231337,0
@estrell65796680,@estrell65796680,1,139,10,0.245122,0.270518,0
@et61004569,@et61004569,1,8,12,0.226501,0.238098,0
@etapiaadler,@etapiaadler,3,109,12,0.196493,0.206618,0.000901
@GantielSigol,@GantielSigol,3,109,13,0.16425,0.170286,0.0006
@etoledolara,@etoledolara,1,8,12,0.199071,0.210985,0
@ettelette,@ettelette,1,183,13,0.161013,0.167948,0
@euge_12,@euge_12,4,139,10,0.257188,0.287417,0.000199
@eugeleon77,@eugeleon77,1,139,10,0.245122,0.270518,0
@eugeniadelsur,@eugeniadelsur,12,157,11,0.250895,0.274988,0.00084
@DeGatitos_,@DeGatitos_,2,157,12,0.20493,0.217969,0.000002
@StopCamarles,@StopCamarles,2,157,12,0.200595,0.211768,0
@lagarzasosa_,@lagarzasosa_,5,157,12,0.202111,0.214368,0.000009
@eugenioreyesg,@eugenioreyesg,3,8,10,0.226917,0.239913,0.000012
@europinion_is,@europinion_is,1,8,12,0.230547,0.243628,0
@eva_madrid_aris,@eva_madrid_aris,1,110,1,1,1,0
@urrutia_gerard,@urrutia_gerard,1,110,1,1,1,0
@evan_quantum,@evan_quantum,1,111,2,0.6,0.666667,0
@muyinteresante,@muyinteresante,3,111,1,1,1,0
@evaossandonihl,@evaossandonihl,1,0,11,0.224201,0.238157,0
@evealimalia,@evealimalia,1,157,11,0.246168,0.266,0
@evelyn42827847,@evelyn42827847,8,124,10,0.258109,0.284179,0.002464
@evelyn_arredond,@evelyn_arredond,1,0,11,0.222413,0.235746,0
@evelyn_cordero,@evelyn_cordero,2,0,11,0.22659,0.240359,0.000019
@evelyn_torres_h,@evelyn_torres_h,4,157,11,0.249303,0.271789,0.000029
@evelynalday7,@evelynalday7,1,8,12,0.211513,0.222925,0
@evelynfica16,@evelynfica16,1,157,11,0.235883,0.248355,0
@evelynmatthei,@evelynmatthei,1,112,1,1,1,0
@Muni_provi,@Muni_provi,1,112,1,1,1,0
@evitaalvarado,@evitaalvarado,1,0,13,0.175235,0.183238,0
@exf2598,@exf2598,1,8,10,0.222365,0.234988,0
@exitosnegocios,@exitosnegocios,1,8,10,0.236657,0.25105,0
@exonlyone1,@exonlyone1,1,124,11,0.219989,0.231932,0
@expatipela,@expatipela,1,157,11,0.229608,0.240715,0
@eyebag_otter,@eyebag_otter,1,19,2,0.555556,0.6,0
@ezeliek,@ezeliek,4,8,10,0.248147,0.268184,0.000035
@ezpektro48,@ezpektro48,1,8,10,0.25687,0.281537,0
@fabi_dora,@fabi_dora,1,157,11,0.246168,0.266,0
@fabian_ossandon,@fabian_ossandon,1,94,2,0.666667,0.75,0
@fabianpatriota,@fabianpatriota,1,5,12,0.225105,0.2441,0
@fabianrog,@fabianrog,1,52,11,0.18593,0.196243,0
@fabiansaezp,@fabiansaezp,1,0,11,0.218709,0.231337,0
@fabiola72612727,@fabiola72612727,1,8,10,0.236657,0.25105,0
@fabiparraguezm,@fabiparraguezm,6,215,11,0.224259,0.235374,0.001805
@AlertaNews24,@AlertaNews24,5,215,11,0.227444,0.245614,0.000437
@T13,@T13,2,215,12,0.183199,0.189157,0.0003
@fabycis,@fabycis,1,0,13,0.171504,0.177731,0
@guty2370,@guty2370,3,0,12,0.206998,0.218438,0.000374
@facozura,@facozura,1,139,10,0.245122,0.270518,0
@facundo44527666,@facundo44527666,1,124,11,0.219989,0.231932,0
@falsaplandemia,@falsaplandemia,2,8,12,0.230537,0.24516,0.000016
@famoragat,@famoragat,1,0,11,0.224201,0.238157,0
@fandemikexd,@fandemikexd,2,139,10,0.253518,0.281014,0.000045
@fanex,@fanex,1,193,12,0.212998,0.224727,0
@faraggiw,@faraggiw,9,8,10,0.275065,0.307159,0.000661
@farbast1,@farbast1,4,5,12,0.232208,0.255481,0.000069
@faroeterno,@faroeterno,2,8,10,0.258264,0.283496,0.000015
@fatherbird69,@fatherbird69,18,8,10,0.278461,0.315159,0.00108
@fatlveja,@fatlveja,1,139,12,0.200471,0.210834,0
@fbruno69,@fbruno69,1,113,1,1,1,0
@enfermeira_a,@enfermeira_a,1,113,1,1,1,0
@fck_kss,@fck_kss,2,52,11,0.209811,0.223387,0.000204
@fcomunoz_tp,@fcomunoz_tp,3,193,12,0.220157,0.235478,0.000011
@fcosotod,@fcosotod,3,8,10,0.276841,0.313043,0.000267
@fcristian666,@fcristian666,1,215,13,0.166447,0.17204,0
@Bio_comunidad,@Bio_comunidad,5,215,12,0.199677,0.209867,0.000923
@fdcontre1958,@fdcontre1958,10,139,10,0.290807,0.330301,0.001692
@fdo_ramirez,@fdo_ramirez,1,114,1,1,1,0
@ExPicarona666,@ExPicarona666,1,114,1,1,1,0
@fdondeestas,@fdondeestas,3,171,10,0.262139,0.286879,0.000588
@fdoperezb,@fdoperezb,1,47,2,0.6,0.666667,0
@fdosilvazavan,@fdosilvazavan,2,5,12,0.228415,0.247541,0.000007
@febre_azul,@febre_azul,1,0,11,0.218709,0.231337,0
@fede02319211,@fede02319211,2,8,12,0.224065,0.241021,0.000005
@federico_marin3,@federico_marin3,2,8,10,0.261439,0.288002,0.00003
@federicohung,@federicohung,1,8,12,0.228718,0.241364,0
@fedespost,@fedespost,1,5,12,0.225105,0.2441,0
@feeraliaga,@feeraliaga,1,0,13,0.161529,0.166668,0
@feerna23,@feerna23,1,183,12,0.180584,0.188868,0
@feernobb,@feernobb,1,115,2,0.666667,0.75,0
@THEVV1TCH,@THEVV1TCH,2,115,1,1,1,0
@fefaaa_happyf,@fefaaa_happyf,1,183,12,0.180584,0.188868,0
@fefintuiterland,@fefintuiterland,1,124,11,0.219989,0.231932,0
@felamirandres,@felamirandres,1,8,12,0.183939,0.192448,0
@felferna,@felferna,1,139,10,0.245122,0.270518,0
@felipe_1969,@felipe_1969,1,157,11,0.22658,0.237162,0
@felipe_arqueros,@felipe_arqueros,1,52,11,0.18593,0.196243,0
@felipebrionesga,@felipebrionesga,1,139,10,0.235786,0.250448,0
@felipediaznava1,@felipediaznava1,1,52,11,0.18593,0.196243,0
@felipehadad_off,@felipehadad_off,1,139,10,0.245122,0.270518,0
@felipeiriarte,@felipeiriarte,1,5,12,0.172187,0.179468,0
@felipem18979816,@felipem18979816,1,8,12,0.228718,0.241364,0
@feliper89715301,@feliper89715301,2,139,10,0.253518,0.281014,0.000045
@felipescu,@felipescu,3,157,11,0.248337,0.269835,0.000025
@felipestreitt,@felipestreitt,1,5,12,0.212171,0.226211,0
@felipzenemji191,@felipzenemji191,2,8,12,0.221218,0.236334,0.000001
@felix1972a,@felix1972a,20,139,10,0.304836,0.349009,0.004102
@felixfer77,@felixfer77,1,0,11,0.218709,0.231337,0
@felizyorgulloso,@felizyorgulloso,2,0,11,0.219998,0.233986,0.00004
@femichancha,@femichancha,1,0,11,0.222413,0.235746,0
@feminazidelcuri,@feminazidelcuri,1,124,11,0.219989,0.231932,0
@fenixalerta2021,@fenixalerta2021,1,8,12,0.210749,0.222493,0
@fer543578368541,@fer543578368541,1,116,1,1,1,0
@Muni_Stgo,@Muni_Stgo,1,116,1,1,1,0
@fer_1973_pv,@fer_1973_pv,1,5,12,0.225105,0.2441,0
@fer_h_gar,@fer_h_gar,11,171,12,0.226798,0.239518,0.003386
@BumperCrop1,@BumperCrop1,2,171,11,0.190532,0.197383,0.000011
@Iguacel23,@Iguacel23,3,171,11,0.205108,0.218935,0.000058
@Jofa2010,@Jofa2010,2,171,13,0.184916,0.191644,0.0009
@LuisGasulla,@LuisGasulla,3,171,11,0.205092,0.218887,0.000072
@MabelPajarita,@MabelPajarita,2,171,13,0.185206,0.192085,0.000009
@NICOLAS71046251,@NICOLAS71046251,1,171,13,0.184876,0.191419,0
@abrilcba_,@abrilcba_,2,171,13,0.185206,0.192085,0.000009
@ziberiaI,@ziberiaI,1,171,13,0.184876,0.191419,0
@ferdiazpoblete,@ferdiazpoblete,1,5,12,0.207645,0.219181,0
@ferenc_1991,@ferenc_1991,3,157,11,0.246285,0.266379,0.000054
@FundacionToby,@FundacionToby,10,157,10,0.230107,0.248678,0.000146
@VIBRAmascotas,@VIBRAmascotas,4,157,12,0.209981,0.223703,0.000012
@fergonzale,@fergonzale,3,52,12,0.196203,0.205824,0.00035
@OPSOMS_Col,@OPSOMS_Col,1,52,13,0.164027,0.169506,0
@ferguzsch,@ferguzsch,1,5,12,0.198766,0.208939,0
@fernand01812922,@fernand01812922,2,139,10,0.245168,0.270695,0.0006
@luisanayars,@luisanayars,2,139,11,0.196918,0.209039,0.0003
@fernandilosa,@fernandilosa,1,52,11,0.188005,0.19759,0
@fernandoac_uc,@fernandoac_uc,1,5,12,0.212171,0.226211,0
@fernilov3,@fernilov3,1,8,10,0.235444,0.251191,0
@ferniss,@ferniss,1,124,11,0.201664,0.21304,0
@ferortzbsn,@ferortzbsn,1,52,11,0.18593,0.196243,0
@ferrermontero,@ferrermontero,38,8,10,0.284227,0.321295,0.006279
@DebbieSilv34560,@DebbieSilv34560,1,8,11,0.221331,0.237016,0
@Justici4ever,@Justici4ever,1,8,11,0.221331,0.237016,0
@MonleonLola,@MonleonLola,1,8,11,0.221331,0.237016,0
@RafaelCapachoo,@RafaelCapachoo,1,8,11,0.221331,0.237016,0
@lajovendel72752,@lajovendel72752,1,8,11,0.221331,0.237016,0
@ff_vallejos,@ff_vallejos,3,139,10,0.253866,0.281692,0.000093
@fgaete,@fgaete,1,139,10,0.235786,0.250448,0
@fgajardo,@fgajardo,1,171,10,0.215619,0.226946,0
@fgarino,@fgarino,1,8,12,0.187083,0.195735,0
@MDKporsiempre,@MDKporsiempre,9,8,11,0.230128,0.247008,0.000774
@fgeisterfahrer,@fgeisterfahrer,1,124,11,0.219989,0.231932,0
@fgshakita,@fgshakita,4,8,10,0.260285,0.286746,0.00004
@fgzirulnik,@fgzirulnik,1,171,12,0.187252,0.197185,0
@fher1164,@fher1164,1,0,12,0.180095,0.187269,0
@ficocampero,@ficocampero,2,139,12,0.226501,0.246491,0.000044
@fidelcalderon64,@fidelcalderon64,22,8,10,0.280084,0.315215,0.001302
@ReloadedLeandro,@ReloadedLeandro,2,8,11,0.224278,0.241454,0.000001
@fideo_con_pesto,@fideo_con_pesto,2,52,10,0.233694,0.250517,0.000211
@filismorris,@filismorris,2,157,11,0.246192,0.266128,0.000041
@filodelpeda,@filodelpeda,6,157,11,0.252851,0.277587,0.001117
@elpais_inter,@elpais_inter,1,157,12,0.201828,0.213216,0
@fireman900,@fireman900,1,8,10,0.25687,0.281537,0
@firulina_uc,@firulina_uc,1,117,1,1,1,0
@NetflixLAT,@NetflixLAT,1,117,1,1,1,0
@fitodotnet,@fitodotnet,1,52,11,0.18593,0.196243,0
@fj68083635fj,@fj68083635fj,2,0,10,0.25539,0.281488,0.001165
@fjaque2010,@fjaque2010,1,8,10,0.25687,0.281537,0
@fjmonterok,@fjmonterok,5,139,10,0.282648,0.319507,0.00054
@UACD_Youtube,@UACD_Youtube,2,139,11,0.229142,0.247269,0.000002
@fjrechazo,@fjrechazo,1,8,12,0.194024,0.20238,0
@MAICMU,@MAICMU,3,8,11,0.24072,0.256897,0.000301
@flako_73,@flako_73,1,0,11,0.199615,0.210476,0
@flami139,@flami139,1,8,12,0.211513,0.222925,0
@flip_core,@flip_core,1,124,11,0.201664,0.21304,0
@flomi64241396,@flomi64241396,6,8,10,0.263551,0.292048,0.000101
@flopetegui7,@flopetegui7,1,52,11,0.18593,0.196243,0
@flopy022015,@flopy022015,1,157,11,0.246168,0.266,0
@flor16888744,@flor16888744,2,8,10,0.259374,0.285813,0.000013
@flor_paillacar,@flor_paillacar,1,157,11,0.246168,0.266,0
@florcita_ortiz,@florcita_ortiz,1,171,12,0.187252,0.197185,0
@flormora20,@flormora20,29,8,10,0.305914,0.351326,0.00444
@flowoxcita,@flowoxcita,1,124,11,0.201664,0.21304,0
@floydwalsh2002,@floydwalsh2002,2,139,10,0.246309,0.272534,0.00003
@fmalbertofelipe,@fmalbertofelipe,3,8,10,0.262551,0.289974,0.000046
@fmorales77,@fmorales77,1,0,11,0.217289,0.227714,0
@fmvalor,@fmvalor,1,0,11,0.210253,0.222816,0
@fnovacovich,@fnovacovich,2,157,11,0.24673,0.266909,0.000072
@fogalde,@fogalde,1,0,11,0.216365,0.228595,0
@fonasa,@fonasa,1,52,11,0.186518,0.195811,0
@fonolahgv,@fonolahgv,1,5,12,0.212171,0.226211,0
@foraneostereo,@foraneostereo,1,0,11,0.218709,0.231337,0
@forsa,@forsa,1,157,13,0.16382,0.168455,0
@CDPalestinoSADP,@CDPalestinoSADP,3,157,12,0.195907,0.204085,0.0006
@fortechile,@fortechile,1,8,10,0.25687,0.281537,0
@fpanchamor,@fpanchamor,2,8,10,0.258444,0.284086,0.000018
@fquitralgloor,@fquitralgloor,5,5,10,0.247637,0.264018,0.001344
@fraaanflo,@fraaanflo,1,124,11,0.219989,0.231932,0
@fragall66,@fragall66,3,5,12,0.214833,0.230194,0.000053
@fragamo76,@fragamo76,1,118,1,1,1,0
@jorgezepedap,@jorgezepedap,1,118,1,1,1,0
@fran_konor,@fran_konor,1,124,11,0.219989,0.231932,0
@frana_na_na_,@frana_na_na_,1,0,11,0.204687,0.216464,0
@franarob,@franarob,1,119,1,1,1,0
@confederada53,@confederada53,1,119,1,1,1,0
@francargo,@francargo,1,139,10,0.235786,0.250448,0
@francesca1937,@francesca1937,1,0,11,0.224201,0.238157,0
@francescoyelpi,@francescoyelpi,3,139,12,0.227554,0.248936,0.000068
@franchuteheads,@franchuteheads,1,0,11,0.199615,0.210476,0
@franci_cortes89,@franci_cortes89,1,157,11,0.246168,0.266,0
@franciitaa,@franciitaa,2,157,11,0.238792,0.253277,0.000003
@francis09138539,@francis09138539,1,139,11,0.195877,0.205206,0
@francis24950350,@francis24950350,1,139,10,0.245122,0.270518,0
@francis35054766,@francis35054766,2,0,11,0.22454,0.23899,0.000038
@francis4173166,@francis4173166,1,120,1,1,1,0
@Alejand31434265,@Alejand31434265,1,120,1,1,1,0
@francis46280933,@francis46280933,1,121,1,1,1,0
@Francis46280933,@Francis46280933,1,121,1,1,1,0
@francis54924848,@francis54924848,1,8,12,0.177842,0.18601,0
@thehealthb0t,@thehealthb0t,2,8,11,0.216302,0.231699,0.0003
@francis61866271,@francis61866271,25,8,10,0.273759,0.308176,0.003178
@EnlightenedTrue,@EnlightenedTrue,1,8,11,0.214931,0.229938,0
@FuerzaLulu,@FuerzaLulu,1,8,11,0.214931,0.229938,0
@JuanJos75483157,@JuanJos75483157,1,8,11,0.214931,0.229938,0
@rgallegosbazaes,@rgallegosbazaes,5,8,10,0.258328,0.275921,0.00118
@siquiatruchos,@siquiatruchos,2,8,11,0.226224,0.24477,0.000004
@vg1412,@vg1412,1,8,11,0.214931,0.229938,0
@waxfalcon,@waxfalcon,1,8,11,0.214931,0.229938,0
@francis63248056,@francis63248056,7,139,10,0.261743,0.293739,0.000727
@francis83668777,@francis83668777,1,0,11,0.222413,0.235746,0
@francisca1010,@francisca1010,1,122,1,1,1,0
@RaiCultura,@RaiCultura,1,122,1,1,1,0
@franciscamunoz,@franciscamunoz,1,157,11,0.246168,0.266,0
@franciscaxavie2,@franciscaxavie2,5,5,10,0.282817,0.322175,0.000783
@LuisPerezV18411,@LuisPerezV18411,1,5,11,0.220475,0.237699,0
@francisco_343,@francisco_343,1,139,10,0.245122,0.270518,0
@franciscoarnado,@franciscoarnado,1,5,12,0.225105,0.2441,0
@franciscoxr190,@franciscoxr190,1,171,10,0.215619,0.226946,0
@franciscropmo,@franciscropmo,2,139,10,0.253518,0.281014,0.000045
@franco_vivar88,@franco_vivar88,1,8,12,0.226501,0.238098,0
@francoyadag,@francoyadag,4,215,12,0.233252,0.245207,0.000154
@frankblackseal,@frankblackseal,1,8,10,0.229172,0.240727,0
@frankfritz5,@frankfritz5,4,139,10,0.277879,0.314339,0.000375
@frankk23,@frankk23,2,139,10,0.253518,0.281014,0.000045
@frankyto1402,@frankyto1402,1,8,10,0.25687,0.281537,0
@franpo2612,@franpo2612,2,139,12,0.164557,0.17146,0.0003
@ruthpercowicz,@ruthpercowicz,1,139,13,0.141308,0.145582,0
@franstar18,@franstar18,1,8,10,0.235444,0.251191,0
@freddy_jl95,@freddy_jl95,2,139,10,0.265262,0.292818,0.000077
@freddyantecsor,@freddyantecsor,12,215,10,0.295629,0.33733,0.002743
@freddyfigueroas,@freddyfigueroas,1,0,11,0.222413,0.235746,0
@fredericksotop,@fredericksotop,1,124,11,0.219989,0.231932,0
@fredy_pavez,@fredy_pavez,1,5,12,0.172646,0.180122,0
@freeddymoreno,@freeddymoreno,1,139,10,0.245122,0.270518,0
@freiheit_unsere,@freiheit_unsere,2,0,11,0.23381,0.245713,0.000256
@fremesam,@fremesam,1,0,11,0.218709,0.231337,0
@fresi_a,@fresi_a,1,0,13,0.176277,0.184481,0
@fresia21954,@fresia21954,1,5,12,0.202175,0.212868,0
@friverosfleming,@friverosfleming,1,0,11,0.218709,0.231337,0
@frnandobcrra,@frnandobcrra,1,8,10,0.25687,0.281537,0
@frnvv_,@frnvv_,2,0,11,0.22247,0.23597,0.000677
@frraaaancisca,@frraaaancisca,1,157,11,0.246168,0.266,0
@frutillaborgona,@frutillaborgona,1,139,10,0.235786,0.250448,0
@fsaavedracastro,@fsaavedracastro,1,0,11,0.216365,0.228595,0
@fsalviat,@fsalviat,1,5,12,0.212171,0.226211,0
@fsotohayden,@fsotohayden,1,9,12,0.176914,0.184171,0
@ftello004,@ftello004,4,8,10,0.260756,0.288437,0.000038
@fucancl,@fucancl,1,157,11,0.220907,0.232079,0
@fuegoimaginario,@fuegoimaginario,1,0,11,0.222413,0.235746,0
@fuentes404,@fuentes404,1,8,12,0.228718,0.241364,0
@fuenzalidapina,@fuenzalidapina,1,124,11,0.219989,0.231932,0
@fuera_pinera,@fuera_pinera,1,8,12,0.222565,0.235155,0
@fueramerluzo,@fueramerluzo,2,5,12,0.215395,0.231302,0.000009
@fundacion_cima,@fundacion_cima,2,157,11,0.247661,0.268518,0.000022
@fundpiwkeyeyu,@fundpiwkeyeyu,4,157,11,0.24836,0.269964,0.000071
@furincito,@furincito,5,124,11,0.205189,0.215924,0.000601
@MatiAromi,@MatiAromi,2,124,11,0.20121,0.212941,0.000242
@TugoNews,@TugoNews,1,124,12,0.17026,0.176267,0
@furiosaluminosa,@furiosaluminosa,3,157,11,0.255214,0.279108,0.000471
@fvaldivieso4,@fvaldivieso4,1,139,10,0.245122,0.270518,0
@fvallecontreras,@fvallecontreras,1,8,10,0.236657,0.25105,0
@fxretamal,@fxretamal,1,0,11,0.218709,0.231337,0
@g10leador,@g10leador,1,215,13,0.166447,0.17204,0
@g4ll3t4c0nl3ch3,@g4ll3t4c0nl3ch3,1,139,10,0.245122,0.270518,0
@gabe_pau,@gabe_pau,4,8,12,0.231793,0.254875,0.000081
@gabiallanbravo,@gabiallanbravo,1,157,11,0.22658,0.237162,0
@gabisilandia,@gabisilandia,7,52,11,0.228375,0.242275,0.002024
@JFernandeznino,@JFernandeznino,4,52,12,0.187597,0.195469,0.000071
@Yash25571056,@Yash25571056,1,52,12,0.185923,0.192996,0
@__SoloDimeAnahi,@__SoloDimeAnahi,1,52,12,0.185923,0.192996,0
@gabitavillac,@gabitavillac,2,139,10,0.265262,0.292818,0.000077
@gabolobo1,@gabolobo1,1,8,12,0.218663,0.233363,0
@gaboskycl,@gaboskycl,2,157,11,0.225174,0.239557,0.000216
@gabriel96339100,@gabriel96339100,2,157,11,0.247827,0.268862,0
@gabrielac2014,@gabrielac2014,1,8,10,0.25687,0.281537,0
@gabrielahtmg,@gabrielahtmg,1,139,10,0.235786,0.250448,0
@gabrielastrauss,@gabrielastrauss,4,169,10,0.264101,0.293829,0.000556
@gabrielrutero,@gabrielrutero,3,8,10,0.258547,0.284336,0.000021
@gabyclau3,@gabyclau3,1,139,10,0.245122,0.270518,0
@gadugod1111,@gadugod1111,8,8,10,0.265534,0.295376,0.000156
@gajm_33,@gajm_33,1,124,11,0.201664,0.21304,0
@galactico_88,@galactico_88,3,5,10,0.258921,0.284755,0.000138
@galgowushu,@galgowushu,1,0,12,0.192626,0.200425,0
@gallardomauri13,@gallardomauri13,1,139,10,0.245122,0.270518,0
@galleguillosdi1,@galleguillosdi1,1,139,10,0.245122,0.270518,0
@galy2702,@galy2702,4,0,11,0.22393,0.237698,0.000442
@siquieresmelees,@siquieresmelees,1,0,12,0.182966,0.190105,0
@gamendezlabbe,@gamendezlabbe,1,8,10,0.25687,0.281537,0
@gamersejvc,@gamersejvc,1,8,10,0.25687,0.281537,0
@gamv65,@gamv65,2,157,11,0.237003,0.251386,0.000148
@gangas21991,@gangas21991,1,139,10,0.245122,0.270518,0
@gannikus_,@gannikus_,25,8,10,0.270377,0.303718,0.002551
@RdeGuerra,@RdeGuerra,1,8,11,0.212841,0.227446,0
@fotografo_John,@fotografo_John,1,8,11,0.212841,0.227446,0
@gantielsigol,@gantielsigol,1,109,14,0.141082,0.14485,0
@gapibe2,@gapibe2,1,157,11,0.229608,0.240715,0
@garada_k7,@garada_k7,2,8,10,0.23585,0.255754,0.000018
@gardiel12,@gardiel12,5,139,10,0.284789,0.32177,0.000751
@gargolagb,@gargolagb,7,8,10,0.265765,0.294074,0.00018
@garreta74_v2,@garreta74_v2,4,139,10,0.260782,0.288307,0.000102
@garridisimo,@garridisimo,1,215,13,0.150788,0.154267,0
@AJNavarro9,@AJNavarro9,2,215,12,0.177556,0.183205,0.0003
@garroniers,@garroniers,2,5,12,0.229741,0.250516,0.000014
@gaseto24,@gaseto24,2,8,11,0.237426,0.250609,0.000042
@gastonfloresr,@gastonfloresr,1,8,12,0.187083,0.195735,0
@gatanegra2020,@gatanegra2020,2,8,12,0.234953,0.247675,0.000003
@gaterhonorato,@gaterhonorato,1,5,12,0.225105,0.2441,0
@gatesyasna,@gatesyasna,1,139,10,0.245122,0.270518,0
@gatitalynn_of2,@gatitalynn_of2,1,123,1,1,1,0
@gatitalynn_OF2,@gatitalynn_OF2,1,123,1,1,1,0
@gayvalpa,@gayvalpa,1,139,10,0.245122,0.270518,0
@gazaties,@gazaties,1,8,10,0.25687,0.281537,0
@gcosmetologa,@gcosmetologa,4,8,10,0.258947,0.285306,0.000082
@geahydra,@geahydra,2,124,11,0.202104,0.213668,0.000184
@gecevi,@gecevi,1,8,12,0.210749,0.222493,0
@geforcegt430,@geforcegt430,1,139,10,0.245122,0.270518,0
@gelimfu,@gelimfu,1,5,12,0.210134,0.222101,0
@geminispoeta,@geminispoeta,1,139,10,0.245122,0.270518,0
@geminisss1986,@geminisss1986,1,5,12,0.212171,0.226211,0
@genarogacd,@genarogacd,4,0,11,0.234826,0.254869,0.000488
@genarop51,@genarop51,2,124,13,0.161539,0.167843,0.0003
@Italianoka,@Italianoka,1,124,14,0.139077,0.143003,0
@gentrificarno,@gentrificarno,3,0,11,0.210287,0.223073,0.0006
@IMSS_BIENESTAR,@IMSS_BIENESTAR,1,0,12,0.173756,0.180706,0
@galvanochoa,@galvanochoa,1,0,12,0.173756,0.180706,0
@geokaiser_,@geokaiser_,1,157,11,0.17946,0.187302,0
@georgebrito1,@georgebrito1,1,193,12,0.194453,0.205395,0
@georgesafe1,@georgesafe1,1,5,12,0.212171,0.226211,0
@geortizx,@geortizx,1,0,11,0.218709,0.231337,0
@gerarantonio,@gerarantonio,2,8,12,0.231009,0.244889,0.000001
@gerardogiovanni,@gerardogiovanni,1,0,11,0.216365,0.228595,0
@german56796,@german56796,1,139,10,0.235786,0.250448,0
@germanayalaosor,@germanayalaosor,4,197,12,0.183724,0.192174,0.000902
@ALFREDOSAADEV,@ALFREDOSAADEV,2,197,13,0.155222,0.160234,0.0003
@ResistamosCol,@ResistamosCol,1,197,13,0.155213,0.160105,0
@germanazucar,@germanazucar,11,5,10,0.295024,0.337399,0.001967
@germancanalesv,@germancanalesv,1,139,10,0.245122,0.270518,0
@germanfitness87,@germanfitness87,2,193,12,0.226689,0.247174,0.000016
@germanlagosh,@germanlagosh,1,0,11,0.212675,0.223345,0
@germnevogelb,@germnevogelb,2,157,11,0.246285,0.266298,0.000072
@gerryb07,@gerryb07,1,81,2,0.571429,0.625,0
@gescalang,@gescalang,2,52,11,0.190469,0.201473,0
@gessyaraya,@gessyaraya,5,157,11,0.251918,0.276405,0.000571
@gestionom,@gestionom,1,0,11,0.218709,0.231337,0
@gestorurbano,@gestorurbano,4,8,10,0.263377,0.291526,0.00008
@gfortunattib,@gfortunattib,4,0,11,0.258676,0.284956,0.000922
@gfvindigni61,@gfvindigni61,1,139,10,0.245122,0.270518,0
@gguerrero3,@gguerrero3,1,139,10,0.245122,0.270518,0
@ghiroludwig,@ghiroludwig,3,8,10,0.260743,0.287973,0.000036
@ghismiau,@ghismiau,1,157,11,0.246168,0.266,0
@ghosttt_tt,@ghosttt_tt,1,139,10,0.245122,0.270518,0
@giginobodycares,@giginobodycares,1,125,1,1,1,0
@pedrorenoved,@pedrorenoved,1,125,1,1,1,0
@gigoide,@gigoide,1,0,11,0.224201,0.238157,0
@giigiina,@giigiina,1,8,10,0.235444,0.251191,0
@gikkopun,@gikkopun,1,91,5,0.356164,0.408333,0
@gildaaaeg,@gildaaaeg,1,0,11,0.222413,0.235746,0
@gilexsanz,@gilexsanz,1,126,1,1,1,0
@GilexSanz,@GilexSanz,1,126,1,1,1,0
@gilraen13,@gilraen13,2,0,11,0.222737,0.236568,0.00021
@ginocarpaneto,@ginocarpaneto,1,139,10,0.245122,0.270518,0
@ginowanderino,@ginowanderino,1,9,12,0.176914,0.184171,0
@gins_linares,@gins_linares,1,139,12,0.209464,0.221646,0
@giordanofour,@giordanofour,1,139,10,0.235786,0.250448,0
@giovannipetri2,@giovannipetri2,3,8,10,0.264128,0.295252,0.00015
@gipsydnr,@gipsydnr,1,157,11,0.246168,0.266,0
@girealaderecha,@girealaderecha,4,5,10,0.248099,0.275976,0.00066
@carbafi,@carbafi,1,5,11,0.198789,0.211769,0
@sanjuniaton,@sanjuniaton,1,5,11,0.198789,0.211769,0
@giselasaez,@giselasaez,5,8,10,0.261097,0.289077,0.000098
@gitana4267,@gitana4267,1,8,12,0.211513,0.222925,0
@gkmin13,@gkmin13,1,124,11,0.219989,0.231932,0
@gladys71421,@gladys71421,1,8,13,0.153378,0.158867,0
@jorandau,@jorandau,2,8,12,0.181158,0.190463,0.0003
@gladysmerino,@gladysmerino,1,139,10,0.245122,0.270518,0
@gladysrodval,@gladysrodval,1,124,11,0.219989,0.231932,0
@gladysuribe13,@gladysuribe13,2,8,10,0.275928,0.311492,0.000199
@gliram,@gliram,1,0,11,0.224201,0.238157,0
@gloriafuentessa,@gloriafuentessa,6,8,10,0.2594,0.285709,0.000449
@OskarLillo,@OskarLillo,1,8,11,0.205979,0.217962,0
@gloriag23,@gloriag23,27,8,10,0.277537,0.312902,0.002129
@Pacto_Secreto,@Pacto_Secreto,2,8,11,0.238167,0.258332,0.000001
@gloriagonzlez9,@gloriagonzlez9,3,8,10,0.263873,0.293468,0.000106
@gloriam09486632,@gloriam09486632,1,8,10,0.235444,0.251191,0
@gloriamor80,@gloriamor80,2,124,11,0.225968,0.240704,0.000083
@gloriaochoa5_g,@gloriaochoa5_g,1,139,10,0.245122,0.270518,0
@gloriapizarro2,@gloriapizarro2,1,157,11,0.246168,0.266,0
@glory_anne_81,@glory_anne_81,1,215,11,0.215825,0.225695,0
@glowblower,@glowblower,2,157,11,0.247827,0.268862,0
@gmasseg2,@gmasseg2,8,8,10,0.289832,0.328899,0.001018
@gmbinimelis,@gmbinimelis,1,8,12,0.221596,0.236054,0
@gnalc94,@gnalc94,2,157,11,0.247661,0.268518,0.000022
@gnm05,@gnm05,1,139,10,0.235786,0.250448,0
@gnoviolenta,@gnoviolenta,1,0,11,0.222413,0.235746,0
@gobierno_inepto,@gobierno_inepto,1,5,12,0.195427,0.205693,0
@gocontreras,@gocontreras,3,8,10,0.243648,0.261005,0.000079
@goffarita1,@goffarita1,4,8,10,0.265724,0.296322,0.000192
@gogolo1968,@gogolo1968,1,5,12,0.225105,0.2441,0
@gomez_lamana,@gomez_lamana,4,0,11,0.240787,0.261431,0.000711
@gon_cuenta2,@gon_cuenta2,1,193,12,0.207636,0.218375,0
@gonever,@gonever,1,0,11,0.218709,0.231337,0
@gonjav,@gonjav,5,109,10,0.277998,0.313984,0.002445
@gonjsquiroga,@gonjsquiroga,1,139,12,0.164526,0.171295,0
@gonza31769,@gonza31769,1,139,10,0.245122,0.270518,0
@gonza_tron,@gonza_tron,1,0,11,0.216365,0.228595,0
@gonzalex1969,@gonzalex1969,4,8,10,0.259985,0.287361,0.000059
@gonzalezluisj,@gonzalezluisj,1,139,12,0.202348,0.213559,0
@gonzalezsaavedr,@gonzalezsaavedr,2,5,10,0.248052,0.275719,0.000059
@gonzalillo3,@gonzalillo3,1,183,13,0.161013,0.167948,0
@gonzalito0007,@gonzalito0007,2,8,10,0.232959,0.246194,0.000003
@gonzalitrix,@gonzalitrix,1,5,12,0.204445,0.215597,0
@gonzalo55064013,@gonzalo55064013,1,157,11,0.246168,0.266,0
@gonzalo_mont97,@gonzalo_mont97,1,139,10,0.245122,0.270518,0
@gonzalobarria,@gonzalobarria,2,52,11,0.199961,0.212031,0.000114
@gonzalowielandt,@gonzalowielandt,1,8,12,0.21824,0.231604,0
@gonzazapicog,@gonzazapicog,3,8,10,0.27634,0.312224,0.000233
@gonzlez_pin,@gonzlez_pin,3,0,11,0.233326,0.250386,0.000128
@gordapebre,@gordapebre,1,0,13,0.160848,0.166491,0
@gorytex,@gorytex,1,0,11,0.210253,0.222816,0
@gotademetal,@gotademetal,1,157,11,0.246168,0.266,0
@gpeirano,@gpeirano,1,0,11,0.224201,0.238157,0
@gpesceh,@gpesceh,1,0,11,0.224201,0.238157,0
@gprieto_6,@gprieto_6,1,127,1,1,1,0
@ElDeportivoLT,@ElDeportivoLT,1,127,1,1,1,0
@gr4ndr3s34rch,@gr4ndr3s34rch,1,5,14,0.137387,0.141514,0
@grace_ochoa_nav,@grace_ochoa_nav,1,128,1,1,1,0
@HartmutUrrutia,@HartmutUrrutia,1,128,1,1,1,0
@gracedunlop1,@gracedunlop1,7,0,11,0.23669,0.249944,0.002526
@DrMijailTapia,@DrMijailTapia,1,0,12,0.191397,0.197964,0
@grasinu,@grasinu,2,157,11,0.247827,0.268862,0
@gregarmas,@gregarmas,1,139,12,0.171108,0.178344,0
@HazimNoelia,@HazimNoelia,3,139,11,0.206422,0.219727,0.0006
@grg15336589real,@grg15336589real,1,139,10,0.245122,0.270518,0
@grii_24,@grii_24,1,157,11,0.246168,0.266,0
@gringrid,@gringrid,1,0,12,0.192626,0.200425,0
@grissyroxana,@grissyroxana,6,0,11,0.257584,0.283672,0.001071
@gromeroaros,@gromeroaros,1,0,11,0.185817,0.194718,0
@grubiosch,@grubiosch,1,0,11,0.222413,0.235746,0
@grumpy_boris,@grumpy_boris,1,0,11,0.222413,0.235746,0
@gsalfate,@gsalfate,1,8,12,0.206537,0.217143,0
@gseriche,@gseriche,1,0,11,0.222413,0.235746,0
@gue84586340,@gue84586340,1,5,12,0.207114,0.217546,0
@guenis61,@guenis61,1,0,11,0.210253,0.222816,0
@guille_vergara,@guille_vergara,4,8,10,0.263203,0.288891,0.000606
@guilledechile,@guilledechile,1,0,11,0.224201,0.238157,0
@guillermo_s12,@guillermo_s12,3,8,10,0.260612,0.285649,0.000039
@guillermodiazf6,@guillermodiazf6,1,0,11,0.216365,0.228595,0
@guillermorisso6,@guillermorisso6,1,52,12,0.181907,0.189252,0
@guillermowoody1,@guillermowoody1,5,5,10,0.264653,0.294999,0.001542
@guilloblanco_,@guilloblanco_,3,8,10,0.243157,0.259865,0.000014
@guiverno1,@guiverno1,1,91,6,0.27957,0.329487,0
@gungebrostgo,@gungebrostgo,1,77,2,0.538462,0.571429,0
@guororororoi,@guororororoi,1,0,11,0.224201,0.238157,0
@gusbolvaran,@gusbolvaran,1,8,10,0.25687,0.281537,0
@gusgus_oficial,@gusgus_oficial,1,139,10,0.245122,0.270518,0
@guspiz,@guspiz,1,5,12,0.197932,0.208295,0
@gussanelli,@gussanelli,1,139,10,0.245122,0.270518,0
@gustavitorojasv,@gustavitorojasv,3,5,10,0.259167,0.285221,0.000079
@gustavo75982015,@gustavo75982015,1,5,12,0.225105,0.2441,0
@gustavoespinoz,@gustavoespinoz,1,5,12,0.225105,0.2441,0
@gustavovdx6,@gustavovdx6,1,139,10,0.245122,0.270518,0
@gusthablo,@gusthablo,3,0,11,0.225565,0.240408,0.000208
@gxl_oyanedel,@gxl_oyanedel,1,157,11,0.246168,0.266,0
@h4rvickismo29,@h4rvickismo29,1,129,1,1,1,0
@A_S12,@A_S12,1,129,1,1,1,0
@hada_del_bosque,@hada_del_bosque,2,157,11,0.221605,0.233504,0.000026
@hada_patriota,@hada_patriota,3,5,10,0.248432,0.276458,0.000264
@hadacampanita,@hadacampanita,1,5,12,0.225105,0.2441,0
@hadaluzeterea,@hadaluzeterea,3,8,10,0.261782,0.285596,0.000591
@hadjezruth,@hadjezruth,1,139,10,0.245122,0.270518,0
@hagaseunfavor,@hagaseunfavor,1,130,1,1,1,0
@F_Tagle,@F_Tagle,1,130,1,1,1,0
@hail_alvaro,@hail_alvaro,2,8,10,0.257763,0.282746,0.000008
@hanaltam,@hanaltam,1,8,10,0.25687,0.281537,0
@hannovergroup,@hannovergroup,2,139,10,0.245168,0.270695,0.0006
@HassNassar,@HassNassar,2,139,11,0.196918,0.209039,0.0003
@hansonlucy,@hansonlucy,1,0,11,0.199615,0.210476,0
@hanstur,@hanstur,1,139,10,0.245122,0.270518,0
@happylds,@happylds,1,157,11,0.246168,0.266,0
@hardtmannsureda,@hardtmannsureda,1,5,12,0.225105,0.2441,0
@haroldbabcock10,@haroldbabcock10,1,193,12,0.194453,0.205395,0
@harryisshinning,@harryisshinning,1,131,2,0.555556,0.6,0
@minhoadickted,@minhoadickted,5,131,1,1,1,0.000001
@harukaamakusa,@harukaamakusa,16,215,10,0.29775,0.337023,0.011214
@FreddyGusBorjaB,@FreddyGusBorjaB,2,215,11,0.229608,0.246456,0.000086
@haydeeazalea,@haydeeazalea,1,8,10,0.25687,0.281537,0
@hcardenasv,@hcardenasv,1,0,11,0.199615,0.210476,0
@hcpadilla,@hcpadilla,1,139,10,0.235786,0.250448,0
@hdesolminihac,@hdesolminihac,1,51,2,0.666667,0.75,0
@heab0101,@heab0101,2,139,10,0.24625,0.27185,0.000056
@hebarland,@hebarland,2,5,10,0.262843,0.291653,0.000071
@hector85178248,@hector85178248,1,8,12,0.210749,0.222493,0
@hectorc32144503,@hectorc32144503,1,139,12,0.194045,0.204961,0
@hectorgonzale44,@hectorgonzale44,3,8,10,0.259712,0.2864,0.000044
@hectorubilla,@hectorubilla,1,139,10,0.245122,0.270518,0
@heidimontana,@heidimontana,1,8,10,0.25687,0.281537,0
@heidymrb_heidy,@heidymrb_heidy,1,139,10,0.245122,0.270518,0
@heliamolina_m,@heliamolina_m,1,52,11,0.188005,0.19759,0
@helmutkramer,@helmutkramer,1,0,13,0.161529,0.166668,0
@hemasa7,@hemasa7,1,139,10,0.235786,0.250448,0
@hemisferiosur,@hemisferiosur,1,8,10,0.235444,0.251191,0
@henriquecastroe,@henriquecastroe,9,193,10,0.28938,0.32825,0.0021
@henriquezcat1,@henriquezcat1,1,5,12,0.172646,0.180122,0
@herfifu,@herfifu,1,5,12,0.197932,0.208295,0
@heri_bagui,@heri_bagui,1,171,13,0.127422,0.129708,0
@hermanaguirrea,@hermanaguirrea,3,141,11,0.256819,0.280309,0.001074
@hermescontrera2,@hermescontrera2,1,8,10,0.235444,0.251191,0
@hermosillacarla,@hermosillacarla,8,8,10,0.293356,0.331001,0.006679
@hernan1750,@hernan1750,1,139,10,0.245122,0.270518,0
@hernan695,@hernan695,3,139,10,0.254964,0.282124,0.000106
@momentoviral,@momentoviral,3,139,11,0.230373,0.248005,0.000025
@hernanespinoza,@hernanespinoza,2,139,10,0.24625,0.27185,0.000056
@heroddp,@heroddp,1,139,12,0.209464,0.221646,0
@herogalactico,@herogalactico,1,132,1,1,1,0
@LuigiWrestling,@LuigiWrestling,1,132,1,1,1,0
@herviazamudio,@herviazamudio,1,0,11,0.224201,0.238157,0
@hevueltoahorasi,@hevueltoahorasi,1,139,10,0.245122,0.270518,0
@hexaedraregular,@hexaedraregular,1,157,11,0.235883,0.248355,0
@hexleiv,@hexleiv,1,8,12,0.211634,0.22337,0
@hidepatton,@hidepatton,1,0,11,0.224201,0.238157,0
@hijodechamorro,@hijodechamorro,1,0,11,0.224201,0.238157,0
@hikary997,@hikary997,2,5,10,0.254289,0.285,0.000099
@hikemiii,@hikemiii,1,124,11,0.219989,0.231932,0
@hildengarden,@hildengarden,1,139,10,0.235786,0.250448,0
@hipocroc,@hipocroc,3,171,10,0.215942,0.227775,0.000062
@hiramluzio,@hiramluzio,2,0,11,0.226629,0.240306,0.000017
@hitamacaya,@hitamacaya,1,5,12,0.225105,0.2441,0
@hkoa_ll8,@hkoa_ll8,1,171,12,0.150704,0.154619,0
@elcancillercom,@elcancillercom,3,171,11,0.17744,0.183916,0.0006
@hlagosb,@hlagosb,7,8,10,0.262285,0.291338,0.000104
@hmanriquezmoya,@hmanriquezmoya,1,8,10,0.25687,0.281537,0
@holajuanjo2010,@holajuanjo2010,8,5,10,0.269157,0.304077,0.001148
@holamanacho,@holamanacho,1,133,1,1,1,0
@Grellsdain,@Grellsdain,1,133,1,1,1,0
@horaciogvaldes,@horaciogvaldes,2,8,10,0.251808,0.278634,0.00004
@hospitalarica,@hospitalarica,1,134,1,1,1,0
@saludarica,@saludarica,1,134,1,1,1,0
@hospitaldigital,@hospitaldigital,2,52,11,0.186948,0.1966,0.000008
@Salud_Responde,@Salud_Responde,5,52,12,0.197804,0.206875,0.000363
@hospitalpm,@hospitalpm,2,52,11,0.186545,0.195988,0.0003
@seremisalud10,@seremisalud10,3,52,12,0.157241,0.1629,0.0003
@hoydespertamos,@hoydespertamos,1,157,11,0.220907,0.232079,0
@hpixiie,@hpixiie,2,183,11,0.22339,0.237598,0.003443
@hrodreiks,@hrodreiks,1,8,10,0.235444,0.251191,0
@hrpwicho,@hrpwicho,1,0,11,0.218709,0.231337,0
@httpvnvls,@httpvnvls,3,183,11,0.205514,0.21842,0.001601
@imalltoowell,@imalltoowell,1,183,12,0.170484,0.177509,0
@huanke_o,@huanke_o,1,183,13,0.161013,0.167948,0
@huaso11,@huaso11,3,8,10,0.259452,0.290807,0.000142
@huaso_ilustrado,@huaso_ilustrado,1,8,10,0.229172,0.240727,0
@huasonotanbruto,@huasonotanbruto,1,5,12,0.181564,0.189823,0
@MissTurandot,@MissTurandot,3,5,11,0.221833,0.237452,0.000339
@hubert17381977,@hubert17381977,2,135,2,0.625,0.7,0
@DrMontomoli,@DrMontomoli,1,135,3,0.416667,0.5,0
@hugoalfonso,@hugoalfonso,1,8,10,0.25687,0.281537,0
@hugoanziani,@hugoanziani,1,139,10,0.245122,0.270518,0
@hugoguionista,@hugoguionista,1,0,11,0.212675,0.223345,0
@hugohc20,@hugohc20,1,139,10,0.245122,0.270518,0
@hugolaborati1,@hugolaborati1,15,171,10,0.249387,0.277919,0.002594
@TraductorTeAma,@TraductorTeAma,1,171,11,0.199615,0.212701,0
@V18967888,@V18967888,2,171,11,0.200836,0.214289,0.000003
@VJarabina,@VJarabina,1,171,11,0.199615,0.212701,0
@ViejoLibertario,@ViejoLibertario,1,171,11,0.199615,0.212701,0
@claudiosavoia,@claudiosavoia,1,171,11,0.199615,0.212701,0
@hugomagno1980,@hugomagno1980,1,0,11,0.216365,0.228595,0
@hugoriveraestay,@hugoriveraestay,1,139,10,0.245122,0.270518,0
@humanosporlave2,@humanosporlave2,10,8,10,0.265398,0.295786,0.000183
@humbert68595922,@humbert68595922,1,109,14,0.141082,0.14485,0
@humberto7777,@humberto7777,2,171,11,0.248598,0.268195,0.000031
@humberto_hass,@humberto_hass,1,8,10,0.25687,0.281537,0
@husansa,@husansa,1,0,11,0.218709,0.231337,0
@husarcandia,@husarcandia,1,139,11,0.195877,0.205206,0
@iamjavi4,@iamjavi4,1,139,10,0.245122,0.270518,0
@iampaoladiazq,@iampaoladiazq,1,0,11,0.224201,0.238157,0
@iampatux,@iampatux,1,0,12,0.188387,0.196401,0
@iaregiovine,@iaregiovine,1,0,11,0.222413,0.235746,0
@ibacache2302,@ibacache2302,1,8,10,0.25687,0.281537,0
@ibrahimreyes161,@ibrahimreyes161,5,8,10,0.281299,0.319143,0.00113
@iceblancforever,@iceblancforever,1,136,1,1,1,0
@HuracanRodrigui,@HuracanRodrigui,1,136,1,1,1,0
@ichbin_ro,@ichbin_ro,2,137,1,1,1,0
@NFMai,@NFMai,1,137,2,0.666667,0.75,0
@_ulmerspatz,@_ulmerspatz,1,137,2,0.666667,0.75,0
@icta9419,@icta9419,1,67,13,0.155144,0.159629,0
@identi_dd,@identi_dd,1,67,17,0.095868,0.0974,0
@idiotaindolente,@idiotaindolente,1,52,11,0.18593,0.196243,0
@iduboy,@iduboy,2,52,11,0.220625,0.232688,0.00013
@iglesias_veliz,@iglesias_veliz,4,5,10,0.285809,0.320892,0.002074
@Dani_Espadafor3,@Dani_Espadafor3,1,5,11,0.222289,0.237496,0
@ignacioagr4779,@ignacioagr4779,1,109,12,0.186915,0.19554,0
@ignaciof40,@ignaciof40,1,139,10,0.245122,0.270518,0
@igra_ine,@igra_ine,3,0,11,0.250048,0.272861,0.00124
@igramir,@igramir,1,0,11,0.195818,0.20601,0
@iichanln,@iichanln,1,91,6,0.257426,0.295513,0
@iknowlinoyeh,@iknowlinoyeh,1,131,2,0.555556,0.6,0
@il_consigliori_,@il_consigliori_,1,8,10,0.25687,0.281537,0
@ilharrebordem,@ilharrebordem,2,215,12,0.185511,0.19443,0.0003
@FNP_ArmadaCol,@FNP_ArmadaCol,1,215,13,0.156487,0.161758,0
@imantoestrada,@imantoestrada,1,157,11,0.220907,0.232079,0
@imarccelo,@imarccelo,1,135,3,0.5,0.566667,0
@imaureirac,@imaureirac,2,0,11,0.226937,0.242595,0.000078
@imeecasep,@imeecasep,1,5,12,0.225105,0.2441,0
@imom54,@imom54,1,8,10,0.25687,0.281537,0
@inaki_puya,@inaki_puya,1,8,10,0.25687,0.281537,0
@inalby,@inalby,1,157,11,0.246168,0.266,0
@incon3xo,@incon3xo,1,0,11,0.218709,0.231337,0
@indi_san,@indi_san,1,157,13,0.167452,0.174164,0
@indomita29,@indomita29,1,157,11,0.246168,0.266,0
@inemmed,@inemmed,2,0,11,0.224259,0.238359,0.000014
@info_war_chile,@info_war_chile,2,193,12,0.231009,0.244773,0.000005
@ingcristianca,@ingcristianca,1,139,10,0.245122,0.270518,0
@ingridhofmannb,@ingridhofmannb,5,8,10,0.266831,0.298246,0.000214
@ingridlo,@ingridlo,1,157,11,0.246168,0.266,0
@ingvignes,@ingvignes,1,5,12,0.196851,0.20765,0
@inieves0,@inieves0,3,157,11,0.248575,0.270298,0.000012
@inostrozaj,@inostrozaj,1,5,12,0.212171,0.226211,0
@ins0lacion,@ins0lacion,1,91,4,0.313253,0.355769,0
@instintkiller,@instintkiller,1,138,1,1,1,0
@SpaceNosey,@SpaceNosey,1,138,1,1,1,0
@int_victor,@int_victor,1,5,12,0.216573,0.230214,0
@io_pincelsonoro,@io_pincelsonoro,1,8,12,0.225939,0.237245,0
@ipaezalan,@ipaezalan,1,8,12,0.228718,0.241364,0
@irenepopescu,@irenepopescu,1,171,10,0.215619,0.226946,0
@irisrod76281718,@irisrod76281718,6,139,10,0.281391,0.319594,0.000657
@isabel_gg10,@isabel_gg10,2,8,12,0.230547,0.251435,0.000015
@isabellarulis,@isabellarulis,5,139,10,0.252224,0.279626,0.000543
@victorcortes291,@victorcortes291,1,139,11,0.201429,0.214098,0
@isabelr32210642,@isabelr32210642,5,8,10,0.281681,0.320299,0.000522
@isaclaveria,@isaclaveria,1,16,2,0.666667,0.75,0
@isadoglover,@isadoglover,1,8,10,0.25687,0.281537,0
@isai_emanuel_,@isai_emanuel_,1,5,12,0.183354,0.19189,0
@isaiaslopez,@isaiaslopez,1,215,11,0.215825,0.225695,0
@isaserey,@isaserey,1,124,11,0.219989,0.231932,0
@ish_2010,@ish_2010,1,5,12,0.212171,0.226211,0
@isidoroguitlitz,@isidoroguitlitz,1,139,14,0.160208,0.164284,0
@IsraelinChile,@IsraelinChile,2,139,13,0.190763,0.197758,0.0003
@isis12342,@isis12342,2,139,10,0.265262,0.292818,0.000077
@isjime,@isjime,1,5,12,0.205832,0.217029,0
@ismaelherrera1,@ismaelherrera1,3,0,10,0.25874,0.283114,0.000436
@MaraJirn2,@MaraJirn2,1,0,11,0.205563,0.216701,0
@isosayaka117,@isosayaka117,1,140,1,1,1,0
@YokoPosting,@YokoPosting,1,140,1,1,1,0
@isotoram,@isotoram,1,141,11,0.193966,0.203492,0
@ispch,@ispch,4,52,11,0.202277,0.212359,0.000019
@israel_cardenas,@israel_cardenas,14,8,10,0.297307,0.339654,0.001815
@israelfc6,@israelfc6,1,5,12,0.225105,0.2441,0
@israelmenesesb,@israelmenesesb,1,8,10,0.25687,0.281537,0
@itajoyvero,@itajoyvero,1,8,10,0.25687,0.281537,0
@Alberto27426282,@Alberto27426282,1,8,12,0.222565,0.235155,0
@itsame_andres,@itsame_andres,1,0,13,0.161529,0.166668,0
@itsnotpepa,@itsnotpepa,1,124,11,0.201664,0.21304,0
@itsthatg4l,@itsthatg4l,1,157,11,0.22658,0.237162,0
@itus9,@itus9,1,8,10,0.25687,0.281537,0
@iuisvaldes,@iuisvaldes,1,0,11,0.224201,0.238157,0
@iurex,@iurex,4,157,13,0.166667,0.173219,0.0009
@OpenEye95053629,@OpenEye95053629,1,157,14,0.142861,0.14682,0
@ZarpasyColmillo,@ZarpasyColmillo,1,157,14,0.142861,0.14682,0
@bigotescalleje1,@bigotescalleje1,1,157,14,0.142861,0.14682,0
@ivanarcosivan,@ivanarcosivan,2,0,11,0.225899,0.242303,0.000106
@ivanauta,@ivanauta,2,157,11,0.247827,0.268862,0
@ivancinho578,@ivancinho578,8,171,10,0.28959,0.33136,0.001351
@ivanventastj,@ivanventastj,3,8,10,0.257277,0.284841,0.000084
@ivemanriquezg,@ivemanriquezg,1,0,11,0.204687,0.216464,0
@ivettebernier,@ivettebernier,1,111,2,0.6,0.666667,0
@ivo63072743,@ivo63072743,5,139,10,0.279812,0.317171,0.001053
@octavioarturoMD,@octavioarturoMD,2,139,11,0.218663,0.235194,0.0003
@ivobyrt1,@ivobyrt1,1,26,2,0.545455,0.583333,0
@ivonnearm,@ivonnearm,1,109,12,0.168463,0.17306,0
@ivonnecastrob,@ivonnecastrob,3,124,11,0.224297,0.23978,0.000218
@iyw68,@iyw68,3,0,11,0.227484,0.239629,0.000452
@izarrauldes_,@izarrauldes_,1,5,12,0.225105,0.2441,0
@izy_kony,@izy_kony,1,157,11,0.246168,0.266,0
@j0aqu1n__,@j0aqu1n__,1,26,2,0.545455,0.583333,0
@j_bitrana,@j_bitrana,2,124,11,0.224346,0.237618,0.000073
@j_humberto1990,@j_humberto1990,1,139,10,0.235786,0.250448,0
@j_pablo_escobar,@j_pablo_escobar,1,5,12,0.216573,0.230214,0
@j_paez_g,@j_paez_g,1,5,12,0.204445,0.215597,0
@j_starkiller_85,@j_starkiller_85,1,52,11,0.18593,0.196243,0
@jaaavitoledo,@jaaavitoledo,1,157,11,0.246168,0.266,0
@jaarenasv,@jaarenasv,1,8,10,0.25687,0.281537,0
@jaavieraahc,@jaavieraahc,1,142,1,1,1,0
@rmandoVersos,@rmandoVersos,1,142,1,1,1,0
@jabal5,@jabal5,1,0,11,0.212675,0.223345,0
@jackyli27090782,@jackyli27090782,3,8,10,0.261875,0.286004,0.000608
@jacquelinesign,@jacquelinesign,2,5,11,0.207611,0.217996,0.00001
@jadue2021,@jadue2021,1,157,11,0.246168,0.266,0
@jadychile,@jadychile,6,8,10,0.283963,0.323934,0.000772
@jafgana,@jafgana,1,0,11,0.210253,0.222816,0
@jafortu,@jafortu,4,5,10,0.220316,0.235282,0.000061
@jagobast,@jagobast,1,5,12,0.225105,0.2441,0
@jaigobra,@jaigobra,1,8,10,0.25687,0.281537,0
@jaime_verdug0,@jaime_verdug0,3,215,10,0.224969,0.236691,0.000405
@OperadorNuclear,@OperadorNuclear,1,215,11,0.183659,0.189804,0
@jaimeacevedomd,@jaimeacevedomd,1,52,11,0.186518,0.195811,0
@jaimeconcha10,@jaimeconcha10,2,0,11,0.23105,0.248702,0.00009
@jaimegquinoness,@jaimegquinoness,1,139,10,0.245122,0.270518,0
@jaimelarenas_,@jaimelarenas_,2,157,11,0.247827,0.268862,0
@jaimemoreno45,@jaimemoreno45,1,139,10,0.245122,0.270518,0
@jaimeolmiranda,@jaimeolmiranda,2,8,12,0.225144,0.244276,0.000189
@Afectados_chile,@Afectados_chile,2,8,13,0.186431,0.197687,0.000001
@jaimerobertodi4,@jaimerobertodi4,13,8,10,0.290726,0.331171,0.002215
@jake_rjasaguiar,@jake_rjasaguiar,1,124,11,0.219989,0.231932,0
@jakeshimas,@jakeshimas,1,5,17,0.095858,0.097051,0
@jalbcl,@jalbcl,1,77,2,0.538462,0.571429,0
@jalbertofuentes,@jalbertofuentes,1,139,10,0.245122,0.270518,0
@jalfredoquiroz3,@jalfredoquiroz3,1,139,10,0.235786,0.250448,0
@jamm9312,@jamm9312,1,8,12,0.228718,0.241364,0
@jan29954,@jan29954,1,139,10,0.245122,0.270518,0
@jandittta,@jandittta,2,157,11,0.247625,0.26848,0.000012
@janecarvajal,@janecarvajal,3,0,11,0.224356,0.238891,0.000179
@janemo1972,@janemo1972,2,5,12,0.210126,0.221904,0.000003
@janethvalmon,@janethvalmon,1,5,12,0.203915,0.214177,0
@janitaiquiquena,@janitaiquiquena,1,8,10,0.25687,0.281537,0
@janitobastidas,@janitobastidas,19,8,10,0.286361,0.324227,0.001818
@Roderic13425757,@Roderic13425757,2,8,11,0.225222,0.242732,0.000001
@jannezimmerman2,@jannezimmerman2,2,139,10,0.265262,0.292818,0.000077
@jannina_n,@jannina_n,1,157,11,0.235883,0.248355,0
@jano1967,@jano1967,1,157,11,0.246168,0.266,0
@janoavendano,@janoavendano,1,0,11,0.210253,0.222816,0
@janodiazvega,@janodiazvega,2,8,10,0.245214,0.259405,0.001744
@janomatusmc,@janomatusmc,3,8,10,0.278043,0.313334,0.000272
@jansplus,@jansplus,1,0,15,0.120143,0.122476,0
@janycado8,@janycado8,1,5,12,0.225105,0.2441,0
@jara1306,@jara1306,4,8,10,0.259439,0.286372,0.000046
@jaracaran,@jaracaran,1,8,12,0.210749,0.222493,0
@jarendont,@jarendont,1,5,12,0.212171,0.226211,0
@jasra1,@jasra1,3,143,1,1,1,0
@JorgeArmandoR_,@JorgeArmandoR_,1,143,2,0.6,0.666667,0
@SPRInforma,@SPRInforma,1,143,2,0.6,0.666667,0
@SRE_mx,@SRE_mx,1,143,2,0.6,0.666667,0
@jato1969,@jato1969,1,8,10,0.25687,0.281537,0
@javi__diazp,@javi__diazp,2,124,11,0.220064,0.232205,0.00015
@javi_buna,@javi_buna,2,124,11,0.224346,0.237618,0.000073
@javiedwards,@javiedwards,1,124,11,0.219989,0.231932,0
@javier46700320,@javier46700320,1,8,12,0.221596,0.236054,0
@javier7111,@javier7111,4,8,10,0.261005,0.288535,0.000052
@javier_azr,@javier_azr,4,0,11,0.235134,0.25291,0.000212
@javier_rc,@javier_rc,3,8,10,0.258585,0.284346,0.000029
@javieralvarado8,@javieralvarado8,1,0,11,0.216365,0.228595,0
@javierasunrise,@javierasunrise,1,0,11,0.224201,0.238157,0
@javiercaicai,@javiercaicai,2,157,11,0.247625,0.26848,0.000012
@javiergomezcl,@javiergomezcl,1,171,10,0.215619,0.226946,0
@javieris,@javieris,1,0,11,0.204687,0.216464,0
@javiermartinez_,@javiermartinez_,1,5,12,0.204445,0.215597,0
@javire,@javire,1,5,12,0.225105,0.2441,0
@javitafu,@javitafu,1,144,2,0.666667,0.75,0
@fernandamdo,@fernandamdo,2,144,1,1,1,0
@javysaa,@javysaa,1,0,11,0.218709,0.231337,0
@jaz_gabriela,@jaz_gabriela,1,157,11,0.246168,0.266,0
@jbarrientosg,@jbarrientosg,1,139,10,0.245122,0.270518,0
@jc0nnor,@jc0nnor,1,193,12,0.212998,0.224727,0
@jc_alf51,@jc_alf51,6,8,10,0.266133,0.294368,0.000118
@jca6juan,@jca6juan,2,8,10,0.258264,0.283496,0.000015
@jcaceresnu,@jcaceresnu,1,0,11,0.222413,0.235746,0
@jcampospaiva,@jcampospaiva,2,5,11,0.205027,0.215739,0.000049
@jcarlos1479,@jcarlos1479,4,139,10,0.282617,0.319379,0.000411
@jccl03_03,@jccl03_03,1,157,11,0.246168,0.266,0
@jccont4,@jccont4,1,145,2,0.666667,0.75,0
@elikitty_33,@elikitty_33,2,145,1,1,1,0
@CAV_AEP,@CAV_AEP,2,0,12,0.19264,0.200553,0.0003
@DrTedros,@DrTedros,1,0,12,0.192626,0.200425,0
@jclabarca,@jclabarca,1,146,1,1,1,0
@DavidWolfe,@DavidWolfe,1,146,1,1,1,0
@jcmorales78,@jcmorales78,2,8,12,0.228738,0.241492,0.0003
@MaesgoChile2019,@MaesgoChile2019,1,8,13,0.186163,0.192789,0
@jcona3,@jcona3,1,0,11,0.210253,0.222816,0
@jcorona59,@jcorona59,3,8,10,0.259985,0.286803,0.000049
@jcortineze,@jcortineze,1,5,12,0.212171,0.226211,0
@jcoutdoorchile,@jcoutdoorchile,1,157,11,0.246168,0.266,0
@jczeta31,@jczeta31,1,19,2,0.555556,0.6,0
@jd72jd,@jd72jd,2,8,12,0.19364,0.204493,0.000001
@jdar2034,@jdar2034,1,5,12,0.225105,0.2441,0
@jdelapaz1,@jdelapaz1,2,0,11,0.222451,0.235922,0.000192
@jdoran_jose,@jdoran_jose,2,8,10,0.258444,0.284086,0.000018
@jduarte1972,@jduarte1972,4,0,11,0.230824,0.248115,0.00024
@jean_gajardo,@jean_gajardo,4,0,11,0.203459,0.215336,0.000432
@jean_garcia_p,@jean_garcia_p,4,8,12,0.234985,0.250493,0.000019
@jean_jice,@jean_jice,8,169,14,0.140535,0.145889,0.002699
@DJELLE_,@DJELLE_,1,169,15,0.123222,0.126547,0
@Georgette8751,@Georgette8751,1,169,15,0.123222,0.126547,0
@Resistance_SM,@Resistance_SM,1,169,15,0.123222,0.126547,0
@cab2626,@cab2626,1,169,15,0.123222,0.126547,0
@silvano_trotta,@silvano_trotta,1,169,15,0.123222,0.126547,0
@verity_france,@verity_france,2,169,15,0.123239,0.126772,0.0009
@jeanbeltranguzm,@jeanbeltranguzm,1,139,12,0.164526,0.171295,0
@fab1972fabi,@fab1972fabi,2,139,11,0.196918,0.209039,0.0003
@jeanlopez1980,@jeanlopez1980,1,109,12,0.151099,0.155427,0
@jeansantander,@jeansantander,1,139,10,0.245122,0.270518,0
@jeb15978927,@jeb15978927,15,8,10,0.269717,0.302681,0.001219
@SubidonA,@SubidonA,3,8,11,0.223756,0.240786,0.000002
@jebriflo,@jebriflo,1,81,2,0.571429,0.625,0
@jecahe,@jecahe,1,5,12,0.184449,0.194171,0
@jechunuquez,@jechunuquez,2,0,11,0.226629,0.240306,0.000017
@jedomm,@jedomm,3,0,11,0.234126,0.25084,0.000137
@jeka56678577,@jeka56678577,1,215,11,0.215825,0.225695,0
@jeki_a,@jeki_a,4,157,11,0.24904,0.271345,0.000214
@jeldrezcris,@jeldrezcris,7,8,10,0.271041,0.302296,0.000288
@jelfovolcan1,@jelfovolcan1,5,8,10,0.262126,0.290847,0.000079
@jennyvega09,@jennyvega09,1,147,2,0.666667,0.75,0
@icoabreu,@icoabreu,2,147,1,1,1,0
@jenrihenry,@jenrihenry,2,8,10,0.235219,0.249354,0.000007
@jeque1442971,@jeque1442971,1,139,12,0.19414,0.205417,0
@jeremias949698,@jeremias949698,1,8,12,0.213921,0.225697,0
@jerovalvi,@jerovalvi,1,50,2,0.538462,0.571429,0
@jerovavi,@jerovavi,1,50,2,0.538462,0.571429,0
@jeshuramoryan,@jeshuramoryan,1,157,11,0.246168,0.266,0
@jessicardweb,@jessicardweb,1,193,12,0.212998,0.224727,0
@jessnazareno12,@jessnazareno12,1,8,12,0.193409,0.204322,0
@jessyan25,@jessyan25,4,0,11,0.252028,0.276282,0.00046
@jesus_a_c,@jesus_a_c,2,8,12,0.212414,0.225472,0.000001
@jesus_enrique88,@jesus_enrique88,1,0,11,0.218709,0.231337,0
@jesusd20,@jesusd20,1,139,10,0.245122,0.270518,0
@jesusmanuelra,@jesusmanuelra,1,109,12,0.186915,0.19554,0
@jesusxifer,@jesusxifer,1,8,10,0.25687,0.281537,0
@jetza2020,@jetza2020,2,8,12,0.226422,0.239331,0.000001
@jfcardenasr,@jfcardenasr,6,0,11,0.230291,0.248178,0.000748
@jfcura61,@jfcura61,1,5,12,0.212171,0.226211,0
@jfperezc,@jfperezc,1,139,10,0.245122,0.270518,0
@jgarciajofre,@jgarciajofre,1,8,12,0.230547,0.243628,0
@jhidalgoanfossi,@jhidalgoanfossi,2,148,1,1,1,0
@Jdabanchpena,@Jdabanchpena,1,148,2,0.666667,0.75,0
@guiarte_ec,@guiarte_ec,1,148,2,0.666667,0.75,0
@jhon777martinez,@jhon777martinez,1,139,10,0.245122,0.270518,0
@jhon_sown,@jhon_sown,1,8,12,0.199071,0.210985,0
@jhonellew,@jhonellew,2,5,10,0.2529,0.274798,0.000464
@jhonurbano0126,@jhonurbano0126,1,197,12,0.183659,0.191692,0
@jhonwic00996286,@jhonwic00996286,1,8,10,0.25687,0.281537,0
@jignaciozp,@jignaciozp,1,8,12,0.21824,0.231604,0
@jijara44,@jijara44,1,139,12,0.19414,0.205417,0
@jimenal09461189,@jimenal09461189,1,157,11,0.246168,0.266,0
@jimenezm32j,@jimenezm32j,1,5,12,0.216573,0.230214,0
@jimenezmunne,@jimenezmunne,5,8,10,0.261255,0.289321,0.000068
@jimnlvly,@jimnlvly,4,157,11,0.248408,0.27006,0.000138
@jismael67,@jismael67,2,0,11,0.224259,0.238381,0.00045
@jjdl65,@jjdl65,1,157,11,0.235883,0.248355,0
@jjgamezs,@jjgamezs,1,124,11,0.201664,0.21304,0
@jjteruel,@jjteruel,1,139,12,0.209464,0.221646,0
@jkalmphehrcef,@jkalmphehrcef,1,139,10,0.245122,0.270518,0
@jkarancibias,@jkarancibias,1,5,12,0.225105,0.2441,0
@jkaulen,@jkaulen,2,8,10,0.258264,0.283496,0.000015
@jkmc__,@jkmc__,1,0,11,0.222413,0.235746,0
@jkpolloprogre,@jkpolloprogre,3,0,11,0.213279,0.224695,0.000388
@Victor_Tabas,@Victor_Tabas,1,0,12,0.175793,0.182031,0
@jl_4lexis,@jl_4lexis,1,139,10,0.245122,0.270518,0
@jl_briceno,@jl_briceno,1,8,10,0.25687,0.281537,0
@jlgarciapacheco,@jlgarciapacheco,1,149,1,1,1,0
@CoronaHeadsUp,@CoronaHeadsUp,1,149,1,1,1,0
@jmenaldia,@jmenaldia,1,5,12,0.194394,0.204435,0
@jmirandap20161,@jmirandap20161,1,0,11,0.212675,0.223345,0
@jmirosas,@jmirosas,1,157,11,0.220907,0.232079,0
@jmmenar,@jmmenar,1,139,10,0.245122,0.270518,0
@jneumannp,@jneumannp,1,157,11,0.229608,0.240715,0
@joaco_bqco,@joaco_bqco,1,0,11,0.222413,0.235746,0
@joaco_velasquez,@joaco_velasquez,1,23,2,0.571429,0.625,0
@joakin_go,@joakin_go,1,0,11,0.216365,0.228595,0
@joanulloa1,@joanulloa1,1,8,12,0.210749,0.222493,0
@joaquina_ved,@joaquina_ved,1,8,12,0.193409,0.204322,0
@joaquinlucas333,@joaquinlucas333,1,139,10,0.245122,0.270518,0
@joaqun4421,@joaqun4421,1,139,10,0.245122,0.270518,0
@joctool,@joctool,4,0,11,0.235497,0.255249,0.000404
@john_bike,@john_bike,2,139,10,0.253518,0.281014,0.000045
@johncas17560453,@johncas17560453,12,8,10,0.276428,0.308772,0.000562
@johnny18763636,@johnny18763636,5,0,11,0.228446,0.245436,0.000264
@Noalguve,@Noalguve,3,0,11,0.226007,0.242607,0.000312
@jokephine,@jokephine,1,157,11,0.246168,0.266,0
@jomato_55,@jomato_55,1,8,10,0.236657,0.25105,0
@jomeneses89,@jomeneses89,1,0,11,0.222413,0.235746,0
@jonathan198009,@jonathan198009,2,8,10,0.251979,0.279841,0.000086
@jonathan_fupa,@jonathan_fupa,1,150,1,1,1,0
@SeremiSalud16,@SeremiSalud16,1,150,1,1,1,0
@jonathanaez,@jonathanaez,2,8,10,0.261439,0.288002,0.00003
@jonesriquelme,@jonesriquelme,1,139,10,0.245122,0.270518,0
@jonycat,@jonycat,1,8,12,0.21824,0.231604,0
@jopemimojose,@jopemimojose,1,5,12,0.225105,0.2441,0
@joranetel,@joranetel,1,8,12,0.214424,0.226427,0
@jorge15185,@jorge15185,1,139,10,0.245122,0.270518,0
@jorge421980,@jorge421980,1,5,12,0.189385,0.20029,0
@jorge_pacheco,@jorge_pacheco,8,52,11,0.213674,0.224986,0.001166
@MikeTisza,@MikeTisza,1,52,12,0.176061,0.182066,0
@adamjkucharski,@adamjkucharski,1,52,12,0.176061,0.182066,0
@jonathon_mellor,@jonathon_mellor,1,52,12,0.176061,0.182066,0
@jorgeal25453228,@jorgeal25453228,1,8,10,0.25687,0.281537,0
@jorgecodelia,@jorgecodelia,1,0,11,0.210253,0.222816,0
@jorgegaete,@jorgegaete,1,151,1,1,1,0
@RosanaFerrero,@RosanaFerrero,1,151,1,1,1,0
@jorgeiturriaga,@jorgeiturriaga,1,139,10,0.245122,0.270518,0
@jorgeiv74851215,@jorgeiv74851215,2,8,10,0.257175,0.282195,0.00001
@jorgejara2306,@jorgejara2306,1,0,13,0.175235,0.183238,0
@jorgeluisanc,@jorgeluisanc,2,139,10,0.253518,0.281014,0.000045
@jorgem08810,@jorgem08810,1,152,1,1,1,0
@SergioFFerra,@SergioFFerra,1,152,1,1,1,0
@jorgema59925718,@jorgema59925718,3,8,10,0.266365,0.292623,0.001099
@jorgemondasol,@jorgemondasol,1,139,10,0.245122,0.270518,0
@jorgemuozsegovi,@jorgemuozsegovi,1,157,11,0.246168,0.266,0
@jorgeporter,@jorgeporter,4,193,10,0.262047,0.289528,0.000068
@jorger5v,@jorger5v,1,215,11,0.215825,0.225695,0
@jorgeraggio,@jorgeraggio,1,139,10,0.245122,0.270518,0
@jorgevamaceda73,@jorgevamaceda73,4,5,12,0.215422,0.231231,0.000051
@jorlysfigue,@jorlysfigue,1,8,10,0.236657,0.25105,0
@joseedu42391603,@joseedu42391603,1,153,2,0.666667,0.75,0
@MataSalas123,@MataSalas123,2,153,1,1,1,0
@josefelixgonzle,@josefelixgonzle,1,8,12,0.214424,0.226427,0
@josefinautista,@josefinautista,2,0,11,0.23105,0.248702,0.00009
@joseglealt,@joseglealt,4,109,10,0.216392,0.228877,0.002834
@joseignacio6z,@joseignacio6z,1,8,12,0.170389,0.177952,0
@josejoiys,@josejoiys,1,139,10,0.235786,0.250448,0
@josejorxx,@josejorxx,1,139,10,0.245122,0.270518,0
@joseluischure,@joseluischure,1,8,12,0.210535,0.222495,0
@josemar90271035,@josemar90271035,1,154,1,1,1,0
@ismaelmorillog,@ismaelmorillog,1,154,1,1,1,0
@josemartinezrub,@josemartinezrub,1,5,12,0.225105,0.2441,0
@joseortiza,@joseortiza,1,183,12,0.180584,0.188868,0
@josepablo_gd,@josepablo_gd,1,183,13,0.161013,0.167948,0
@joseporraselkan,@joseporraselkan,2,139,10,0.253518,0.281014,0.000045
@josepsantantoni,@josepsantantoni,6,8,10,0.252016,0.271888,0.001492
@joserubiov,@joserubiov,1,8,10,0.25687,0.281537,0
@josesilvaf,@josesilvaf,2,155,1,1,1,0
@LatinosXverdad,@LatinosXverdad,1,155,2,0.666667,0.75,0
@mercedesmalave,@mercedesmalave,1,155,2,0.666667,0.75,0
@josesolari,@josesolari,1,139,12,0.202348,0.213559,0
@josesotoelguet2,@josesotoelguet2,1,139,10,0.235786,0.250448,0
@josevalenzgonz,@josevalenzgonz,1,5,12,0.212171,0.226211,0
@josevillenas,@josevillenas,1,157,11,0.246168,0.266,0
@josmigu77360272,@josmigu77360272,3,8,10,0.261281,0.28645,0.000037
@josmiguelg,@josmiguelg,1,0,11,0.216365,0.228595,0
@josolvoi,@josolvoi,3,5,10,0.258405,0.287508,0.000171
@jossaus_,@jossaus_,1,157,11,0.229608,0.240715,0
@jostapi53879295,@jostapi53879295,4,8,10,0.258521,0.284656,0.000339
@Abraham04030924,@Abraham04030924,1,8,11,0.205425,0.217365,0
@josuesquier,@josuesquier,1,139,10,0.245122,0.270518,0
@jota_3c,@jota_3c,1,0,11,0.195818,0.20601,0
@jota_river,@jota_river,1,157,11,0.246168,0.266,0
@jotapatriotchil,@jotapatriotchil,2,8,10,0.257968,0.286786,0.000118
@jotape04009284,@jotape04009284,2,8,10,0.245725,0.262541,0.000018
@jotapeguitar,@jotapeguitar,1,157,11,0.246168,0.266,0
@jotatorifle,@jotatorifle,1,193,12,0.207636,0.218375,0
@jovitatrivi,@jovitatrivi,1,156,2,0.6,0.666667,0
@LozeJoelita,@LozeJoelita,3,156,1,1,1,0
@joyceelysea9,@joyceelysea9,29,8,10,0.271851,0.305481,0.004707
@BeatrizTalegon,@BeatrizTalegon,2,8,11,0.222977,0.239724,0.000001
@ErikSueco,@ErikSueco,1,8,11,0.213753,0.228392,0
@JuanGrvas,@JuanGrvas,1,8,11,0.213753,0.228392,0
@MAlpelicano,@MAlpelicano,1,8,11,0.213753,0.228392,0
@canariasdyu,@canariasdyu,1,8,11,0.213753,0.228392,0
@colapsistas,@colapsistas,1,8,11,0.213753,0.228392,0
@jozepa1969,@jozepa1969,7,157,11,0.250725,0.27425,0.000267
@jp_cito,@jp_cito,1,157,11,0.246168,0.266,0
@jpaguero14,@jpaguero14,1,5,12,0.225105,0.2441,0
@jpatriciobecer1,@jpatriciobecer1,1,139,12,0.209464,0.221646,0
@jpaudiophile,@jpaudiophile,2,0,10,0.26291,0.2882,0.000364
@jpbarrios,@jpbarrios,2,124,11,0.234443,0.250179,0.000243
@jpenaloza66,@jpenaloza66,7,8,10,0.266502,0.296475,0.000151
@jplopezpozo,@jplopezpozo,2,215,11,0.234316,0.247011,0.000655
@jptorrest,@jptorrest,1,52,12,0.157513,0.163204,0
@centroISCI,@centroISCI,4,52,11,0.186955,0.197003,0.000339
@jpxo87,@jpxo87,1,0,11,0.217289,0.227714,0
@jquezadab93,@jquezadab93,1,157,11,0.246168,0.266,0
@jrdevices,@jrdevices,6,157,11,0.248646,0.270603,0.000382
@HELA_MORE,@HELA_MORE,2,157,12,0.199155,0.209519,0.000001
@jresas,@jresas,2,139,10,0.245145,0.270647,0.0003
@carlos81956718,@carlos81956718,1,139,11,0.196888,0.208885,0
@jreyesnu,@jreyesnu,1,0,11,0.222413,0.235746,0
@jrttre,@jrttre,1,139,12,0.19077,0.20058,0
@jscancino,@jscancino,1,193,12,0.207636,0.218375,0
@jss_lgs,@jss_lgs,3,8,10,0.27634,0.312224,0.000233
@jt_castillo,@jt_castillo,1,157,11,0.191722,0.201257,0
@juacontece,@juacontece,1,157,11,0.22658,0.237162,0
@juanadinamarcav,@juanadinamarcav,1,158,1,1,1,0
@ActualidadRT,@ActualidadRT,1,158,1,1,1,0
@juanamaury69,@juanamaury69,4,193,10,0.249904,0.278702,0.00019
@juanarcealvarez,@juanarcealvarez,1,159,1,1,1,0
@carlossmato,@carlossmato,1,159,1,1,1,0
@juanari72798432,@juanari72798432,13,5,10,0.285887,0.324254,0.003385
@ALICIA56483057,@ALICIA56483057,1,5,11,0.222337,0.238877,0
@juancar59707052,@juancar59707052,1,139,10,0.245122,0.270518,0
@juancar92778475,@juancar92778475,3,8,10,0.259972,0.288662,0.000129
@juancarlossaid,@juancarlossaid,1,0,12,0.192626,0.200425,0
@juancvaldes,@juancvaldes,1,0,11,0.218709,0.231337,0
@juandavid0579,@juandavid0579,1,197,12,0.179478,0.186468,0
@juandiego194824,@juandiego194824,2,139,10,0.253518,0.281014,0.000045
@juanecheverriaf,@juanecheverriaf,1,139,10,0.245122,0.270518,0
@juanervs,@juanervs,1,139,10,0.235786,0.250448,0
@juanesvielma,@juanesvielma,1,139,10,0.245122,0.270518,0
@juanguerram,@juanguerram,1,139,12,0.200471,0.210834,0
@juanicosas,@juanicosas,2,5,10,0.23104,0.24914,0.000048
@juanitachilena,@juanitachilena,4,5,10,0.258908,0.285101,0.000189
@juanitamedium,@juanitamedium,1,157,11,0.246168,0.266,0
@juanjosenahuel,@juanjosenahuel,1,8,12,0.228718,0.241364,0
@juanjotsm,@juanjotsm,2,8,10,0.259374,0.285813,0.000013
@juanki1865,@juanki1865,1,139,10,0.245122,0.270518,0
@juankiband,@juankiband,1,139,10,0.245122,0.270518,0
@juanko_hizoka,@juanko_hizoka,1,160,1,1,1,0
@chiranlemon,@chiranlemon,1,160,1,1,1,0
@juanlillorojas,@juanlillorojas,1,139,12,0.209464,0.221646,0
@juanmayorgaruiz,@juanmayorgaruiz,1,139,10,0.245122,0.270518,0
@juanmodinger,@juanmodinger,1,5,12,0.205832,0.217029,0
@juanmonteverde8,@juanmonteverde8,1,5,11,0.204204,0.213865,0
@juanmoralista,@juanmoralista,2,8,10,0.255302,0.282477,0.000056
@juanobandoperez,@juanobandoperez,3,0,11,0.244475,0.26163,0.000168
@juanpablopinog,@juanpablopinog,2,52,10,0.245214,0.270737,0.000352
@efe__eme,@efe__eme,2,52,11,0.199247,0.211032,0.00007
@juanpablostgo,@juanpablostgo,1,0,11,0.224201,0.238157,0
@juanpaburtoc,@juanpaburtoc,7,5,10,0.284336,0.322042,0.002901
@juanpi_1977,@juanpi_1977,1,0,11,0.224201,0.238157,0
@juanpiztap2,@juanpiztap2,2,8,10,0.261439,0.288002,0.00003
@juanpon42902140,@juanpon42902140,2,8,10,0.256895,0.281665,0.0003
@wankel58,@wankel58,1,8,11,0.204397,0.215788,0
@juanram11,@juanram11,1,139,10,0.245122,0.270518,0
@juanrht1,@juanrht1,2,5,10,0.262843,0.291653,0.000071
@juanseapi,@juanseapi,4,0,11,0.237448,0.254199,0.000384
@juansotoaraya1,@juansotoaraya1,1,0,11,0.216365,0.228595,0
@juantaquides,@juantaquides,6,8,10,0.26331,0.292644,0.000127
@juanx7,@juanx7,5,157,11,0.24358,0.259975,0.001162
@jubaeva,@jubaeva,3,8,10,0.26315,0.288692,0.000654
@jucarufo,@jucarufo,1,0,13,0.176277,0.184481,0
@jugartesalinas,@jugartesalinas,1,157,11,0.235883,0.248355,0
@juliaalmendras,@juliaalmendras,2,5,10,0.262843,0.291653,0.000071
@juliaalopez8,@juliaalopez8,5,139,10,0.271993,0.303851,0.004852
@juliaja96990639,@juliaja96990639,1,5,12,0.212171,0.226211,0
@julio61987798,@julio61987798,3,8,10,0.278043,0.313334,0.000272
@julio_temuco,@julio_temuco,2,5,10,0.238979,0.257503,0.000027
@juliocanalesl,@juliocanalesl,1,0,11,0.218709,0.231337,0
@julioenriquem13,@julioenriquem13,2,139,10,0.253518,0.281014,0.000045
@julposibilista,@julposibilista,1,8,12,0.218663,0.233363,0
@julucase,@julucase,15,193,10,0.300701,0.344673,0.002486
@july_gaymer,@july_gaymer,2,139,10,0.253518,0.281014,0.000045
@just_cachu,@just_cachu,1,157,11,0.191722,0.201257,0
@justgrai,@justgrai,2,0,11,0.226937,0.242595,0.000078
@justiper64,@justiper64,1,139,10,0.235786,0.250448,0
@justme2029,@justme2029,1,8,12,0.199071,0.210985,0
@juvegal,@juvegal,1,139,10,0.245122,0.270518,0
@jvaldes07,@jvaldes07,3,8,10,0.253766,0.282425,0.000114
@k6fran_blue,@k6fran_blue,1,0,11,0.204687,0.216464,0
@kaamla68,@kaamla68,1,157,11,0.220907,0.232079,0
@kaanmoer,@kaanmoer,2,157,11,0.247012,0.267638,0.000009
@kacotaku,@kacotaku,1,8,10,0.222365,0.234988,0
@kagutierrezs,@kagutierrezs,1,161,1,1,1,0
@SaludPublicaRD,@SaludPublicaRD,1,161,1,1,1,0
@kalaantonia2,@kalaantonia2,1,50,2,0.538462,0.571429,0
@kalajanoctavio,@kalajanoctavio,1,5,12,0.210134,0.222101,0
@kaleidosucopio,@kaleidosucopio,2,91,5,0.38806,0.453205,0
@kaliman39,@kaliman39,1,139,10,0.245122,0.270518,0
@kambiado,@kambiado,1,0,12,0.179958,0.187114,0
@kamikaze973,@kamikaze973,2,157,11,0.246309,0.266369,0.000089
@kamilo_zolanski,@kamilo_zolanski,1,8,10,0.236657,0.25105,0
@kano49116008,@kano49116008,1,157,11,0.246168,0.266,0
@kar2586,@kar2586,1,8,10,0.236657,0.25105,0
@karecabarrenm,@karecabarrenm,1,124,11,0.219989,0.231932,0
@kareenpc,@kareenpc,2,0,11,0.225771,0.240361,0.000063
@karemg54,@karemg54,1,124,11,0.219989,0.231932,0
@karenbanda2777,@karenbanda2777,3,157,11,0.248575,0.270298,0.000012
@karencontrerasc,@karencontrerasc,1,139,10,0.245122,0.270518,0
@karenwer,@karenwer,1,193,12,0.194453,0.205395,0
@karinacohen,@karinacohen,1,109,12,0.195104,0.2044,0
@karinaksb_,@karinaksb_,1,157,11,0.191722,0.201257,0
@karinalorena,@karinalorena,1,157,11,0.246168,0.266,0
@karinamaybe,@karinamaybe,1,157,11,0.22658,0.237162,0
@karinapower,@karinapower,1,0,11,0.204687,0.216464,0
@karinja22,@karinja22,1,157,11,0.246168,0.266,0
@karinruff,@karinruff,2,5,12,0.214212,0.227241,0.000018
@karinwinder,@karinwinder,1,5,12,0.183076,0.192202,0
@karitobambi,@karitobambi,1,157,11,0.246168,0.266,0
@karla_jbdl,@karla_jbdl,1,124,11,0.201664,0.21304,0
@karlaasiilva,@karlaasiilva,2,0,11,0.217417,0.228077,0.000133
@karlabecerril5,@karlabecerril5,1,162,2,0.666667,0.75,0
@Melissa_Bely,@Melissa_Bely,2,162,1,1,1,0
@karlachavezl,@karlachavezl,2,124,11,0.249663,0.272087,0.000275
@karlaisbej,@karlaisbej,3,8,10,0.260769,0.292345,0.000187
@karlameneses12,@karlameneses12,1,157,11,0.246168,0.266,0
@karlampl,@karlampl,2,0,11,0.23105,0.248702,0.00009
@karlreitter,@karlreitter,2,163,1,1,1,0
@MariKanWien,@MariKanWien,1,163,2,0.666667,0.75,0
@mariodujakovic,@mariodujakovic,1,163,2,0.666667,0.75,0
@karmar1983,@karmar1983,2,8,10,0.240452,0.256828,0.000012
@karofuentesg,@karofuentesg,3,5,10,0.235743,0.251981,0.000365
@SergioLCandiaA1,@SergioLCandiaA1,1,5,11,0.190777,0.198845,0
@karoglp,@karoglp,5,157,11,0.247886,0.268992,0.000616
@karolita_jp,@karolita_jp,1,215,11,0.215825,0.225695,0
@karoll_ale,@karoll_ale,1,8,10,0.25687,0.281537,0
@karvalay,@karvalay,1,139,10,0.245122,0.270518,0
@karvend,@karvend,1,0,11,0.212675,0.223345,0
@kascencio3,@kascencio3,5,124,11,0.252962,0.27777,0.000589
@kaskeria,@kaskeria,1,8,12,0.209464,0.221845,0
@katherin8782818,@katherin8782818,5,157,11,0.249687,0.272104,0.00012
@kathyds84,@kathyds84,3,8,10,0.260363,0.287702,0.000027
@katiusquilla,@katiusquilla,3,0,11,0.26052,0.286541,0.001185
@katsuthewitch,@katsuthewitch,1,0,11,0.195818,0.20601,0
@katta2010,@katta2010,1,0,11,0.216365,0.228595,0
@kattamanterola,@kattamanterola,1,52,13,0.15386,0.159147,0
@QuePasaCL,@QuePasaCL,2,52,12,0.181831,0.190809,0.0003
@katty12mar,@katty12mar,1,0,11,0.216365,0.228595,0
@kattynielsen,@kattynielsen,2,8,10,0.259374,0.285813,0.000013
@katu_isa,@katu_isa,1,157,11,0.246168,0.266,0
@katysab2021,@katysab2021,1,0,11,0.210253,0.222816,0
@kaweskar,@kaweskar,1,8,10,0.222365,0.234988,0
@kaze2005,@kaze2005,2,8,10,0.231215,0.24611,0.000002
@keith1999luck,@keith1999luck,6,8,10,0.240709,0.258222,0.000173
@keka145756,@keka145756,2,8,10,0.258999,0.284343,0.000011
@kelauris,@kelauris,1,139,10,0.245122,0.270518,0
@kelvinrasquin_,@kelvinrasquin_,1,8,12,0.21824,0.231604,0
@kenaberta1944,@kenaberta1944,5,193,10,0.279496,0.31693,0.00046
@kenadechile,@kenadechile,4,124,11,0.23931,0.254992,0.000203
@kenalatejedora,@kenalatejedora,4,157,10,0.248741,0.274954,0.0004
@paislobo,@paislobo,2,157,11,0.22453,0.24135,0.000021
@kenmc92473,@kenmc92473,2,169,12,0.184384,0.193763,0.0003
@mattjcan,@mattjcan,1,169,13,0.155684,0.161195,0
@kenygamboa,@kenygamboa,1,5,12,0.189385,0.20029,0
@ketty2409,@ketty2409,2,5,10,0.257904,0.282914,0.000053
@kevinconkyuve,@kevinconkyuve,1,0,11,0.218709,0.231337,0
@kevinenoc2009,@kevinenoc2009,1,193,12,0.212998,0.224727,0
@kevinortegadj1,@kevinortegadj1,1,139,10,0.245122,0.270518,0
@kevinsai14,@kevinsai14,1,139,10,0.245122,0.270518,0
@kiarichii,@kiarichii,1,131,2,0.555556,0.6,0
@kid1carlomagno,@kid1carlomagno,1,0,11,0.224201,0.238157,0
@kikasoza,@kikasoza,3,157,11,0.24861,0.270497,0.000012
@kikoramirezow,@kikoramirezow,1,139,10,0.245122,0.270518,0
@kined17,@kined17,3,5,10,0.260599,0.28661,0.00029
@kiness02,@kiness02,1,8,10,0.25687,0.281537,0
@kintruy,@kintruy,1,8,12,0.21738,0.229521,0
@kittybito,@kittybito,1,0,11,0.224201,0.238157,0
@kjaysson,@kjaysson,8,8,10,0.265697,0.295538,0.000152
@kkismankk,@kkismankk,2,171,10,0.215672,0.227171,0.0009
@klandstyno,@klandstyno,1,157,11,0.17946,0.187302,0
@klaramer,@klaramer,3,109,10,0.248515,0.268301,0.000178
@kmmedicamentosa,@kmmedicamentosa,1,124,11,0.201664,0.21304,0
@knowzeroxwow,@knowzeroxwow,1,139,10,0.245122,0.270518,0
@koelner_haie,@koelner_haie,1,5,12,0.225105,0.2441,0
@koke25011979,@koke25011979,2,8,10,0.243499,0.259922,0.000023
@koke_cerda_,@koke_cerda_,1,52,11,0.188005,0.19759,0
@koke_funky,@koke_funky,8,8,10,0.252114,0.27391,0.000392
@kokehead,@kokehead,1,8,12,0.221596,0.236054,0
@kokenaxo,@kokenaxo,2,183,10,0.257738,0.282844,0.004112
@koketello,@koketello,1,139,10,0.245122,0.270518,0
@kollevolker,@kollevolker,4,169,14,0.141063,0.14592,0.000302
@DrPuerner,@DrPuerner,2,169,13,0.158123,0.16452,0.000235
@FabioDeMasi,@FabioDeMasi,1,169,15,0.123627,0.126762,0
@koloro666,@koloro666,1,0,11,0.217289,0.227714,0
@kookminimoni,@kookminimoni,1,139,10,0.245122,0.270518,0
@koronturan,@koronturan,1,164,1,1,1,0
@Anlik_Analiz,@Anlik_Analiz,1,164,1,1,1,0
@kotitaprice,@kotitaprice,1,52,11,0.18593,0.196243,0
@kpam5,@kpam5,4,157,11,0.249663,0.271975,0.000057
@krecargada,@krecargada,1,5,12,0.195427,0.205693,0
@krillomi,@krillomi,4,139,10,0.254563,0.283099,0.000142
@kripypast,@kripypast,1,139,10,0.245122,0.270518,0
@krisskevin,@krisskevin,1,139,10,0.245122,0.270518,0
@kritikopinoloco,@kritikopinoloco,1,8,12,0.230291,0.240859,0
@krix777,@krix777,1,139,10,0.245122,0.270518,0
@krnmps,@krnmps,1,0,11,0.204687,0.216464,0
@ktrinars,@ktrinars,3,8,10,0.27634,0.312224,0.000233
@kualquiercosita,@kualquiercosita,1,0,11,0.224201,0.238157,0
@kundalini_magic,@kundalini_magic,2,169,12,0.194213,0.204978,0.000006
@kuningata,@kuningata,1,124,11,0.219989,0.231932,0
@kurzweil88,@kurzweil88,5,5,12,0.212701,0.225373,0.000273
@asteinsapir,@asteinsapir,3,5,11,0.199155,0.211556,0.000306
@kvgs39,@kvgs39,3,8,10,0.247779,0.267348,0.000025
@kyermany,@kyermany,2,0,11,0.223785,0.237425,0.000061
@kympe60,@kympe60,1,0,13,0.162562,0.168358,0
@kzup,@kzup,1,0,11,0.224201,0.238157,0
@l4r4ned4,@l4r4ned4,8,8,10,0.272809,0.301213,0.00025
@la___dany,@la___dany,1,0,11,0.218709,0.231337,0
@la_fundia,@la_fundia,2,0,11,0.223785,0.237425,0.000061
@la_huenchula,@la_huenchula,1,124,11,0.219989,0.231932,0
@la_monita_30,@la_monita_30,2,157,10,0.272422,0.304586,0.001531
@la_pitilla,@la_pitilla,2,157,11,0.247827,0.268862,0
@la_rechazo,@la_rechazo,2,5,11,0.20422,0.213993,0.0003
@AusHexe,@AusHexe,1,5,12,0.169592,0.175113,0
@laborito,@laborito,2,8,10,0.243283,0.258226,0.000006
@labrujitabuena_,@labrujitabuena_,1,139,10,0.245122,0.270518,0
@labteclibre,@labteclibre,3,0,12,0.188415,0.196658,0.0006
@rafoji,@rafoji,1,0,13,0.158548,0.163335,0
@rquiroga777,@rquiroga777,1,0,13,0.158548,0.163335,0
@lacamencho,@lacamencho,6,0,11,0.254838,0.28074,0.001633
@lachilenits1,@lachilenits1,1,5,12,0.216573,0.230214,0
@laclaugodoy,@laclaugodoy,3,124,11,0.238584,0.256413,0.000436
@lacrimosa_azul,@lacrimosa_azul,1,157,11,0.246168,0.266,0
@lacuatic,@lacuatic,1,124,11,0.201664,0.21304,0
@ladyangelyka,@ladyangelyka,1,139,10,0.245122,0.270518,0
@ladynoctatis,@ladynoctatis,1,165,1,1,1,0
@AlexTripSands,@AlexTripSands,1,165,1,1,1,0
@ladypimienta,@ladypimienta,1,157,11,0.229608,0.240715,0
@laffycreep,@laffycreep,1,183,13,0.161013,0.167948,0
@lafranibe,@lafranibe,1,157,11,0.235883,0.248355,0
@lagosjuan_,@lagosjuan_,1,171,12,0.171902,0.178884,0
@lala161426,@lala161426,3,8,12,0.227454,0.241782,0.000022
@lalady98849619,@lalady98849619,1,139,10,0.245122,0.270518,0
@lalaonate,@lalaonate,1,5,11,0.204204,0.213865,0
@laleydeldia1,@laleydeldia1,12,139,10,0.277968,0.311617,0.00074
@laleyesrelativa,@laleyesrelativa,9,5,10,0.270166,0.3022,0.001172
@lalo_rock,@lalo_rock,2,0,11,0.225771,0.240361,0.000063
@laloaros,@laloaros,1,0,11,0.218709,0.231337,0
@laloquai,@laloquai,1,8,12,0.211255,0.222478,0
@lam99,@lam99,3,0,11,0.26052,0.286541,0.001185
@lam_roxany,@lam_roxany,4,0,11,0.234443,0.252526,0.000247
@lamadridalfredo,@lamadridalfredo,1,8,10,0.236657,0.25105,0
@lamarce_harris,@lamarce_harris,1,157,11,0.235883,0.248355,0
@lamedinavirtual,@lamedinavirtual,1,166,1,1,1,0
@MejoresDoctors,@MejoresDoctors,1,166,1,1,1,0
@lamicrochile,@lamicrochile,2,0,11,0.210578,0.223698,0.000017
@lamoreno1949,@lamoreno1949,1,139,10,0.245122,0.270518,0
@lamuymierda,@lamuymierda,1,124,11,0.219989,0.231932,0
@lanzelina,@lanzelina,2,157,11,0.247827,0.268862,0
@laoryory,@laoryory,1,8,10,0.25687,0.281537,0
@lapaulanomas,@lapaulanomas,1,124,11,0.201664,0.21304,0
@laquesis27,@laquesis27,1,153,2,0.666667,0.75,0
@laquintavalpo,@laquintavalpo,1,52,12,0.157475,0.16314,0
@laradioonline,@laradioonline,1,8,10,0.25687,0.281537,0
@larenasova84665,@larenasova84665,2,5,12,0.198591,0.209485,0.000007
@laresiliente,@laresiliente,1,139,10,0.235786,0.250448,0
@laretrofiesta,@laretrofiesta,1,0,11,0.195818,0.20601,0
@larrylu20942400,@larrylu20942400,1,171,10,0.215619,0.226946,0
@larymaister,@larymaister,2,8,10,0.258999,0.284343,0.000011
@lascondes,@lascondes,1,5,12,0.225105,0.2441,0
@lasinrival3,@lasinrival3,2,8,12,0.23507,0.250519,0.000002
@lasoaingrid,@lasoaingrid,1,157,11,0.246168,0.266,0
@lasoamaria,@lasoamaria,2,124,11,0.234443,0.250179,0.000243
@lati5910,@lati5910,1,139,10,0.245122,0.270518,0
@lau_aguila_n,@lau_aguila_n,1,157,11,0.246168,0.266,0
@laudane,@laudane,1,157,11,0.229608,0.240715,0
@laugustopintop,@laugustopintop,6,5,10,0.255983,0.286855,0.000867
@LarryLu20942400,@LarryLu20942400,2,5,11,0.209913,0.223929,0.000023
@lauoviedo70,@lauoviedo70,3,171,10,0.219728,0.232201,0.000083
@laura2659,@laura2659,1,157,11,0.220907,0.232079,0
@lauraamg,@lauraamg,1,8,12,0.21824,0.231604,0
@laurabarahonasc,@laurabarahonasc,1,157,11,0.246168,0.266,0
@lauredelacruz,@lauredelacruz,2,157,11,0.179472,0.18743,0.0003
@Luisrodrigezg,@Luisrodrigezg,1,157,12,0.152168,0.156848,0
@laurenmuhoz16,@laurenmuhoz16,1,139,10,0.245122,0.270518,0
@lauritadegodoy,@lauritadegodoy,2,5,12,0.198493,0.209445,0.000004
@lautarozaidantu,@lautarozaidantu,3,193,10,0.262179,0.289322,0.000066
@lavacabellaclar,@lavacabellaclar,2,0,11,0.227644,0.240992,0.000027
@lavalita61,@lavalita61,1,215,11,0.215825,0.225695,0
@lavanchymarta,@lavanchymarta,11,0,10,0.290872,0.328818,0.016304
@lavecinatuitera,@lavecinatuitera,1,124,11,0.219989,0.231932,0
@laverdadpura8,@laverdadpura8,2,0,11,0.233873,0.247447,0.000053
@lavoe_1,@lavoe_1,2,139,10,0.253518,0.281014,0.000045
@lavozpenquista,@lavozpenquista,6,5,10,0.261097,0.288833,0.000202
@lbalartcomer,@lbalartcomer,1,5,12,0.15253,0.1568,0
@jana1903,@jana1903,4,5,11,0.179976,0.187182,0.0012
@lbraves,@lbraves,2,0,11,0.218728,0.231465,0.0003
@ChairoNuclear,@ChairoNuclear,1,0,12,0.179478,0.186163,0
@leandro13617101,@leandro13617101,1,167,1,1,1,0
@Roinaldinho6,@Roinaldinho6,1,167,1,1,1,0
@learsichelliu,@learsichelliu,1,183,13,0.161013,0.167948,0
@lechateux,@lechateux,1,168,1,1,1,0
@Laura952004,@Laura952004,1,168,1,1,1,0
@lechugasencilla,@lechugasencilla,1,0,11,0.212675,0.223345,0
@ledefenseurscl,@ledefenseurscl,2,52,11,0.185943,0.196372,0.0003
@doctorhumano,@doctorhumano,1,52,12,0.156794,0.16269,0
@leencherry,@leencherry,1,157,11,0.229608,0.240715,0
@leerlibros2020,@leerlibros2020,1,0,11,0.222413,0.235746,0
@lefara,@lefara,1,109,12,0.190329,0.199347,0
@lefeverlore,@lefeverlore,2,157,11,0.247661,0.268518,0.000022
@legadobachelet,@legadobachelet,1,52,12,0.181818,0.19068,0
@lehrbuda,@lehrbuda,4,169,12,0.187733,0.19841,0.000645
@lehuemul1970,@lehuemul1970,1,5,12,0.225105,0.2441,0
@leigchile,@leigchile,2,8,10,0.261439,0.288002,0.00003
@leila_nash,@leila_nash,4,0,11,0.249567,0.27216,0.000563
@leirrro,@leirrro,2,124,11,0.220008,0.232061,0.0003
@Cooperativa,@Cooperativa,1,124,12,0.180339,0.186763,0
@leivahamel,@leivahamel,3,141,10,0.237709,0.250393,0.000308
@lelc,@lelc,1,109,12,0.176457,0.183413,0
@lelele0055,@lelele0055,2,0,11,0.227544,0.241873,0.000096
@lenguadevibora,@lenguadevibora,6,8,10,0.283203,0.317032,0.002027
@leo_cisner,@leo_cisner,1,8,12,0.21824,0.231604,0
@leofeli,@leofeli,2,8,10,0.236722,0.251275,0.000002
@leofuegooo,@leofuegooo,1,139,12,0.176223,0.183992,0
@leoguigno,@leoguigno,1,215,11,0.215825,0.225695,0
@leolamm18,@leolamm18,1,124,11,0.219989,0.231932,0
@leomunozgarrido,@leomunozgarrido,1,0,11,0.195818,0.20601,0
@leon_marshallt,@leon_marshallt,1,139,10,0.245122,0.270518,0
@leonard79375006,@leonard79375006,1,139,10,0.245122,0.270518,0
@leonardo_solari,@leonardo_solari,4,8,10,0.282003,0.321075,0.000452
@leonardorapos21,@leonardorapos21,29,8,10,0.28644,0.32442,0.002629
@leonazul11,@leonazul11,1,8,10,0.25687,0.281537,0
@leonelacuna23,@leonelacuna23,1,0,11,0.195818,0.20601,0
@leonhassont,@leonhassont,1,139,11,0.195877,0.205206,0
@leonmartinez12,@leonmartinez12,3,171,10,0.215834,0.227631,0.000057
@leonoralonso,@leonoralonso,3,157,11,0.249004,0.270748,0.000041
@leonorbaeza,@leonorbaeza,1,139,10,0.245122,0.270518,0
@leoooocastro,@leoooocastro,2,67,13,0.155283,0.160313,0.004491
@leopardo_wn,@leopardo_wn,2,5,11,0.208546,0.219111,0.000007
@leopoldoquezada,@leopoldoquezada,1,0,11,0.200062,0.21002,0
@leoramirito,@leoramirito,1,193,12,0.212998,0.224727,0
@leorubiomendoza,@leorubiomendoza,1,8,12,0.218663,0.233363,0
@lepegoz2,@lepegoz2,1,5,12,0.212171,0.226211,0
@leppard_vk,@leppard_vk,1,8,10,0.222365,0.234988,0
@leprchi,@leprchi,1,170,2,0.666667,0.75,0
@UnaVoceSevilla,@UnaVoceSevilla,2,170,1,1,1,0
@leprofcastro,@leprofcastro,2,171,12,0.156974,0.161732,0.000398
@lesbikaando,@lesbikaando,1,139,10,0.245122,0.270518,0
@leslieu10,@leslieu10,1,157,11,0.22658,0.237162,0
@leslygudens,@leslygudens,1,157,11,0.246168,0.266,0
@lesmacor,@lesmacor,1,124,11,0.219989,0.231932,0
@lethsgadaleta,@lethsgadaleta,2,8,10,0.23796,0.249684,0.000004
@leticiatru,@leticiatru,1,8,10,0.25687,0.281537,0
@letitbeme1949,@letitbeme1949,2,5,12,0.229741,0.250516,0.000014
@letty2508,@letty2508,5,8,10,0.260337,0.287769,0.000085
@leugimfigueroa,@leugimfigueroa,1,139,12,0.19414,0.205417,0
@levy_moreno,@levy_moreno,5,8,10,0.264088,0.290658,0.000067
@lexicstrns,@lexicstrns,1,0,11,0.222413,0.235746,0
@leyestrambotica,@leyestrambotica,1,157,11,0.246168,0.266,0
@leyto_tts,@leyto_tts,3,0,10,0.26299,0.289268,0.001149
@lgarciaja,@lgarciaja,1,5,12,0.207114,0.217546,0
@lgdr321378,@lgdr321378,8,8,10,0.267464,0.296445,0.000321
@lgiannatta48389,@lgiannatta48389,7,171,10,0.216212,0.228324,0.001241
@MacriElKiller,@MacriElKiller,1,171,11,0.177781,0.18423,0
@SortheixZorba,@SortheixZorba,1,171,11,0.177781,0.18423,0
@campesinodelor,@campesinodelor,1,171,11,0.177781,0.18423,0
@lgpalsa,@lgpalsa,1,109,12,0.168463,0.17306,0
@lgrandon3340,@lgrandon3340,1,157,11,0.246168,0.266,0
@lhenrina83,@lhenrina83,1,157,11,0.246168,0.266,0
@liadacosta_27,@liadacosta_27,1,0,11,0.218709,0.231337,0
@liberalcontweet,@liberalcontweet,2,109,11,0.207015,0.217061,0.000013
@liberta74719708,@liberta74719708,2,157,11,0.247661,0.268518,0.000022
@libertad1973,@libertad1973,1,139,10,0.245122,0.270518,0
@libertadchilena,@libertadchilena,3,5,12,0.226521,0.246652,0.000629
@GeneralMCNews,@GeneralMCNews,2,5,13,0.184705,0.194965,0.0003
@libertario1984,@libertario1984,1,5,12,0.208622,0.21976,0
@librah2,@librah2,1,157,11,0.246168,0.266,0
@librenacional3,@librenacional3,8,8,10,0.282817,0.321923,0.000814
@liita8,@liita8,13,8,10,0.27942,0.31312,0.007805
@lilaoyarzun,@lilaoyarzun,1,157,11,0.235883,0.248355,0
@lilian72538469,@lilian72538469,1,5,12,0.187849,0.197149,0
@lilianadelcph,@lilianadelcph,3,157,11,0.248575,0.270298,0.000012
@liliancerpa,@liliancerpa,1,157,11,0.220907,0.232079,0
@lilitacruzada,@lilitacruzada,3,8,10,0.2439,0.261981,0.000013
@lilitascully,@lilitascully,4,8,10,0.252507,0.274252,0.000076
@lilith2708,@lilith2708,1,139,10,0.235786,0.250448,0
@lillofco,@lillofco,1,139,10,0.235786,0.250448,0
@lily_magana_25,@lily_magana_25,2,172,1,1,1,0
@Psicobable,@Psicobable,1,172,2,0.666667,0.75,0
@ThalizTH,@ThalizTH,1,172,2,0.666667,0.75,0
@lilyduranval,@lilyduranval,3,193,10,0.265997,0.29409,0.000126
@lilypeder,@lilypeder,31,141,10,0.259452,0.283127,0.010149
@Alejandras52,@Alejandras52,1,141,11,0.206012,0.216414,0
@Alfonso20166,@Alfonso20166,1,141,11,0.206012,0.216414,0
@CaroBucco,@CaroBucco,1,141,11,0.206012,0.216414,0
@DLofaro66000,@DLofaro66000,1,141,11,0.206012,0.216414,0
@Editor_76,@Editor_76,1,141,11,0.206012,0.216414,0
@Federicopernico,@Federicopernico,1,141,11,0.206012,0.216414,0
@InuZenTeh,@InuZenTeh,1,141,11,0.206012,0.216414,0
@JayCryptoPolice,@JayCryptoPolice,1,141,11,0.206012,0.216414,0
@LorenaL24800215,@LorenaL24800215,1,141,11,0.206012,0.216414,0
@MaestraAmanda,@MaestraAmanda,1,141,11,0.206012,0.216414,0
@MariaLu67248180,@MariaLu67248180,1,141,11,0.206012,0.216414,0
@MatiasAOlivares,@MatiasAOlivares,1,141,11,0.206012,0.216414,0
@MonicaJ60187463,@MonicaJ60187463,1,141,11,0.206012,0.216414,0
@StarGirl_920,@StarGirl_920,1,141,11,0.206012,0.216414,0
@caireydecopas,@caireydecopas,4,141,11,0.222565,0.237632,0.000613
@gebauer_r1,@gebauer_r1,1,141,11,0.206012,0.216414,0
@ivonne_gom15846,@ivonne_gom15846,1,141,11,0.206012,0.216414,0
@leonis1549557,@leonis1549557,1,141,11,0.206012,0.216414,0
@li03suarez,@li03suarez,1,141,11,0.206012,0.216414,0
@myrisusan,@myrisusan,1,141,11,0.206012,0.216414,0
@ttimagina,@ttimagina,1,141,11,0.206012,0.216414,0
@twiteanonim0,@twiteanonim0,1,141,11,0.206012,0.216414,0
@lim4nj1,@lim4nj1,1,8,10,0.25687,0.281537,0
@lindaga36957555,@lindaga36957555,1,173,1,1,1,0
@MerGarza,@MerGarza,1,173,1,1,1,0
@lis6616,@lis6616,1,139,10,0.245122,0.270518,0
@liss_2610,@liss_2610,1,157,11,0.22658,0.237162,0
@lissetugpgmail7,@lissetugpgmail7,1,157,11,0.246168,0.266,0
@littlemisspauli,@littlemisspauli,1,183,13,0.161013,0.167948,0
@littlewitchsoul,@littlewitchsoul,2,157,11,0.247661,0.268518,0.000022
@litu_tu,@litu_tu,1,115,2,0.666667,0.75,0
@liza_yanoerestu,@liza_yanoerestu,1,157,11,0.246168,0.266,0
@lizanagajardo,@lizanagajardo,1,52,11,0.18593,0.196243,0
@lkorcha,@lkorcha,1,157,11,0.246168,0.266,0
@llallito02,@llallito02,1,139,12,0.175882,0.183133,0
@llebllo,@llebllo,1,52,12,0.181818,0.19068,0
@lmarceloperez65,@lmarceloperez65,1,8,12,0.21824,0.231604,0
@lmill003m,@lmill003m,1,157,11,0.17946,0.187302,0
@lmpa38225,@lmpa38225,2,139,10,0.235807,0.250577,0.0003
@Gorka731,@Gorka731,1,139,11,0.190819,0.198148,0
@lnonquepan,@lnonquepan,1,0,11,0.218709,0.231337,0
@lobeone1,@lobeone1,1,139,10,0.245122,0.270518,0
@loblopa,@loblopa,1,0,11,0.222413,0.235746,0
@lobricardo,@lobricardo,1,8,12,0.170389,0.177952,0
@locsyp,@locsyp,1,8,12,0.21738,0.229521,0
@loflylolo7,@loflylolo7,3,171,10,0.216699,0.229286,0.000036
@loizik,@loizik,4,8,10,0.264047,0.293869,0.000176
@DanielPaganetti,@DanielPaganetti,2,8,11,0.222279,0.239626,0.000001
@lolomano2111,@lolomano2111,1,174,1,1,1,0
@TwoSwordsStudio,@TwoSwordsStudio,1,174,1,1,1,0
@lonelywolf2000,@lonelywolf2000,1,139,10,0.245122,0.270518,0
@longcovidchile,@longcovidchile,1,0,13,0.169404,0.17526,0
@loonad3,@loonad3,1,139,10,0.235786,0.250448,0
@lopeznora2,@lopeznora2,1,139,10,0.245122,0.270518,0
@lopezvicky88,@lopezvicky88,1,8,12,0.218663,0.233363,0
@lorca_kristian,@lorca_kristian,1,0,11,0.216365,0.228595,0
@lord_byron25,@lord_byron25,1,139,10,0.245122,0.270518,0
@lord_shamelo,@lord_shamelo,1,5,12,0.189385,0.20029,0
@lordealtojardin,@lordealtojardin,2,8,10,0.248944,0.267706,0.000044
@lordmaui,@lordmaui,1,0,11,0.216365,0.228595,0
@lore_cor,@lore_cor,7,0,11,0.227854,0.246597,0.000912
@El_samy0,@El_samy0,1,0,12,0.185577,0.194853,0
@lorefurche,@lorefurche,3,157,11,0.248575,0.270298,0.000012
@lorena_1210,@lorena_1210,1,124,11,0.219989,0.231932,0
@lorenalabz,@lorenalabz,1,0,11,0.212675,0.223345,0
@lorenarojas2510,@lorenarojas2510,1,157,11,0.246168,0.266,0
@lorenatiz,@lorenatiz,2,0,12,0.198477,0.207457,0.000023
@lorenavargas15,@lorenavargas15,1,157,11,0.229608,0.240715,0
@loreniski,@loreniski,1,175,1,1,1,0
@FlorenciaLagosN,@FlorenciaLagosN,1,175,1,1,1,0
@lorenitam4,@lorenitam4,1,176,1,1,1,0
@eldetuska,@eldetuska,1,176,1,1,1,0
@lorenzo_raven,@lorenzo_raven,1,8,10,0.25687,0.281537,0
@loreroli,@loreroli,2,0,10,0.26291,0.289043,0.000733
@loretoordenes,@loretoordenes,1,157,11,0.246168,0.266,0
@loretopaz7,@loretopaz7,1,0,11,0.224201,0.238157,0
@lorettoviteri,@lorettoviteri,1,157,11,0.246168,0.266,0
@lorhuc,@lorhuc,1,8,10,0.25687,0.281537,0
@losandesonline1,@losandesonline1,1,177,1,1,1,0
@AoLaonline,@AoLaonline,1,177,1,1,1,0
@losgato1992,@losgato1992,1,139,10,0.235786,0.250448,0
@loshibiscos,@loshibiscos,1,8,12,0.210749,0.222493,0
@losmiausloquis,@losmiausloquis,7,5,10,0.269381,0.297156,0.002527
@lotengodeestepo,@lotengodeestepo,1,8,10,0.25687,0.281537,0
@loutaylorp,@loutaylorp,1,5,12,0.198766,0.208939,0
@loyolarehbein,@loyolarehbein,3,8,10,0.2594,0.285584,0.000036
@lr_crrn,@lr_crrn,1,183,13,0.161013,0.167948,0
@lri41,@lri41,1,0,11,0.218709,0.231337,0
@lromer2016,@lromer2016,6,0,11,0.232448,0.251573,0.000537
@lsotom1011,@lsotom1011,1,5,11,0.204204,0.213865,0
@luauchile,@luauchile,3,8,10,0.261163,0.28854,0.000118
@lucamalsik,@lucamalsik,1,157,11,0.246168,0.266,0
@lucho_garcia_50,@lucho_garcia_50,1,139,10,0.235786,0.250448,0
@luchostein,@luchostein,3,0,13,0.166501,0.172496,0.00045
@BerlinBuyers,@BerlinBuyers,2,0,14,0.142794,0.146808,0.000001
@Noemi23447832,@Noemi23447832,1,0,14,0.142739,0.14639,0
@luchoxdignidad,@luchoxdignidad,1,157,11,0.246168,0.266,0
@luciacp_s,@luciacp_s,3,0,11,0.219217,0.232567,0.00049
@PlanetaQuintana,@PlanetaQuintana,1,0,12,0.179808,0.186753,0
@luciasalin87427,@luciasalin87427,2,5,11,0.218608,0.230688,0.000078
@luciernagas92,@luciernagas92,1,0,11,0.224201,0.238157,0
@luckcharly,@luckcharly,1,8,10,0.236657,0.25105,0
@lucs020,@lucs020,2,171,10,0.215888,0.227421,0.000028
@lucypobletemed1,@lucypobletemed1,1,139,10,0.245122,0.270518,0
@luengo1958,@luengo1958,9,178,2,0.909091,0.95,0.000003
@CNBC,@CNBC,1,178,3,0.5,0.533333,0
@InvestInAssets,@InvestInAssets,1,178,3,0.5,0.533333,0
@JonErlichman,@JonErlichman,1,178,3,0.5,0.533333,0
@StockMKTNewz,@StockMKTNewz,1,178,3,0.5,0.533333,0
@VisualInforTech,@VisualInforTech,1,178,3,0.5,0.533333,0
@WOAH,@WOAH,1,178,3,0.5,0.533333,0
@YahooFinance,@YahooFinance,1,178,3,0.5,0.533333,0
@meetblossomapp,@meetblossomapp,1,178,3,0.5,0.533333,0
@luifehoutman,@luifehoutman,1,183,13,0.161013,0.167948,0
@luifer_carrillo,@luifer_carrillo,1,88,2,0.666667,0.75,0
@luippy06172237,@luippy06172237,12,8,10,0.268739,0.298832,0.00044
@luis17554769,@luis17554769,1,0,11,0.199615,0.210476,0
@luis19f,@luis19f,3,139,10,0.254314,0.282341,0.00014
@luis_fuerza,@luis_fuerza,3,8,10,0.249892,0.268781,0.000061
@luis_maldona02,@luis_maldona02,1,8,12,0.169737,0.176072,0
@adrian_goodrich,@adrian_goodrich,2,8,11,0.204429,0.215943,0.0003
@luis_nahuelcoy,@luis_nahuelcoy,1,0,12,0.192626,0.200425,0
@luis_villabon,@luis_villabon,3,8,10,0.264128,0.295252,0.00015
@luisacorvalan,@luisacorvalan,1,5,12,0.189385,0.20029,0
@luisale42830077,@luisale42830077,1,0,11,0.216365,0.228595,0
@luisalexvt,@luisalexvt,1,8,10,0.236657,0.25105,0
@luisaraya16,@luisaraya16,2,5,10,0.262843,0.291653,0.000071
@luisardo_mc,@luisardo_mc,3,0,10,0.27018,0.298577,0.000939
@luisarevalotapi,@luisarevalotapi,1,157,11,0.235883,0.248355,0
@luisavi37885230,@luisavi37885230,4,0,11,0.229629,0.247321,0.000335
@luisbaezalagos,@luisbaezalagos,2,139,10,0.245493,0.271293,0.000029
@luisbetogutierr,@luisbetogutierr,1,139,10,0.245122,0.270518,0
@luisburgoa13,@luisburgoa13,1,8,12,0.21824,0.231604,0
@luiscare,@luiscare,1,0,11,0.216365,0.228595,0
@luiscas60189848,@luiscas60189848,27,8,10,0.284149,0.322682,0.002188
@luisfariascaro,@luisfariascaro,1,5,12,0.210134,0.222101,0
@luisfelipe_r,@luisfelipe_r,1,0,11,0.217289,0.227714,0
@luisfloyd_,@luisfloyd_,1,8,10,0.236657,0.25105,0
@luisgastons,@luisgastons,5,0,10,0.257073,0.276525,0.003564
@luisgon54244613,@luisgon54244613,1,8,12,0.191992,0.202429,0
@luisgutierrezt,@luisgutierrezt,7,5,10,0.265507,0.295584,0.000423
@luismarioriquel,@luismarioriquel,1,0,11,0.216365,0.228595,0
@luismatiasplaza,@luismatiasplaza,1,0,11,0.216365,0.228595,0
@luismo53,@luismo53,1,139,10,0.245122,0.270518,0
@luismoralesgo18,@luismoralesgo18,2,197,11,0.219793,0.229357,0.000046
@luisplutarco,@luisplutarco,1,5,12,0.225105,0.2441,0
@luistakyfuentes,@luistakyfuentes,1,179,1,1,1,0
@Dra_MHurtado,@Dra_MHurtado,1,179,1,1,1,0
@luisule,@luisule,1,5,12,0.225105,0.2441,0
@luisurbinatoro,@luisurbinatoro,1,8,10,0.25687,0.281537,0
@luisvaldi,@luisvaldi,2,157,11,0.247625,0.26848,0.000012
@lumpenpvnk,@lumpenpvnk,1,0,11,0.224201,0.238157,0
@lumser,@lumser,3,8,10,0.248313,0.267673,0.000077
@lunaizq,@lunaizq,3,183,12,0.181939,0.191107,0.000477
@lunajosefa_,@lunajosefa_,1,157,11,0.246168,0.266,0
@lunatico_rober,@lunatico_rober,2,171,10,0.215637,0.227075,0.0003
@papeadas1945,@papeadas1945,1,171,11,0.177392,0.183608,0
@luroigv,@luroigv,3,5,10,0.275987,0.311668,0.000365
@PMunozIturrieta,@PMunozIturrieta,4,5,11,0.228879,0.247457,0.000303
@lusoja,@lusoja,1,0,11,0.204687,0.216464,0
@luxo0x0,@luxo0x0,1,0,11,0.222413,0.235746,0
@luxoaguila,@luxoaguila,1,8,10,0.25687,0.281537,0
@luzalfa03225036,@luzalfa03225036,1,0,11,0.216365,0.228595,0
@luzcurumilla,@luzcurumilla,1,5,12,0.205832,0.217029,0
@luzemontero,@luzemontero,1,52,11,0.18593,0.196243,0
@luzindigo9,@luzindigo9,1,157,11,0.246168,0.266,0
@luzluzluzaa,@luzluzluzaa,2,0,11,0.223785,0.237425,0.000061
@luzma_ossa,@luzma_ossa,1,8,10,0.25687,0.281537,0
@luzmari72990172,@luzmari72990172,2,5,10,0.259361,0.286002,0.000068
@lvalbaeza,@lvalbaeza,1,157,11,0.246168,0.266,0
@lvaropr63873310,@lvaropr63873310,1,139,10,0.245122,0.270518,0
@lvasquez1983,@lvasquez1983,4,5,10,0.249423,0.276257,0.00011
@lvsxroz23,@lvsxroz23,1,139,10,0.235786,0.250448,0
@lw20111,@lw20111,1,8,10,0.25687,0.281537,0
@lw_4_dar,@lw_4_dar,5,171,10,0.245563,0.271414,0.000748
@alegonz663,@alegonz663,1,171,11,0.197157,0.209263,0
@hombregrisxd,@hombregrisxd,1,171,11,0.197157,0.209263,0
@lyagonzalez1,@lyagonzalez1,1,0,11,0.18589,0.195426,0
@lynasantino,@lynasantino,1,8,10,0.25687,0.281537,0
@lynita05876259,@lynita05876259,1,8,10,0.236657,0.25105,0
@lzambrae,@lzambrae,1,5,12,0.189385,0.20029,0
@lzmiranda,@lzmiranda,1,157,11,0.246168,0.266,0
@m69ls,@m69ls,1,5,12,0.225105,0.2441,0
@m_alexcm,@m_alexcm,1,0,11,0.210253,0.222816,0
@m_figuea,@m_figuea,1,139,10,0.245122,0.270518,0
@m_hernandezr,@m_hernandezr,1,0,11,0.224201,0.238157,0
@m_s_e_r,@m_s_e_r,7,5,11,0.225301,0.238538,0.000369
@m_sandoval11,@m_sandoval11,1,124,12,0.162424,0.165616,0
@ma_tices,@ma_tices,1,157,11,0.246168,0.266,0
@mabelcataln1,@mabelcataln1,1,180,1,1,1,0
@VivianLiLab,@VivianLiLab,1,180,1,1,1,0
@mabesur,@mabesur,3,193,12,0.219561,0.234973,0.000306
@Mabesur,@Mabesur,1,193,13,0.180039,0.18817,0
@macalegal,@macalegal,1,0,11,0.224201,0.238157,0
@macalescornez,@macalescornez,1,0,11,0.224201,0.238157,0
@macarena_vera,@macarena_vera,3,8,10,0.258071,0.283872,0.000027
@macavastor,@macavastor,2,0,11,0.224492,0.238905,0.000171
@macdnss,@macdnss,1,181,1,1,1,0
@Kharly309,@Kharly309,1,181,1,1,1,0
@machanoes,@machanoes,1,8,12,0.230291,0.240859,0
@maciverito,@maciverito,2,157,11,0.247827,0.268862,0
@macordero,@macordero,1,52,12,0.176775,0.183717,0
@macpc32,@macpc32,4,141,10,0.264249,0.290996,0.001389
@madafackarenaa,@madafackarenaa,2,67,11,0.224569,0.238651,0.005684
@madeasolas,@madeasolas,3,141,11,0.226976,0.237828,0.000447
@XHespanol,@XHespanol,1,141,12,0.184995,0.190703,0
@maenyria_m,@maenyria_m,4,197,11,0.225909,0.240378,0.000539
@maestrodelasco,@maestrodelasco,1,8,10,0.25687,0.281537,0
@maeugeniafuica,@maeugeniafuica,7,8,10,0.269633,0.301603,0.00027
@maf_placilla,@maf_placilla,1,8,10,0.235444,0.251191,0
@mafosaaa,@mafosaaa,1,0,11,0.204687,0.216464,0
@magallaugarte,@magallaugarte,1,157,11,0.235883,0.248355,0
@magdalena_verg,@magdalena_verg,3,8,10,0.258367,0.287968,0.001277
@mage208,@mage208,1,139,10,0.245122,0.270518,0
@maggie9093,@maggie9093,1,0,11,0.222413,0.235746,0
@maggieantofa,@maggieantofa,1,8,10,0.25687,0.281537,0
@maggielaura,@maggielaura,1,139,12,0.202348,0.213559,0
@magiastral,@magiastral,4,0,11,0.249952,0.271651,0.001101
@magnanimojr,@magnanimojr,3,52,11,0.190553,0.20182,0
@AlbaCelemin88,@AlbaCelemin88,1,5,11,0.227125,0.239903,0
@mahou_holistic,@mahou_holistic,1,8,10,0.222365,0.234988,0
@maicmu,@maicmu,5,5,10,0.262497,0.291354,0.00173
@maikel61397633,@maikel61397633,1,139,10,0.245122,0.270518,0
@maiker98483506,@maiker98483506,1,139,10,0.235786,0.250448,0
@mailagret,@mailagret,1,157,11,0.235883,0.248355,0
@maiteamaia,@maiteamaia,1,0,11,0.224201,0.238157,0
@maitecoto,@maitecoto,1,139,10,0.245122,0.270518,0
@maixsome,@maixsome,1,182,1,1,1,0
@mamaneshow,@mamaneshow,1,182,1,1,1,0
@majomedinab_,@majomedinab_,2,0,11,0.22422,0.239308,0.000042
@makisvillalon,@makisvillalon,1,8,10,0.25687,0.281537,0
@makitaflo_di,@makitaflo_di,1,156,2,0.6,0.666667,0
@malahierba84,@malahierba84,2,8,11,0.203755,0.213962,0.000013
@malandrinna,@malandrinna,1,0,11,0.222413,0.235746,0
@malditanicolini,@malditanicolini,1,157,11,0.235883,0.248355,0
@maldito_sudak_,@maldito_sudak_,1,67,15,0.118567,0.121203,0
@malditopanxo,@malditopanxo,1,0,11,0.18589,0.195426,0
@malemalecilla,@malemalecilla,1,157,11,0.246168,0.266,0
@malfaro54,@malfaro54,1,0,13,0.175235,0.183238,0
@malitamalula,@malitamalula,1,0,11,0.217289,0.227714,0
@mallocochile,@mallocochile,2,0,11,0.227644,0.240992,0.000027
@malucharod,@malucharod,1,124,11,0.219989,0.231932,0
@mampuero3,@mampuero3,1,8,10,0.222365,0.234988,0
@manazoospace,@manazoospace,1,8,10,0.25687,0.281537,0
@mancilla_criss,@mancilla_criss,1,109,12,0.176457,0.183413,0
@mandarella157,@mandarella157,4,5,10,0.250048,0.269917,0.000207
@maneboza,@maneboza,1,157,11,0.246168,0.266,0
@mangelica60,@mangelica60,1,157,11,0.246168,0.266,0
@manisero4321,@manisero4321,1,141,12,0.182054,0.189894,0
@mankekura66,@mankekura66,4,0,11,0.254926,0.27906,0.000573
@manmorenopoz,@manmorenopoz,1,8,10,0.236657,0.25105,0
@manoloycd,@manoloycd,2,5,10,0.259361,0.286002,0.000068
@manrro1,@manrro1,1,139,10,0.245122,0.270518,0
@mantoniosv,@mantoniosv,1,215,11,0.215825,0.225695,0
@manuelcaroe,@manuelcaroe,2,8,10,0.258007,0.283641,0.000017
@manuelenuezb1,@manuelenuezb1,4,8,10,0.258315,0.284293,0.000081
@manuelgamboa8,@manuelgamboa8,1,139,10,0.245122,0.270518,0
@manuelitocb,@manuelitocb,1,139,10,0.245122,0.270518,0
@manuelprezguer3,@manuelprezguer3,1,52,11,0.188005,0.19759,0
@manuelthiers,@manuelthiers,1,139,12,0.187056,0.196838,0
@manuibarrap,@manuibarrap,1,0,13,0.176277,0.184481,0
@manunidur,@manunidur,3,8,10,0.248384,0.26961,0.000065
@mapazo11,@mapazo11,6,5,10,0.219394,0.232289,0.001841
@Empanada74,@Empanada74,1,5,11,0.179926,0.186748,0
@mapiushka,@mapiushka,1,0,11,0.204687,0.216464,0
@mapsinger,@mapsinger,1,8,10,0.25687,0.281537,0
@maqisfreedom,@maqisfreedom,1,0,11,0.218709,0.231337,0
@maquinarock3,@maquinarock3,1,0,11,0.218709,0.231337,0
@maquitazul26,@maquitazul26,1,157,11,0.235883,0.248355,0
@mar_dennise,@mar_dennise,1,0,11,0.222413,0.235746,0
@maraboli65,@maraboli65,1,5,12,0.205832,0.217029,0
@maradel89456930,@maradel89456930,7,157,11,0.249136,0.271419,0.00038
@marancr72,@marancr72,1,5,12,0.204445,0.215597,0
@mararkos007,@mararkos007,1,139,10,0.245122,0.270518,0
@maratagle2,@maratagle2,1,139,10,0.245122,0.270518,0
@marce_77_,@marce_77_,1,193,12,0.207636,0.218375,0
@marce_amalia,@marce_amalia,2,5,10,0.261097,0.285926,0.000772
@marce_cear,@marce_cear,1,171,10,0.215619,0.226946,0
@marce_dalencon,@marce_dalencon,1,157,11,0.220907,0.232079,0
@marceestrada42,@marceestrada42,3,5,10,0.25953,0.286045,0.000118
@marcela62301016,@marcela62301016,1,139,10,0.245122,0.270518,0
@marcelamomberg,@marcelamomberg,4,139,10,0.245156,0.260737,0.000084
@marcelapazls,@marcelapazls,2,157,11,0.247012,0.267638,0.000009
@marcelasalome,@marcelasalome,1,0,11,0.218709,0.231337,0
@marcelavvo,@marcelavvo,8,139,10,0.311013,0.354422,0.006832
@marcelciencia,@marcelciencia,1,8,12,0.218663,0.233363,0
@marceli27024321,@marceli27024321,3,8,10,0.263779,0.29185,0.000053
@marcelillavn,@marcelillavn,1,0,11,0.218709,0.231337,0
@marcellapv,@marcellapv,3,157,11,0.249243,0.27121,0.00003
@marcelo2018,@marcelo2018,1,8,10,0.25687,0.281537,0
@marcelo3a,@marcelo3a,4,8,10,0.248718,0.269119,0.000101
@marceloalonsoh,@marceloalonsoh,2,8,10,0.251808,0.278634,0.00004
@marcelochl,@marcelochl,2,91,5,0.38806,0.453205,0
@marcelocordova,@marcelocordova,1,0,11,0.224201,0.238157,0
@marcelocornejos,@marcelocornejos,1,8,10,0.25687,0.281537,0
@marcelofcydonia,@marcelofcydonia,1,69,2,0.571429,0.625,0
@marceloqrsd,@marceloqrsd,10,8,10,0.287775,0.32572,0.001085
@marcelosot29,@marcelosot29,1,157,11,0.246168,0.266,0
@marcelozuniga,@marcelozuniga,1,0,11,0.222413,0.235746,0
@marcemomo,@marcemomo,1,0,13,0.161529,0.166668,0
@marceruz,@marceruz,1,0,11,0.222413,0.235746,0
@marcha50128,@marcha50128,2,5,10,0.259244,0.285705,0.000045
@marchant_carlos,@marchant_carlos,4,193,10,0.244371,0.263359,0.000026
@marcia050721,@marcia050721,3,8,12,0.221482,0.235295,0.000009
@marciaalegria,@marciaalegria,1,124,11,0.219989,0.231932,0
@marciaarroyov,@marciaarroyov,1,157,11,0.235883,0.248355,0
@marciacarcamou,@marciacarcamou,1,157,11,0.235883,0.248355,0
@marcialinquiman,@marcialinquiman,1,157,11,0.246168,0.266,0
@marcititito,@marcititito,2,124,11,0.241358,0.256662,0.000089
@marco_monsalve,@marco_monsalve,1,0,13,0.161058,0.166172,0
@marcoan88371566,@marcoan88371566,2,8,11,0.246215,0.262262,0.000353
@marcoapintoa,@marcoapintoa,5,8,10,0.245006,0.262158,0.000065
@tpvsean,@tpvsean,2,8,11,0.219449,0.236052,0.000001
@marcomira20,@marcomira20,3,8,11,0.218148,0.231894,0.000061
@marcoromerome,@marcoromerome,1,5,12,0.225105,0.2441,0
@marcosclarkg,@marcosclarkg,1,8,10,0.25687,0.281537,0
@marcoso1975,@marcoso1975,2,5,10,0.254289,0.285,0.000099
@marcovivancoo,@marcovivancoo,1,5,12,0.225105,0.2441,0
@marg9173,@marg9173,5,5,10,0.265724,0.296915,0.000266
@margamarcha,@margamarcha,1,0,11,0.224201,0.238157,0
@margari43258550,@margari43258550,4,5,10,0.22247,0.234346,0.000105
@margaritabrazan,@margaritabrazan,3,5,10,0.245632,0.264806,0.000087
@margaritasp,@margaritasp,2,0,11,0.228305,0.243044,0.000253
@margarosario,@margarosario,2,5,10,0.259244,0.285705,0.000045
@margot202,@margot202,1,139,10,0.245122,0.270518,0
@margot_daubray,@margot_daubray,1,5,12,0.225105,0.2441,0
@margotorfelina,@margotorfelina,3,8,10,0.239255,0.254607,0.000021
@maria98331015,@maria98331015,4,8,10,0.25874,0.284649,0.000025
@maria_angelinda,@maria_angelinda,1,124,11,0.219989,0.231932,0
@maria_fernandi,@maria_fernandi,2,0,11,0.200077,0.210149,0.0003
@NoticiasONU,@NoticiasONU,1,0,12,0.166726,0.172474,0
@maria_peralta_r,@maria_peralta_r,4,183,12,0.181952,0.191236,0.000777
@teampedrichelle,@teampedrichelle,1,183,13,0.153947,0.159285,0
@mariaangelaaba4,@mariaangelaaba4,2,8,10,0.241516,0.257708,0.000006
@mariabautistad,@mariabautistad,1,184,1,1,1,0
@TiempoRealEC,@TiempoRealEC,1,184,1,1,1,0
@mariaelenasal13,@mariaelenasal13,1,139,10,0.245122,0.270518,0
@mariainescarra1,@mariainescarra1,1,5,12,0.208622,0.21976,0
@marianagrez,@marianagrez,1,5,12,0.185425,0.195356,0
@marianelaechev7,@marianelaechev7,3,5,10,0.246414,0.272482,0.000145
@marianich,@marianich,1,52,11,0.18593,0.196243,0
@marianneso82005,@marianneso82005,1,124,11,0.219989,0.231932,0
@marianopdc,@marianopdc,1,185,1,1,1,0
@antoniospadaro,@antoniospadaro,1,185,1,1,1,0
@mariari_jc,@mariari_jc,1,186,1,1,1,0
@kamite_manga,@kamite_manga,1,186,1,1,1,0
@mariaronco,@mariaronco,3,171,14,0.156082,0.160311,0.0006
@MariaLujan_Rey,@MariaLujan_Rey,1,171,15,0.135013,0.137709,0
@marcelogioffre,@marcelogioffre,1,171,15,0.135013,0.137709,0
@mariat702,@mariat702,4,0,11,0.256324,0.281257,0.000808
@mariate18,@mariate18,1,157,11,0.246168,0.266,0
@mariateresafuce,@mariateresafuce,1,157,11,0.246168,0.266,0
@maribelcb,@maribelcb,1,8,10,0.25687,0.281537,0
@mariela_s,@mariela_s,2,8,12,0.216926,0.22891,0.000002
@marielkay_,@marielkay_,1,5,17,0.095858,0.097051,0
@mariiacastillop,@mariiacastillop,1,157,12,0.204938,0.215984,0
@marijayaa,@marijayaa,16,0,11,0.282095,0.320062,0.0124
@mariluz1325,@mariluz1325,1,8,10,0.25687,0.281537,0
@marina_nefro,@marina_nefro,1,52,11,0.18593,0.196243,0
@marinac60125,@marinac60125,1,0,11,0.216365,0.228595,0
@marinah40917556,@marinah40917556,1,5,12,0.216573,0.230214,0
@marinhomerk,@marinhomerk,9,139,10,0.255416,0.283966,0.00193
@AleWeisse,@AleWeisse,1,139,11,0.203459,0.216449,0
@Gadal47140455,@Gadal47140455,1,139,11,0.203459,0.216449,0
@danilerer,@danilerer,2,139,11,0.203667,0.216931,0.000001
@mario201914,@mario201914,2,5,12,0.229741,0.250516,0.000014
@mario_apablaza,@mario_apablaza,2,8,10,0.255592,0.282453,0.000053
@marioantonioz13,@marioantonioz13,4,8,10,0.265262,0.295993,0.000186
@mariobr24338434,@mariobr24338434,2,8,10,0.25715,0.282125,0.000009
@marioelias77,@marioelias77,1,157,11,0.246168,0.266,0
@mariofica3,@mariofica3,1,0,11,0.216365,0.228595,0
@mariogazzana,@mariogazzana,1,157,11,0.246168,0.266,0
@mariolp80110554,@mariolp80110554,5,5,10,0.260782,0.29185,0.000327
@marioogiovanni,@marioogiovanni,1,187,1,1,1,0
@cardiotipss,@cardiotipss,1,187,1,1,1,0
@mariopazborquez,@mariopazborquez,4,8,10,0.27942,0.31693,0.000357
@mariopcerpa,@mariopcerpa,1,139,10,0.245122,0.270518,0
@marioriverosr,@marioriverosr,2,157,11,0.247625,0.26848,0.000012
@mariovials,@mariovials,1,8,12,0.192805,0.201931,0
@marisol_janet,@marisol_janet,1,139,10,0.245122,0.270518,0
@marisolluciasa,@marisolluciasa,1,157,11,0.246168,0.266,0
@marisolsepulved,@marisolsepulved,1,0,11,0.222413,0.235746,0
@marita_stappung,@marita_stappung,7,0,10,0.279285,0.308775,0.011361
@marite022,@marite022,1,157,11,0.246168,0.266,0
@marite66186753,@marite66186753,3,8,10,0.258624,0.28481,0.000025
@maritzaparrah,@maritzaparrah,1,157,11,0.246168,0.266,0
@marjabei,@marjabei,1,188,1,1,1,0
@BorcheNilo14993,@BorcheNilo14993,1,188,1,1,1,0
@marjoriesepul05,@marjoriesepul05,2,5,12,0.21264,0.225333,0.000009
@marko_25,@marko_25,1,139,10,0.245122,0.270518,0
@markoser,@markoser,1,139,10,0.245122,0.270518,0
@marmar710,@marmar710,8,8,10,0.266448,0.294051,0.001071
@maroha73,@maroha73,2,5,12,0.210963,0.223179,0.000014
@marpdz1,@marpdz1,1,139,10,0.245122,0.270518,0
@marques_de_09,@marques_de_09,1,8,10,0.236657,0.25105,0
@marruec14305971,@marruec14305971,1,0,11,0.217289,0.227714,0
@mart78azul,@mart78azul,1,8,12,0.222565,0.235155,0
@martacamposv,@martacamposv,1,157,11,0.246168,0.266,0
@martagu15393094,@martagu15393094,4,8,10,0.263645,0.293259,0.000134
@martape50862918,@martape50862918,2,193,10,0.232125,0.244064,0.000012
@marthamalo,@marthamalo,10,8,10,0.272809,0.305412,0.000475
@martin_neumann,@martin_neumann,1,8,10,0.222365,0.234988,0
@martinacastrooo,@martinacastrooo,1,124,11,0.219989,0.231932,0
@martinajime1967,@martinajime1967,1,8,11,0.22658,0.241606,0
@martinbarrales4,@martinbarrales4,1,8,12,0.210749,0.222493,0
@martinboris82,@martinboris82,1,139,10,0.245122,0.270518,0
@martinjrl,@martinjrl,1,8,10,0.236657,0.25105,0
@martinmorcinek,@martinmorcinek,1,189,1,1,1,0
@EckerleIsabella,@EckerleIsabella,1,189,1,1,1,0
@martinospital,@martinospital,1,79,2,0.666667,0.75,0
@martinselame,@martinselame,4,0,11,0.224667,0.239224,0.001122
@Eurekablog,@Eurekablog,1,0,12,0.183458,0.190867,0
@martinymartina,@martinymartina,1,139,10,0.235786,0.250448,0
@maru2180,@maru2180,13,157,11,0.253395,0.278515,0.002895
@MargaritaPets,@MargaritaPets,2,157,12,0.20219,0.21376,0.0003
@NOmasCNE,@NOmasCNE,1,157,12,0.202175,0.213632,0
@dra_regenmedica,@dra_regenmedica,1,157,12,0.202175,0.213632,0
@maruli15,@maruli15,1,139,10,0.245122,0.270518,0
@marvelarson_vs,@marvelarson_vs,1,124,11,0.201664,0.21304,0
@marvelousmrscam,@marvelousmrscam,1,0,11,0.224201,0.238157,0
@marxili,@marxili,2,190,2,0.75,0.833333,0
@RobiVil,@RobiVil,2,190,2,0.75,0.833333,0
@giuliocavalli,@giuliocavalli,1,190,3,0.5,0.611111,0
@marxiswocultura,@marxiswocultura,1,5,12,0.225105,0.2441,0
@mary_valenciana,@mary_valenciana,2,8,10,0.236819,0.251451,0.000003
@maryaignacia,@maryaignacia,1,124,11,0.219989,0.231932,0
@marycastrobarah,@marycastrobarah,2,5,10,0.257023,0.281906,0.000508
@maryfernity,@maryfernity,1,0,11,0.216365,0.228595,0
@marylen61,@marylen61,4,52,11,0.255076,0.279761,0.002238
@maryoja,@maryoja,8,8,10,0.282941,0.320558,0.000597
@marypazam,@marypazam,4,157,11,0.249928,0.272486,0.000046
@marysol997,@marysol997,1,157,11,0.229608,0.240715,0
@marytameza,@marytameza,1,5,12,0.208622,0.21976,0
@maryudr,@maryudr,1,0,11,0.204687,0.216464,0
@marzicavalieri,@marzicavalieri,1,191,1,1,1,0
@revistaoeste,@revistaoeste,1,191,1,1,1,0
@marzio_giuliano,@marzio_giuliano,1,5,12,0.225105,0.2441,0
@mascaradegata,@mascaradegata,3,52,12,0.182278,0.191542,0.000106
@mascotalerta,@mascotalerta,1,157,11,0.246168,0.266,0
@matamala_bezma,@matamala_bezma,4,0,11,0.226867,0.240737,0.00187
@matamalahoracio,@matamalahoracio,1,0,11,0.224201,0.238157,0
@matheeuzinhoo8,@matheeuzinhoo8,1,67,15,0.118567,0.121203,0
@mathias35767714,@mathias35767714,1,139,10,0.245122,0.270518,0
@mathiaschamorr0,@mathiaschamorr0,5,157,11,0.249952,0.272614,0.000346
@rommyb,@rommyb,1,157,12,0.199977,0.210517,0
@matiastoro,@matiastoro,1,91,6,0.27957,0.329487,0
@matiaswrc,@matiaswrc,1,5,12,0.225105,0.2441,0
@matilspitzenber,@matilspitzenber,1,124,11,0.201664,0.21304,0
@matronaclau,@matronaclau,4,0,11,0.235401,0.255511,0.000439
@mauipoblete,@mauipoblete,1,157,11,0.17946,0.187302,0
@maulenet,@maulenet,2,0,11,0.226629,0.240306,0.000017
@maulymorsan,@maulymorsan,2,8,10,0.258007,0.283641,0.000017
@maureencecilia,@maureencecilia,1,0,11,0.222413,0.235746,0
@maurici08329521,@maurici08329521,1,139,10,0.245122,0.270518,0
@maurici15939857,@maurici15939857,1,8,10,0.25687,0.281537,0
@mauricioamar,@mauricioamar,2,0,12,0.190308,0.1997,0.0003
@dlobatob,@dlobatob,1,0,13,0.159887,0.165388,0
@mauriciolarena4,@mauriciolarena4,8,8,10,0.254676,0.283201,0.001134
@IngJoseAlvarez,@IngJoseAlvarez,1,8,11,0.202989,0.216067,0
@MauricioLarena4,@MauricioLarena4,1,8,11,0.202989,0.216067,0
@huinka2000,@huinka2000,1,8,11,0.202989,0.216067,0
@mauriciomunita,@mauriciomunita,1,139,10,0.245122,0.270518,0
@mauriciopam69,@mauriciopam69,1,0,11,0.218709,0.231337,0
@mauriciosv14,@mauriciosv14,1,139,11,0.211513,0.220863,0
@maurigrandon,@maurigrandon,1,157,11,0.246168,0.266,0
@maurilonc,@maurilonc,3,5,10,0.24146,0.258511,0.000095
@maurixio32,@maurixio32,3,5,10,0.257712,0.289369,0.000168
@maurizi44444330,@maurizi44444330,1,0,11,0.210253,0.222816,0
@mauro58va,@mauro58va,2,171,10,0.221766,0.236676,0.000032
@maurogarric,@maurogarric,1,157,11,0.246168,0.266,0
@maurokasic,@maurokasic,1,139,12,0.200471,0.210834,0
@mauroleighton,@mauroleighton,1,157,11,0.246168,0.266,0
@mauromacutowin,@mauromacutowin,1,0,11,0.216365,0.228595,0
@mauroquintanaz,@mauroquintanaz,1,0,11,0.218709,0.231337,0
@mavileslillo,@mavileslillo,2,124,11,0.227634,0.242906,0.000114
@mawiubuntu,@mawiubuntu,4,8,10,0.258663,0.284357,0.000073
@maxielvaleria3,@maxielvaleria3,1,192,1,1,1,0
@sambitacryboyer,@sambitacryboyer,1,192,1,1,1,0
@maximil01754361,@maximil01754361,1,5,12,0.212171,0.226211,0
@maximiliano1174,@maximiliano1174,1,8,12,0.21824,0.231604,0
@maxivic,@maxivic,1,8,10,0.222365,0.234988,0
@maxxtro43,@maxxtro43,2,5,10,0.254289,0.285,0.000099
@maxxximilano,@maxxximilano,1,5,12,0.225105,0.2441,0
@maykolgv32,@maykolgv32,1,8,10,0.25687,0.281537,0
@maylaury,@maylaury,1,139,10,0.245122,0.270518,0
@mazckuel,@mazckuel,1,139,10,0.245122,0.270518,0
@mbelloulloa,@mbelloulloa,1,139,10,0.245122,0.270518,0
@mbligre,@mbligre,8,5,10,0.287281,0.328921,0.000942
@mbodypando,@mbodypando,2,5,12,0.229741,0.250516,0.000014
@mc_artigas,@mc_artigas,6,157,11,0.237894,0.25183,0.000433
@SfHuellas,@SfHuellas,1,157,12,0.192184,0.199111,0
@mc_cuxi,@mc_cuxi,8,8,10,0.271495,0.304091,0.000593
@Alexpolze,@Alexpolze,1,8,11,0.213533,0.227998,0
@mcarolinagg,@mcarolinagg,1,157,11,0.191722,0.201257,0
@mcat2010,@mcat2010,2,157,11,0.247661,0.268518,0.000022
@mceciliarosales,@mceciliarosales,1,139,10,0.235786,0.250448,0
@mcisternaflores,@mcisternaflores,1,157,11,0.246168,0.266,0
@mckane_cl,@mckane_cl,1,139,12,0.202348,0.213559,0
@mcmcmailing,@mcmcmailing,1,5,14,0.15526,0.16103,0
@mcminesis,@mcminesis,1,124,11,0.219989,0.231932,0
@mconsuelofg,@mconsuelofg,1,0,13,0.160848,0.166491,0
@mcovit,@mcovit,1,139,10,0.235786,0.250448,0
@mdasilvae94320,@mdasilvae94320,3,139,10,0.281941,0.318238,0.000321
@mdc50,@mdc50,1,8,10,0.25687,0.281537,0
@mdelavegaparra,@mdelavegaparra,1,8,10,0.236657,0.25105,0
@mdgalleguillos,@mdgalleguillos,6,193,10,0.260559,0.287926,0.000172
@mdramoni,@mdramoni,2,183,11,0.225193,0.240009,0.002793
@me4macmango,@me4macmango,1,5,12,0.183076,0.192202,0
@mecastilloa,@mecastilloa,2,5,12,0.233116,0.246989,0.000013
@meda18,@meda18,1,0,11,0.204687,0.216464,0
@medioporfiao,@medioporfiao,1,124,11,0.219989,0.231932,0
@meditacionchile,@meditacionchile,1,8,10,0.25687,0.281537,0
@medixi,@medixi,12,5,10,0.249916,0.279224,0.001099
@gene_llerena,@gene_llerena,5,5,11,0.238047,0.258028,0.00032
@micajf2011,@micajf2011,2,5,11,0.208991,0.224404,0.000004
@medussamanita,@medussamanita,2,124,11,0.225968,0.240704,0.000083
@meetandpotatoes,@meetandpotatoes,2,109,12,0.169001,0.17391,0.00007
@JohanLozada26,@JohanLozada26,3,109,12,0.172686,0.178958,0.000322
@meier_ingrid,@meier_ingrid,5,8,12,0.238869,0.259729,0.000047
@meitorres10,@meitorres10,1,183,12,0.180584,0.188868,0
@mel0dramaboy,@mel0dramaboy,1,26,2,0.545455,0.583333,0
@melicbustos,@melicbustos,1,0,11,0.222413,0.235746,0
@melidi86,@melidi86,1,157,11,0.246168,0.266,0
@melirocy,@melirocy,2,0,10,0.245191,0.270743,0.000186
@melychu__,@melychu__,1,157,11,0.246168,0.266,0
@memistyco90,@memistyco90,3,8,10,0.2367,0.251307,0.0006
@SaulNutri,@SaulNutri,1,8,11,0.191404,0.198704,0
@profeclaudioni1,@profeclaudioni1,1,8,11,0.191404,0.198704,0
@menbigbulge,@menbigbulge,1,194,1,1,1,0
@WeroTink,@WeroTink,1,194,1,1,1,0
@mendez1810,@mendez1810,1,8,12,0.210749,0.222493,0
@menina1204,@menina1204,4,0,11,0.220213,0.234603,0.000108
@meradejanito,@meradejanito,1,8,10,0.25687,0.281537,0
@mercede25763199,@mercede25763199,1,195,1,1,1,0
@lapapela_,@lapapela_,1,195,1,1,1,0
@meree109651,@meree109651,1,139,10,0.245122,0.270518,0
@merlinaness18,@merlinaness18,1,8,10,0.25687,0.281537,0
@merluxopelagico,@merluxopelagico,1,139,10,0.235786,0.250448,0
@merluza38,@merluza38,2,157,11,0.247827,0.268862,0
@meryjohose,@meryjohose,1,8,12,0.218663,0.233363,0
@mesperanzagm93,@mesperanzagm93,1,183,15,0.121827,0.12476,0
@metallector,@metallector,1,5,12,0.225105,0.2441,0
@metropolis_sa,@metropolis_sa,1,5,12,0.225105,0.2441,0
@meugeahu,@meugeahu,1,0,11,0.210253,0.222816,0
@mevo74,@mevo74,2,157,11,0.247012,0.267638,0.000009
@meyechs,@meyechs,1,124,11,0.219989,0.231932,0
@mfedor_monica,@mfedor_monica,2,109,12,0.190343,0.199476,0.0003
@BtPzy,@BtPzy,1,109,13,0.159911,0.165255,0
@mfernandacontre,@mfernandacontre,1,52,11,0.188005,0.19759,0
@mfvalenciaj,@mfvalenciaj,4,8,10,0.28584,0.323516,0.000513
@mg123proo,@mg123proo,2,5,13,0.155339,0.159203,0.002398
@Mandoucopy,@Mandoucopy,2,5,12,0.183796,0.189701,0.002698
@mgaac2005ramos,@mgaac2005ramos,4,139,10,0.238573,0.255339,0.000104
@mgcartagena,@mgcartagena,1,8,10,0.25687,0.281537,0
@mglsnhz,@mglsnhz,2,183,13,0.161043,0.168172,0.0009
@mgrollmus,@mgrollmus,1,0,11,0.222413,0.235746,0
@mi_wall_,@mi_wall_,1,0,11,0.204687,0.216464,0
@micamus13,@micamus13,12,8,10,0.265344,0.293548,0.000598
@michel778899,@michel778899,11,5,10,0.260874,0.293094,0.003763
@michellfereira,@michellfereira,1,144,2,0.666667,0.75,0
@microbiolito,@microbiolito,1,0,11,0.224201,0.238157,0
@midnigth_rain,@midnigth_rain,1,5,15,0.118561,0.12051,0
@miguel87550040,@miguel87550040,5,8,10,0.2854,0.323442,0.000525
@miguel_andez,@miguel_andez,1,8,12,0.210535,0.222495,0
@miguelbasao,@miguelbasao,1,196,1,1,1,0
@GlassAfrica,@GlassAfrica,1,196,1,1,1,0
@miguelfriasreca,@miguelfriasreca,2,0,11,0.199877,0.211299,0.000069
@miguelinpalacio,@miguelinpalacio,1,0,11,0.224201,0.238157,0
@migueltoroz2,@migueltoroz2,4,109,10,0.260115,0.290812,0.000353
@miisabela,@miisabela,1,5,12,0.210134,0.222101,0
@mikachilelibre,@mikachilelibre,13,8,10,0.290905,0.332742,0.00132
@mikeblaaah,@mikeblaaah,1,139,10,0.245122,0.270518,0
@mikel456,@mikel456,1,0,11,0.224201,0.238157,0
@mikesupertramp_,@mikesupertramp_,1,139,10,0.245122,0.270518,0
@mikontorres,@mikontorres,4,157,11,0.249928,0.272486,0.000046
@miky5930,@miky5930,4,8,10,0.278715,0.315827,0.000341
@milagroslaos1,@milagroslaos1,1,5,12,0.216573,0.230214,0
@milenaeldan,@milenaeldan,4,0,11,0.24243,0.258408,0.000539
@MirthaCasti,@MirthaCasti,1,0,12,0.195133,0.20297,0
@milenamparrau,@milenamparrau,1,0,11,0.210253,0.222816,0
@milenapuentesr,@milenapuentesr,2,197,12,0.183672,0.191821,0.000005
@milkopalma,@milkopalma,3,157,11,0.248575,0.270298,0.000012
@millagyovando,@millagyovando,2,139,10,0.253518,0.281014,0.000045
@miltommy56,@miltommy56,8,8,10,0.266092,0.296569,0.000267
@milylarreal,@milylarreal,1,124,11,0.219989,0.231932,0
@mime803,@mime803,1,8,10,0.25687,0.281537,0
@mime_del_rio,@mime_del_rio,1,8,10,0.25687,0.281537,0
@mimitalamaga,@mimitalamaga,1,157,11,0.246168,0.266,0
@min_interior,@min_interior,1,198,2,0.666667,0.75,0
@DPRAntofagasta,@DPRAntofagasta,2,198,1,1,1,0
@minagriaraucan,@minagriaraucan,1,52,11,0.186518,0.195811,0
@minevargasg,@minevargasg,1,157,11,0.246168,0.266,0
@mingoretamales,@mingoretamales,1,139,10,0.245122,0.270518,0
@minibeca,@minibeca,1,124,11,0.201664,0.21304,0
@SeremiSaludRM,@SeremiSaludRM,1,52,11,0.186518,0.195811,0
@minjudhantof,@minjudhantof,1,198,2,0.666667,0.75,0
@minjudhlosrios,@minjudhlosrios,1,199,1,1,1,0
@ssaludlosrios,@ssaludlosrios,1,199,1,1,1,0
@miralohe,@miralohe,3,5,10,0.248075,0.275848,0.00036
@Juaniperezc,@Juaniperezc,1,5,11,0.198774,0.211721,0
@miranda_yany,@miranda_yany,2,141,11,0.210714,0.223709,0.000023
@mirasanjuan,@mirasanjuan,9,157,11,0.261347,0.290663,0.005874
@mirenechadwick,@mirenechadwick,1,8,10,0.25687,0.281537,0
@mirzalillosalas,@mirzalillosalas,3,215,10,0.26094,0.287105,0.000384
@mishkachuchu,@mishkachuchu,4,157,11,0.249627,0.271928,0.002056
@miss__foxy__,@miss__foxy__,3,157,11,0.247685,0.268647,0.000058
@miss_fer_,@miss_fer_,1,157,11,0.235883,0.248355,0
@misshornefisher,@misshornefisher,2,5,12,0.205865,0.217543,0.000018
@missingperson_x,@missingperson_x,1,215,11,0.215825,0.225695,0
@misspattz28,@misspattz28,6,215,11,0.217053,0.227579,0.000633
@hoyesotrodia,@hoyesotrodia,1,215,12,0.178349,0.184043,0
@opscuba,@opscuba,1,215,12,0.178349,0.184043,0
@misss1mpatia,@misss1mpatia,1,157,11,0.246168,0.266,0
@missturandot,@missturandot,7,171,10,0.242986,0.257834,0.000861
@Antony_ant_cl,@Antony_ant_cl,1,171,11,0.195493,0.202687,0
@misthermaximo,@misthermaximo,14,139,10,0.297443,0.339511,0.002816
@mistraltia,@mistraltia,1,0,11,0.204687,0.216464,0
@mistwiter,@mistwiter,2,8,10,0.257252,0.282272,0.000007
@mitovegaf,@mitovegaf,1,5,12,0.186257,0.195958,0
@miyaxlyne501,@miyaxlyne501,1,139,10,0.245122,0.270518,0
@mjcotemj,@mjcotemj,1,170,2,0.666667,0.75,0
@mjjboys,@mjjboys,1,139,10,0.245122,0.270518,0
@mjkienero1,@mjkienero1,10,8,10,0.268405,0.298309,0.000644
@mjmosqueda,@mjmosqueda,1,8,12,0.18583,0.195106,0
@mjsantost,@mjsantost,1,139,12,0.209464,0.221646,0
@mkrauskopf,@mkrauskopf,2,52,11,0.181939,0.190556,0.000024
@mksotoa,@mksotoa,2,183,11,0.247295,0.267286,0.002589
@mktdavidarce,@mktdavidarce,5,8,10,0.266106,0.299052,0.000296
@mlg39696692,@mlg39696692,9,157,11,0.255755,0.282115,0.002071
@RescateAnimal,@RescateAnimal,1,157,12,0.203675,0.215701,0
@laredzoocial,@laredzoocial,1,157,12,0.203675,0.215701,0
@mlineros,@mlineros,1,139,10,0.245122,0.270518,0
@mloug07,@mloug07,3,8,10,0.257712,0.283265,0.000318
@Rincon001A,@Rincon001A,1,8,11,0.204914,0.216624,0
@mlrh37,@mlrh37,1,0,12,0.190295,0.199571,0
@mnavaamario,@mnavaamario,2,8,10,0.253395,0.27996,0.000061
@mo_maluz,@mo_maluz,1,5,12,0.195427,0.205693,0
@mobbpas,@mobbpas,1,157,11,0.246168,0.266,0
@moises1958,@moises1958,1,139,10,0.245122,0.270518,0
@moisesconcha65,@moisesconcha65,1,8,10,0.25687,0.281537,0
@moisesdulcemayo,@moisesdulcemayo,13,5,10,0.300058,0.341175,0.010975
@moiseshasson,@moiseshasson,4,0,11,0.227714,0.244507,0.000383
@mollepab,@mollepab,1,8,12,0.200479,0.211255,0
@molotov1947,@molotov1947,2,5,12,0.227954,0.249652,0.000021
@mongonuel,@mongonuel,2,0,11,0.226629,0.240306,0.000017
@monica_lef,@monica_lef,1,8,10,0.25687,0.281537,0
@monica_valdi,@monica_valdi,1,50,2,0.538462,0.571429,0
@monicacarreo3,@monicacarreo3,1,8,10,0.229172,0.240727,0
@monicaecc,@monicaecc,1,157,11,0.246168,0.266,0
@monicapazs,@monicapazs,1,0,11,0.222413,0.235746,0
@monicaquin63127,@monicaquin63127,6,5,10,0.284492,0.321766,0.004457
@monicar86481563,@monicar86481563,1,0,11,0.222413,0.235746,0
@monicas01367968,@monicas01367968,1,8,12,0.230547,0.243628,0
@monicaxlosrios,@monicaxlosrios,1,0,11,0.212675,0.223345,0
@moninagg,@moninagg,1,124,11,0.219989,0.231932,0
@moniquevaldi,@moniquevaldi,1,50,2,0.538462,0.571429,0
@monita_valdi,@monita_valdi,1,50,2,0.538462,0.571429,0
@monka_lover,@monka_lover,1,0,11,0.218709,0.231337,0
@monodelsolar,@monodelsolar,2,193,12,0.219468,0.233645,0.00001
@monomante71,@monomante71,2,157,11,0.247012,0.267638,0.000009
@montecinos23,@montecinos23,1,139,10,0.245122,0.270518,0
@montsemontymon,@montsemontymon,1,52,11,0.18593,0.196243,0
@moonphases95,@moonphases95,1,200,1,1,1,0
@suesrichards,@suesrichards,1,200,1,1,1,0
@moralesrobles2,@moralesrobles2,1,0,11,0.216365,0.228595,0
@morenomartins6,@morenomartins6,1,8,12,0.175555,0.183592,0
@morije_,@morije_,1,9,12,0.176914,0.184171,0
@mossa82607400,@mossa82607400,6,157,11,0.248706,0.270668,0.000433
@mestizos_cl,@mestizos_cl,1,157,12,0.199178,0.209422,0
@mossadsupremo,@mossadsupremo,1,201,1,1,1,0
@FrenologoDeSion,@FrenologoDeSion,1,201,1,1,1,0
@mostazoide,@mostazoide,2,8,10,0.257968,0.286786,0.000118
@mourente1910,@mourente1910,1,8,10,0.235444,0.251191,0
@moyagino,@moyagino,7,139,10,0.286187,0.326838,0.001606
@PDI_CHILE,@PDI_CHILE,1,139,11,0.222518,0.240222,0
@moyarzunvera,@moyarzunvera,2,8,10,0.232354,0.246272,0.000006
@mpaulage,@mpaulage,4,0,11,0.235081,0.253644,0.0006
@mpaz66,@mpaz66,1,202,1,1,1,0
@Marila121,@Marila121,1,202,1,1,1,0
@mpinto7000,@mpinto7000,3,139,10,0.281941,0.318238,0.000321
@mqueltehue,@mqueltehue,4,171,10,0.245272,0.267102,0.000297
@mr_brujo,@mr_brujo,1,5,12,0.225105,0.2441,0
@mraijmakersh,@mraijmakersh,1,203,1,1,1,0
@DrAJRodriguezM,@DrAJRodriguezM,1,203,1,1,1,0
@mrcgncio,@mrcgncio,1,139,12,0.19414,0.205417,0
@mrdonjosep,@mrdonjosep,1,204,1,1,1,0
@europapress,@europapress,1,204,1,1,1,0
@mromerori,@mromerori,1,0,11,0.218709,0.231337,0
@mrsboudica,@mrsboudica,1,124,11,0.219989,0.231932,0
@mrskharket,@mrskharket,3,157,11,0.248277,0.269736,0.000152
@ms_agusnina,@ms_agusnina,1,0,11,0.222413,0.235746,0
@msotod,@msotod,1,52,11,0.18593,0.196243,0
@mss_lmss,@mss_lmss,1,215,13,0.166447,0.17204,0
@mthiersr,@mthiersr,2,5,10,0.262843,0.291653,0.000071
@mtorres6812,@mtorres6812,2,205,1,1,1,0
@CIGBCuba,@CIGBCuba,1,205,2,0.666667,0.75,0
@CMKXDigital,@CMKXDigital,1,205,2,0.666667,0.75,0
@mtorresmacho,@mtorresmacho,1,206,1,1,1,0
@ONUChile,@ONUChile,1,206,1,1,1,0
@mtrikaliotis,@mtrikaliotis,1,5,12,0.225105,0.2441,0
@muchachacrespa,@muchachacrespa,3,8,10,0.256299,0.283725,0.000081
@mujerlibre2024,@mujerlibre2024,1,157,11,0.246168,0.266,0
@mujerx324324,@mujerx324324,1,8,10,0.25687,0.281537,0
@mums_chile,@mums_chile,1,52,11,0.186518,0.195811,0
@mundo_on_line,@mundo_on_line,3,5,10,0.275987,0.311668,0.000476
@munitach,@munitach,1,8,10,0.25687,0.281537,0
@munozbrantt,@munozbrantt,1,8,12,0.225939,0.237245,0
@muozponce1,@muozponce1,2,5,10,0.216338,0.228704,0.000163
@murko83526583,@murko83526583,2,139,10,0.253518,0.281014,0.000045
@mvela29,@mvela29,1,8,10,0.229172,0.240727,0
@mveronica50,@mveronica50,1,8,10,0.25687,0.281537,0
@mvgpmarce,@mvgpmarce,2,52,11,0.231452,0.243574,0.000285
@mvivaza,@mvivaza,2,8,10,0.226511,0.239193,0.000006
@myco_razon,@myco_razon,1,8,12,0.192113,0.202447,0
@mydonov,@mydonov,1,139,10,0.245122,0.270518,0
@myleneymylene,@myleneymylene,2,207,1,1,1,0
@Amadoelquelolea,@Amadoelquelolea,1,207,2,0.666667,0.75,0
@Carloslopezjone,@Carloslopezjone,1,207,2,0.666667,0.75,0
@mymotherjisoo,@mymotherjisoo,1,124,11,0.219989,0.231932,0
@myriamlvarez4,@myriamlvarez4,1,8,12,0.21824,0.231604,0
@myriamminerva,@myriamminerva,1,157,11,0.220907,0.232079,0
@myx_zero,@myx_zero,1,139,10,0.245122,0.270518,0
@mzegersparra,@mzegersparra,7,8,10,0.266708,0.296188,0.000433
@HereIgo33011839,@HereIgo33011839,1,8,11,0.21056,0.223773,0
@n0usern,@n0usern,1,77,2,0.538462,0.571429,0
@n_floresosorio,@n_floresosorio,1,157,12,0.204938,0.215984,0
@n_vidalc,@n_vidalc,1,124,11,0.201664,0.21304,0
@naatytatien,@naatytatien,1,208,1,1,1,0
@l0stminhyuk,@l0stminhyuk,1,208,1,1,1,0
@nabibalu,@nabibalu,1,183,12,0.180584,0.188868,0
@nach_59046,@nach_59046,9,169,12,0.196843,0.208989,0.00154
@BanounHelene,@BanounHelene,1,169,13,0.164474,0.171225,0
@StatChrisCotton,@StatChrisCotton,1,169,13,0.164474,0.171225,0
@claude_le_moal,@claude_le_moal,1,169,13,0.164474,0.171225,0
@excocet17,@excocet17,1,169,13,0.164474,0.171225,0
@nachin_31,@nachin_31,1,109,12,0.170372,0.177823,0
@nachobcr,@nachobcr,1,8,10,0.25687,0.281537,0
@nachoit,@nachoit,1,5,12,0.225105,0.2441,0
@nachombello,@nachombello,1,8,10,0.25687,0.281537,0
@nachoortega,@nachoortega,1,0,11,0.224201,0.238157,0
@nachosdinos,@nachosdinos,2,0,11,0.22291,0.236809,0.000119
@nachoseguel,@nachoseguel,3,139,10,0.248861,0.27711,0.000134
@nachosogc,@nachosogc,1,5,12,0.225105,0.2441,0
@nacrimo,@nacrimo,1,145,2,0.666667,0.75,0
@nadiamms,@nadiamms,2,157,11,0.247012,0.267638,0.000009
@naejlecram,@naejlecram,1,0,11,0.199615,0.210476,0
@nakama_azul,@nakama_azul,1,68,2,0.666667,0.75,0
@namjoonysus,@namjoonysus,1,124,11,0.201664,0.21304,0
@nanai1155,@nanai1155,1,5,12,0.225105,0.2441,0
@nancho765,@nancho765,1,5,12,0.225105,0.2441,0
@nancyal1973,@nancyal1973,1,0,11,0.224201,0.238157,0
@nancychacoff,@nancychacoff,1,8,12,0.211513,0.222925,0
@nanditamc,@nanditamc,2,157,11,0.247827,0.268862,0
@nandycorp,@nandycorp,1,171,12,0.186097,0.195882,0
@nanernik2020,@nanernik2020,1,5,12,0.225105,0.2441,0
@nani___guevara,@nani___guevara,1,0,11,0.216365,0.228595,0
@nanitita3,@nanitita3,4,8,10,0.258843,0.285231,0.000025
@nannettl,@nannettl,2,5,10,0.245354,0.271058,0.000302
@nanny_kknj,@nanny_kknj,1,139,12,0.206151,0.216808,0
@nannywilson66,@nannywilson66,1,157,11,0.246168,0.266,0
@nanofernandezg,@nanofernandezg,1,139,12,0.209464,0.221646,0
@naraluke,@naraluke,1,9,12,0.176914,0.184171,0
@naratriptan,@naratriptan,1,67,15,0.118567,0.121203,0
@narvandi,@narvandi,1,0,11,0.224201,0.238157,0
@naslo_castro,@naslo_castro,20,8,10,0.27042,0.302121,0.001095
@claubalestrini,@claubalestrini,1,8,11,0.212867,0.226769,0
@sofia_vittar,@sofia_vittar,1,8,11,0.212867,0.226769,0
@natabohem,@natabohem,1,124,11,0.201664,0.21304,0
@natalia08231207,@natalia08231207,5,0,10,0.249136,0.266568,0.001276
@IroChaguaPayano,@IroChaguaPayano,1,0,11,0.199454,0.207674,0
@MMardols,@MMardols,1,0,11,0.199454,0.207674,0
@Vitalicio7020,@Vitalicio7020,1,0,11,0.199454,0.207674,0
@natalia_v_e,@natalia_v_e,1,157,11,0.17946,0.187302,0
@nataliaa_belen,@nataliaa_belen,3,183,12,0.181927,0.191059,0.000627
@Alantiguita24,@Alantiguita24,2,183,13,0.153937,0.15934,0.0003
@nataliavag,@nataliavag,1,124,11,0.201664,0.21304,0
@natalietayque,@natalietayque,1,124,11,0.219989,0.231932,0
@nataralesa,@nataralesa,1,0,11,0.224201,0.238157,0
@natasha150,@natasha150,1,215,13,0.154838,0.158417,0
@nateshi_flamel,@nateshi_flamel,3,209,2,0.714286,0.8,0
@ArchivosDeIzzy_,@ArchivosDeIzzy_,2,209,3,0.555556,0.666667,0
@Catyreiji2,@Catyreiji2,2,209,3,0.555556,0.666667,0
@Pastelmon_art,@Pastelmon_art,1,209,3,0.454545,0.533333,0
@natho47,@natho47,3,5,11,0.223515,0.234873,0.000983
@natiiramirez18,@natiiramirez18,1,210,1,1,1,0
@EmmanuellePaez,@EmmanuellePaez,1,210,1,1,1,0
@natymanza,@natymanza,9,8,10,0.269773,0.299846,0.000286
@natypazmella,@natypazmella,2,8,10,0.239797,0.251332,0.000113
@natysanhueza2,@natysanhueza2,1,8,10,0.25687,0.281537,0
@nau_soa,@nau_soa,8,8,10,0.288238,0.329562,0.000981
@naverix,@naverix,1,139,10,0.235786,0.250448,0
@nazgul_delta,@nazgul_delta,1,139,10,0.245122,0.270518,0
@ncrodriguez4,@ncrodriguez4,4,5,10,0.252974,0.281642,0.000284
@necroemeeoscar,@necroemeeoscar,1,8,10,0.25687,0.281537,0
@necroxisis,@necroxisis,2,8,10,0.23585,0.255754,0.000018
@negrita1971,@negrita1971,1,157,11,0.191722,0.201257,0
@negritaolvidona,@negritaolvidona,1,8,10,0.25687,0.281537,0
@negro_galvez,@negro_galvez,1,52,12,0.181818,0.19068,0
@negro_lfc_2,@negro_lfc_2,1,141,11,0.193966,0.203492,0
@negrocio04,@negrocio04,1,139,10,0.245122,0.270518,0
@nekitavargas,@nekitavargas,2,157,11,0.229629,0.240844,0.000046
@nekochiroi,@nekochiroi,1,8,10,0.222365,0.234988,0
@nekosfate,@nekosfate,1,157,11,0.246168,0.266,0
@nelly4640,@nelly4640,3,211,1,1,1,0
@EmergenciasEc,@EmergenciasEc,1,211,2,0.6,0.666667,0
@Expresoec,@Expresoec,1,211,2,0.6,0.666667,0
@GaloLaraY,@GaloLaraY,1,211,2,0.6,0.666667,0
@nelsillo67,@nelsillo67,1,139,10,0.235786,0.250448,0
@nelson24234141,@nelson24234141,1,139,10,0.245122,0.270518,0
@nelson987123,@nelson987123,1,0,11,0.216365,0.228595,0
@nelson_abrigo,@nelson_abrigo,1,8,10,0.25687,0.281537,0
@nelsonh62581083,@nelsonh62581083,1,139,10,0.245122,0.270518,0
@nelsonpon,@nelsonpon,1,8,10,0.25687,0.281537,0
@nemnemecsek,@nemnemecsek,3,212,3,0.625,0.766667,0
@guffanti_marco,@guffanti_marco,1,212,4,0.416667,0.516667,0
@pinapic,@pinapic,1,212,4,0.416667,0.516667,0
@nemus_forest,@nemus_forest,1,0,11,0.199615,0.210476,0
@nenerb2,@nenerb2,2,139,10,0.253518,0.281014,0.000045
@nestordel38a,@nestordel38a,2,8,12,0.223563,0.237368,0.000013
@neuroparada,@neuroparada,1,0,11,0.222413,0.235746,0
@newfelo,@newfelo,1,0,11,0.212675,0.223345,0
@newtonocando,@newtonocando,1,139,10,0.245122,0.270518,0
@neyabdiel,@neyabdiel,1,213,1,1,1,0
@tvnnoticias,@tvnnoticias,1,213,1,1,1,0
@nhuldberg,@nhuldberg,2,8,10,0.275928,0.311492,0.000199
@nibaldo1451,@nibaldo1451,1,8,10,0.236657,0.25105,0
@nicazurdo,@nicazurdo,2,8,10,0.275928,0.311492,0.000199
@nicckitta,@nicckitta,1,8,12,0.21824,0.231604,0
@nick_cisgo,@nick_cisgo,2,139,10,0.253518,0.281014,0.000045
@nickdark0,@nickdark0,1,8,10,0.25687,0.281537,0
@nico2021cl,@nico2021cl,1,157,11,0.246168,0.266,0
@nico_fisa,@nico_fisa,1,157,11,0.246168,0.266,0
@nico_sacks,@nico_sacks,1,157,11,0.246168,0.266,0
@nicoarancibiacl,@nicoarancibiacl,3,8,10,0.247779,0.267348,0.000025
@nicobravoreyes,@nicobravoreyes,1,8,14,0.142469,0.146953,0
@nicojavi11,@nicojavi11,1,139,10,0.245122,0.270518,0
@nicolaevna,@nicolaevna,3,8,10,0.259491,0.285953,0.000025
@nicolavados,@nicolavados,1,20,3,0.5,0.583333,0
@nicolazdepablo,@nicolazdepablo,1,139,10,0.245122,0.270518,0
@nicoleandreahs,@nicoleandreahs,2,157,11,0.247625,0.26848,0.000012
@nicoleconefinal,@nicoleconefinal,1,157,11,0.246168,0.266,0
@nicolelayana,@nicolelayana,1,8,12,0.191496,0.201847,0
@nicolvl13,@nicolvl13,1,214,1,1,1,0
@RTVE_Com,@RTVE_Com,1,214,1,1,1,0
@nicomaisterow,@nicomaisterow,17,8,10,0.278371,0.313059,0.001015
@nicoparedes91,@nicoparedes91,1,0,11,0.224201,0.238157,0
@nicoperezlozano,@nicoperezlozano,1,157,11,0.22658,0.237162,0
@nievespoblete01,@nievespoblete01,2,0,11,0.232333,0.248315,0.000072
@nikicardoch,@nikicardoch,2,52,11,0.203683,0.215784,0.000154
@nikocv,@nikocv,1,8,10,0.25687,0.281537,0
@nikolaos_rm,@nikolaos_rm,2,0,11,0.246789,0.267057,0.000567
@nikomcbrain,@nikomcbrain,1,139,10,0.245122,0.270518,0
@nildawei,@nildawei,3,157,11,0.248575,0.270298,0.000012
@niltoely,@niltoely,5,215,10,0.266338,0.294387,0.000991
@nilyangel,@nilyangel,1,8,10,0.235444,0.251191,0
@nimacha69,@nimacha69,1,0,11,0.18589,0.195426,0
@ninagonzlezf,@ninagonzlezf,1,0,11,0.212675,0.223345,0
@ninamonina1976,@ninamonina1976,1,5,12,0.212171,0.226211,0
@ninnaher,@ninnaher,1,0,11,0.224201,0.238157,0
@niperdoniolvi2,@niperdoniolvi2,1,8,10,0.236657,0.25105,0
@nirak_ella,@nirak_ella,7,8,10,0.262817,0.291066,0.000259
@nirotta,@nirotta,1,157,11,0.246168,0.266,0
@niurime,@niurime,1,157,11,0.246168,0.266,0
@nmmsmao,@nmmsmao,1,162,2,0.666667,0.75,0
@noalcancenombr3,@noalcancenombr3,1,124,11,0.219989,0.231932,0
@noanysu,@noanysu,2,157,11,0.247625,0.26848,0.000012
@nodigaloqpiensa,@nodigaloqpiensa,4,157,11,0.243499,0.26049,0.000025
@noelizabethes,@noelizabethes,1,157,11,0.22658,0.237162,0
@noesparabanar,@noesparabanar,3,157,11,0.24861,0.270497,0.000012
@nomasonunichina,@nomasonunichina,1,5,12,0.225105,0.2441,0
@nomastonteras,@nomastonteras,1,0,11,0.210253,0.222816,0
@nonoyno1960,@nonoyno1960,7,139,10,0.286899,0.325298,0.001452
@nora_poblete,@nora_poblete,2,157,11,0.247625,0.26848,0.000012
@normagallardop,@normagallardop,1,139,10,0.245122,0.270518,0
@norman_feel,@norman_feel,5,8,10,0.246473,0.26463,0.000054
@nowomimasuri,@nowomimasuri,1,19,2,0.555556,0.6,0
@nparragueze,@nparragueze,1,157,11,0.246168,0.266,0
@ns2323ns,@ns2323ns,1,0,11,0.204687,0.216464,0
@nstorjunior,@nstorjunior,1,8,10,0.25687,0.281537,0
@ntr_nsenpai_net,@ntr_nsenpai_net,1,139,10,0.235786,0.250448,0
@nubechilena,@nubechilena,1,157,11,0.235883,0.248355,0
@nubleregion,@nubleregion,1,8,10,0.25687,0.281537,0
@nutrsinmarcas,@nutrsinmarcas,3,52,11,0.191992,0.202997,0.000066
@Respirologo,@Respirologo,2,52,11,0.201703,0.211219,0.000104
@nwjschile,@nwjschile,2,5,10,0.248052,0.275719,0.000059
@nycolozano,@nycolozano,2,8,10,0.257686,0.283137,0.000018
@o287ro8at1,@o287ro8at1,2,8,12,0.230332,0.250141,0.000009
@o_locutorpro,@o_locutorpro,1,8,12,0.218663,0.233363,0
@oaveliz,@oaveliz,1,8,10,0.25687,0.281537,0
@obe_udechile,@obe_udechile,1,52,11,0.18593,0.196243,0
@ochovio,@ochovio,2,0,11,0.23105,0.248702,0.00009
@ocrmolga,@ocrmolga,1,0,11,0.199615,0.210476,0
@octavio_orozco,@octavio_orozco,1,171,10,0.215619,0.226946,0
@octaviovenega10,@octaviovenega10,1,5,12,0.216573,0.230214,0
@octubre35628748,@octubre35628748,2,0,11,0.228355,0.243884,0.000089
@oditta71,@oditta71,7,5,10,0.268447,0.30092,0.000991
@Vega4Julio,@Vega4Julio,1,5,11,0.211643,0.226141,0
@ohhsolemio,@ohhsolemio,2,171,11,0.246461,0.266382,0.000092
@ojeda_m,@ojeda_m,1,8,10,0.25687,0.281537,0
@ojohumanos,@ojohumanos,2,8,10,0.25715,0.282125,0.000009
@ojopiojo,@ojopiojo,1,216,1,1,1,0
@tekiosmag,@tekiosmag,1,216,1,1,1,0
@ojosoez,@ojosoez,1,5,12,0.204445,0.215597,0
@olartecherry9,@olartecherry9,1,139,10,0.245122,0.270518,0
@olave_araya,@olave_araya,1,139,10,0.245122,0.270518,0
@olecramsajor,@olecramsajor,1,64,2,0.666667,0.75,0
@olfcheer,@olfcheer,1,139,10,0.245122,0.270518,0
@olgavilches,@olgavilches,1,157,11,0.246168,0.266,0
@olguinaravena,@olguinaravena,1,0,11,0.216365,0.228595,0
@oliv15_lbsjrm_,@oliv15_lbsjrm_,1,139,10,0.245122,0.270518,0
@olivares_lore,@olivares_lore,3,8,10,0.243465,0.260275,0.000012
@olivaresabara,@olivaresabara,1,0,12,0.192626,0.200425,0
@olivera_garr,@olivera_garr,2,157,11,0.247012,0.267638,0.000009
@olivergonzalezv,@olivergonzalezv,1,0,11,0.217289,0.227714,0
@oliviacallen,@oliviacallen,1,5,15,0.118561,0.12051,0
@omacroga,@omacroga,6,109,10,0.246203,0.260047,0.00413
@omaramaya0,@omaramaya0,1,139,10,0.245122,0.270518,0
@omarseguel58,@omarseguel58,1,139,10,0.245122,0.270518,0
@omarziga9,@omarziga9,1,5,12,0.208622,0.21976,0
@omaticaya52,@omaticaya52,1,139,10,0.245122,0.270518,0
@omayayo,@omayayo,3,109,12,0.187117,0.196314,0.000314
@juliormarquezb,@juliormarquezb,1,109,13,0.157628,0.162931,0
@omgharryst,@omgharryst,2,183,13,0.173779,0.182576,0.000066
@onikiaga,@onikiaga,2,169,14,0.140406,0.144852,0.0003
@f_asselineau,@f_asselineau,1,169,15,0.123122,0.126093,0
@onironautacl,@onironautacl,14,8,10,0.27097,0.304569,0.000679
@onlyvibesfuria,@onlyvibesfuria,1,157,12,0.204938,0.215984,0
@onuchile,@onuchile,1,52,11,0.188005,0.19759,0
@ooruah___h,@ooruah___h,1,67,15,0.118567,0.121203,0
@opalmaf,@opalmaf,1,5,12,0.207114,0.217546,0
@opinion_publica,@opinion_publica,1,139,10,0.245122,0.270518,0
@opinionatedgh__,@opinionatedgh__,1,183,14,0.133405,0.136842,0
@opresorwick,@opresorwick,1,139,10,0.245122,0.270518,0
@oratoide,@oratoide,1,8,12,0.211255,0.222478,0
@orca1721ramirez,@orca1721ramirez,1,0,11,0.210253,0.222816,0
@orchardtatty,@orchardtatty,3,157,11,0.24785,0.268991,0.000045
@orgaston,@orgaston,1,5,12,0.225105,0.2441,0
@ori70sp,@ori70sp,3,157,11,0.248337,0.269835,0.000025
@orianacornejol2,@orianacornejol2,1,139,10,0.245122,0.270518,0
@orlando10570682,@orlando10570682,2,0,11,0.229893,0.246722,0.000414
@orlypatriota,@orlypatriota,2,5,12,0.229741,0.250516,0.000014
@ornelathecat,@ornelathecat,1,5,12,0.212171,0.226211,0
@oscar26chile,@oscar26chile,1,8,10,0.25687,0.281537,0
@oscar34iquique,@oscar34iquique,3,5,10,0.261954,0.294319,0.000204
@oscaralonso2015,@oscaralonso2015,4,8,10,0.259868,0.286812,0.000022
@oscarelo2x,@oscarelo2x,1,215,13,0.159444,0.162729,0
@oscarhinos,@oscarhinos,1,0,11,0.216365,0.228595,0
@oscarhzr,@oscarhzr,1,139,10,0.245122,0.270518,0
@oscarkikegarcia,@oscarkikegarcia,4,8,10,0.266242,0.295995,0.001574
@oscarssepulveda,@oscarssepulveda,1,139,10,0.245122,0.270518,0
@oski2525,@oski2525,1,109,13,0.147261,0.151106,0
@osman26810978,@osman26810978,1,217,1,1,1,0
@YasinAslanTrk1,@YasinAslanTrk1,1,217,1,1,1,0
@osoantofa,@osoantofa,1,139,10,0.235786,0.250448,0
@osorio_del,@osorio_del,6,8,10,0.267892,0.296748,0.000138
@osoriotruj,@osoriotruj,1,8,12,0.228718,0.241364,0
@osoriovargas,@osoriovargas,1,0,11,0.200062,0.21002,0
@osornoyregion,@osornoyregion,1,218,1,1,1,0
@5dimension_cl,@5dimension_cl,1,218,1,1,1,0
@osvaldo_725,@osvaldo_725,1,219,5,0.315789,0.373611,0
@MiRadiols,@MiRadiols,2,219,4,0.444444,0.527778,0.000001
@oswaldochacon,@oswaldochacon,1,5,12,0.198766,0.208939,0
@otreblaobmoloc,@otreblaobmoloc,1,139,12,0.209464,0.221646,0
@oushotgun,@oushotgun,1,8,12,0.191496,0.201847,0
@ouyeahh,@ouyeahh,2,5,12,0.226481,0.246475,0.000029
@ovejuna,@ovejuna,1,157,11,0.246168,0.266,0
@ovelboss,@ovelboss,1,193,12,0.212998,0.224727,0
@oyechime,@oyechime,7,8,10,0.260494,0.287417,0.000416
@PChaibriant,@PChaibriant,1,8,11,0.206669,0.218864,0
@ozoniko,@ozoniko,1,0,11,0.224201,0.238157,0
@ozzy2578,@ozzy2578,1,8,10,0.25687,0.281537,0
@p4u__lopezp,@p4u__lopezp,1,157,11,0.246168,0.266,0
@p_alomaa,@p_alomaa,1,8,10,0.25687,0.281537,0
@p_pavs,@p_pavs,1,0,11,0.216365,0.228595,0
@pa_aravena,@pa_aravena,1,139,10,0.245122,0.270518,0
@paaapafrancisca,@paaapafrancisca,1,0,11,0.222413,0.235746,0
@pabladetarso,@pabladetarso,1,8,10,0.222365,0.234988,0
@pablo046,@pablo046,1,157,11,0.246168,0.266,0
@pablo16818253,@pablo16818253,1,139,10,0.235786,0.250448,0
@pablo_amestica,@pablo_amestica,3,139,10,0.254164,0.281962,0.000226
@pablo_mankind,@pablo_mankind,1,0,11,0.216365,0.228595,0
@pablo_rod2,@pablo_rod2,1,220,1,1,1,0
@nortecastilla,@nortecastilla,1,220,1,1,1,0
@pablo_temuco,@pablo_temuco,1,139,12,0.209464,0.221646,0
@pabloandresdiax,@pabloandresdiax,5,5,10,0.240865,0.258294,0.000352
@pabloaranguiz,@pabloaranguiz,1,0,11,0.222413,0.235746,0
@pablocm022,@pablocm022,2,221,1,1,1,0
@JohnnyV09134629,@JohnnyV09134629,1,221,2,0.666667,0.75,0
@eldemocratard,@eldemocratard,1,221,2,0.666667,0.75,0
@pablocochante,@pablocochante,2,8,10,0.25847,0.284399,0.000024
@pablocouc,@pablocouc,3,157,11,0.249243,0.27121,0.00003
@pablodelbus,@pablodelbus,1,157,11,0.246168,0.266,0
@pablodenora,@pablodenora,1,0,11,0.210253,0.222816,0
@pablofrugo50232,@pablofrugo50232,1,5,12,0.212171,0.226211,0
@pablogabrielgm,@pablogabrielgm,1,139,10,0.245122,0.270518,0
@pablogo17542734,@pablogo17542734,3,169,12,0.195273,0.206685,0.000087
@pablojesus164,@pablojesus164,1,215,11,0.215825,0.225695,0
@pablolaserena,@pablolaserena,2,0,11,0.21802,0.231477,0.000032
@pablomunozsch,@pablomunozsch,1,222,1,1,1,0
@DrewMoghanaki,@DrewMoghanaki,1,222,1,1,1,0
@pablomuoz27,@pablomuoz27,1,139,10,0.245122,0.270518,0
@pabloricl,@pabloricl,1,0,13,0.160848,0.166491,0
@pablosylvam,@pablosylvam,1,8,12,0.202728,0.213472,0
@pablotapian,@pablotapian,1,0,11,0.222413,0.235746,0
@pacastrom,@pacastrom,1,109,12,0.176457,0.183413,0
@pacita32,@pacita32,1,5,12,0.189385,0.20029,0
@pacita_dulce,@pacita_dulce,1,157,11,0.246168,0.266,0
@pacla,@pacla,2,5,12,0.205865,0.217543,0.000018
@padgethuber,@padgethuber,3,139,10,0.254214,0.282422,0.00009
@paelosputnik,@paelosputnik,24,8,10,0.300754,0.343371,0.004166
@CISALIA,@CISALIA,2,8,11,0.23554,0.254953,0.000002
@paidei4,@paidei4,2,124,11,0.224346,0.237618,0.000073
@pakivc_,@pakivc_,1,8,14,0.142469,0.146953,0
@palabo,@palabo,2,5,12,0.229741,0.250516,0.000014
@palaciosvpatty,@palaciosvpatty,1,157,11,0.235883,0.248355,0
@paleokickman,@paleokickman,1,0,11,0.224201,0.238157,0
@palicavi,@palicavi,1,5,12,0.202175,0.212868,0
@palita_381988,@palita_381988,1,215,11,0.215825,0.225695,0
@palmadavid80,@palmadavid80,1,0,11,0.216365,0.228595,0
@palmasilvarossa,@palmasilvarossa,2,157,11,0.247625,0.26848,0.000012
@palomapicasso9,@palomapicasso9,1,0,11,0.216365,0.228595,0
@pam_angeli,@pam_angeli,1,139,10,0.245122,0.270518,0
@pame103,@pame103,1,139,12,0.200471,0.210834,0
@pame_q,@pame_q,1,0,11,0.222413,0.235746,0
@pameandrea,@pameandrea,1,157,11,0.246168,0.266,0
@pameellita,@pameellita,5,157,11,0.259089,0.284925,0.001806
@pamelabastias,@pamelabastias,4,141,11,0.249351,0.271398,0.000092
@pamelahidalgom,@pamelahidalgom,2,5,10,0.249916,0.277071,0.000055
@pamelavhuaman,@pamelavhuaman,1,223,1,1,1,0
@jugodecaigua,@jugodecaigua,1,223,1,1,1,0
@pamelitha72,@pamelitha72,1,139,12,0.200471,0.210834,0
@pamelitzr,@pamelitzr,8,157,10,0.286029,0.321016,0.004983
@pampino1953,@pampino1953,1,139,10,0.245122,0.270518,0
@pamunateguim,@pamunateguim,1,8,12,0.183367,0.192271,0
@pancho_rgua,@pancho_rgua,1,5,12,0.212171,0.226211,0
@panchoestrada,@panchoestrada,1,0,11,0.204687,0.216464,0
@panchofigueroas,@panchofigueroas,2,0,12,0.179298,0.186293,0.000084
@panchoquefc,@panchoquefc,1,5,11,0.204204,0.213865,0
@panchoquezada12,@panchoquezada12,4,0,11,0.198189,0.208839,0.000708
@luchocorradi,@luchocorradi,1,0,12,0.165413,0.171422,0
@panchotedelsur,@panchotedelsur,1,52,11,0.18593,0.196243,0
@panfrenastenico,@panfrenastenico,1,157,11,0.191722,0.201257,0
@panmarvi72,@panmarvi72,1,139,10,0.245122,0.270518,0
@panshooo_,@panshooo_,1,0,11,0.224201,0.238157,0
@panxo_5k,@panxo_5k,1,8,12,0.175555,0.183592,0
@pao2010,@pao2010,1,0,11,0.218709,0.231337,0
@pao_2010mas,@pao_2010mas,1,5,12,0.225105,0.2441,0
@pao_caroca,@pao_caroca,3,0,11,0.224511,0.239034,0.000471
@MuniLaFlorida,@MuniLaFlorida,1,0,12,0.183354,0.190764,0
@paolamode,@paolamode,1,5,12,0.210134,0.222101,0
@paolara71,@paolara71,1,8,10,0.236657,0.25105,0
@paolasion,@paolasion,2,5,12,0.217189,0.231779,0.000085
@paolitavm,@paolitavm,1,157,11,0.22658,0.237162,0
@paolitaxis,@paolitaxis,3,157,11,0.249243,0.27121,0.00003
@paolocanete,@paolocanete,1,8,10,0.236657,0.25105,0
@papalel,@papalel,1,139,12,0.187056,0.196838,0
@papelillo19,@papelillo19,2,0,11,0.227364,0.241804,0.000025
@papinomatus,@papinomatus,2,157,11,0.213445,0.224339,0.0003
@Ignacio_rad,@Ignacio_rad,1,157,12,0.175906,0.18179,0
@paquinta,@paquinta,3,52,11,0.231907,0.25016,0.000252
@paraespi,@paraespi,1,224,1,1,1,0
@pepetandem,@pepetandem,1,224,1,1,1,0
@parasitestate,@parasitestate,4,8,10,0.282095,0.318559,0.000685
@parejacopiapocv,@parejacopiapocv,1,5,12,0.172187,0.179468,0
@parquepuntiagud,@parquepuntiagud,1,8,10,0.25687,0.281537,0
@parraleu,@parraleu,2,157,11,0.228748,0.241498,0.000004
@parralilita,@parralilita,1,157,11,0.246168,0.266,0
@parraseando,@parraseando,1,225,1,1,1,0
@FutsalWanderers,@FutsalWanderers,1,225,1,1,1,0
@parraudechile,@parraudechile,4,157,10,0.260089,0.285542,0.000591
@particular2020,@particular2020,1,157,11,0.246168,0.266,0
@partido_nl,@partido_nl,1,5,12,0.216573,0.230214,0
@patagoinfo,@patagoinfo,14,8,10,0.272079,0.303894,0.000409
@patanosenor,@patanosenor,2,0,11,0.222565,0.236125,0.000142
@patitaalvarez,@patitaalvarez,1,139,10,0.245122,0.270518,0
@patitoo_verde,@patitoo_verde,1,5,12,0.203627,0.214271,0
@pato__plop,@pato__plop,2,8,10,0.256921,0.281713,0.0006
@patolingen,@patolingen,1,226,1,1,1,0
@btxcgnbv,@btxcgnbv,1,226,1,1,1,0
@patolinjarry,@patolinjarry,1,8,12,0.176511,0.184532,0
@patomonterot,@patomonterot,1,8,10,0.229172,0.240727,0
@patoramirez22,@patoramirez22,2,8,10,0.239431,0.254694,0.000011
@patovalladare,@patovalladare,1,0,11,0.217289,0.227714,0
@patoyaber,@patoyaber,6,5,10,0.285102,0.325505,0.000722
@patriapx,@patriapx,2,5,10,0.246484,0.267508,0.00006
@patrici42747370,@patrici42747370,1,139,10,0.245122,0.270518,0
@patrici55690541,@patrici55690541,1,0,11,0.210253,0.222816,0
@patrici63331221,@patrici63331221,1,8,10,0.236657,0.25105,0
@patrici97318036,@patrici97318036,1,139,10,0.245122,0.270518,0
@patricia__poe,@patricia__poe,3,157,11,0.24892,0.270347,0.000451
@patriciaayalad,@patriciaayalad,1,8,12,0.200479,0.211255,0
@patriciacamus7,@patriciacamus7,1,8,10,0.235444,0.251191,0
@patriciacovarr2,@patriciacovarr2,1,157,11,0.246168,0.266,0
@patriciamarionr,@patriciamarionr,1,157,11,0.246168,0.266,0
@patriciaveselka,@patriciaveselka,6,171,10,0.268225,0.297047,0.001117
@PYurisberto,@PYurisberto,1,171,11,0.211505,0.224339,0
@patricioeug2,@patricioeug2,1,0,11,0.216365,0.228595,0
@patricioibanez1,@patricioibanez1,2,8,10,0.232312,0.24435,0.000006
@patriciojerezc1,@patriciojerezc1,2,5,12,0.219505,0.23375,0.000011
@patricioperey26,@patricioperey26,1,139,12,0.19414,0.205417,0
@patriciorenans3,@patriciorenans3,2,157,11,0.247012,0.267638,0.000009
@patrickmuozrey1,@patrickmuozrey1,1,139,10,0.245122,0.270518,0
@patriot72241361,@patriot72241361,1,5,12,0.166085,0.172935,0
@patriota011980,@patriota011980,1,8,12,0.225939,0.237245,0
@patriota4424,@patriota4424,1,139,10,0.245122,0.270518,0
@patriota_su,@patriota_su,1,215,11,0.215825,0.225695,0
@patriotaenojada,@patriotaenojada,2,8,10,0.236172,0.250315,0.000005
@patriotagd,@patriotagd,11,5,10,0.294639,0.336574,0.00193
@patroj,@patroj,2,8,11,0.216491,0.229013,0.000017
@patty42376856,@patty42376856,5,8,10,0.265059,0.293525,0.000104
@patty_aravena,@patty_aravena,2,157,11,0.247625,0.26848,0.000012
@pattybuin,@pattybuin,1,5,12,0.189385,0.20029,0
@pattycrojas,@pattycrojas,1,52,11,0.188005,0.19759,0
@pattypamii,@pattypamii,1,157,11,0.246168,0.266,0
@pattytalooz,@pattytalooz,11,8,10,0.268447,0.299375,0.00052
@PattytaLooz,@PattytaLooz,1,8,11,0.211643,0.225403,0
@pattytaxista,@pattytaxista,2,8,10,0.241696,0.255699,0.000229
@patycastell52,@patycastell52,2,0,11,0.217326,0.230092,0.000035
@pau75733261,@pau75733261,5,8,10,0.260102,0.287335,0.00033
@Juan_M_II,@Juan_M_II,1,8,11,0.206422,0.218807,0
@pau90_13,@pau90_13,1,5,12,0.225105,0.2441,0
@paudifontana8,@paudifontana8,2,5,12,0.216881,0.23089,0.000007
@pauhunter,@pauhunter,1,157,11,0.22658,0.237162,0
@paula_cayo,@paula_cayo,3,215,11,0.215861,0.225952,0.0006
@SinEmbargoMX,@SinEmbargoMX,1,215,12,0.177544,0.183099,0
@juanRFAlfaro,@juanRFAlfaro,1,215,12,0.177544,0.183099,0
@paula_punto,@paula_punto,1,157,11,0.246168,0.266,0
@paulacabezas56,@paulacabezas56,1,8,10,0.25687,0.281537,0
@paulacopacavi,@paulacopacavi,1,0,11,0.212675,0.223345,0
@paulapinedamar,@paulapinedamar,1,124,11,0.201664,0.21304,0
@paulasierrav,@paulasierrav,1,52,11,0.18593,0.196243,0
@paulina_alarcon,@paulina_alarcon,14,5,10,0.292942,0.331037,0.005956
@paulinaaav,@paulinaaav,1,139,10,0.235786,0.250448,0
@paulinangelina,@paulinangelina,1,8,10,0.222365,0.234988,0
@paulinaprubi,@paulinaprubi,1,0,11,0.218709,0.231337,0
@paulinatalia45,@paulinatalia45,1,8,12,0.199992,0.211138,0
@paulinsantoss,@paulinsantoss,1,147,2,0.666667,0.75,0
@pauliriverm,@pauliriverm,1,0,11,0.218709,0.231337,0
@pauloveramunoz,@pauloveramunoz,1,0,13,0.176277,0.184481,0
@paulyaleo,@paulyaleo,1,5,12,0.225105,0.2441,0
@pavez_nadia,@pavez_nadia,1,0,11,0.218709,0.231337,0
@pavmh,@pavmh,4,5,10,0.235958,0.256218,0.000213
@payasos_2,@payasos_2,2,5,12,0.224667,0.237992,0.000008
@payrud,@payrud,1,0,11,0.216365,0.228595,0
@pazgr,@pazgr,1,139,10,0.245122,0.270518,0
@pazmundial2020,@pazmundial2020,1,157,11,0.246168,0.266,0
@pazzepza,@pazzepza,1,157,11,0.204421,0.214188,0
@pbbasantes,@pbbasantes,1,227,1,1,1,0
@poncho_pipo,@poncho_pipo,1,227,1,1,1,0
@pbeltran210669,@pbeltran210669,1,72,2,0.666667,0.75,0
@pcion_conce,@pcion_conce,1,0,11,0.210253,0.222816,0
@pconsistorial,@pconsistorial,3,0,11,0.227934,0.245271,0.000179
@pdepato13,@pdepato13,1,109,13,0.147374,0.151035,0
@pearcy_juan,@pearcy_juan,1,8,12,0.225939,0.237245,0
@pedopila,@pedopila,10,8,10,0.285274,0.323057,0.002627
@DrJohnB2,@DrJohnB2,1,8,11,0.221966,0.238326,0
@pedro01010101,@pedro01010101,3,5,10,0.254314,0.285129,0.000399
@annyiuska,@annyiuska,1,5,11,0.202759,0.216942,0
@pedro560102,@pedro560102,1,5,12,0.15253,0.1568,0
@pedro_hervef,@pedro_hervef,1,0,11,0.224201,0.238157,0
@pedro_zepeda74,@pedro_zepeda74,1,8,10,0.25687,0.281537,0
@pedroco09375648,@pedroco09375648,6,139,10,0.285133,0.322435,0.001041
@ve82713654,@ve82713654,1,139,11,0.22188,0.23807,0
@pedrojramirezv,@pedrojramirezv,1,139,12,0.194045,0.204961,0
@pedroluisluque,@pedroluisluque,1,8,10,0.235444,0.251191,0
@pedrosepulveda,@pedrosepulveda,1,8,12,0.21824,0.231604,0
@pelao_mauro2015,@pelao_mauro2015,2,8,11,0.200953,0.209603,0.0003
@Quarz470,@Quarz470,1,8,12,0.167333,0.172243,0
@pelaomarce,@pelaomarce,1,193,12,0.212998,0.224727,0
@pelaotelo2,@pelaotelo2,10,5,10,0.273802,0.305071,0.000985
@pellinesoficial,@pellinesoficial,1,193,14,0.154276,0.159344,0
@CarabLosLagos,@CarabLosLagos,3,193,13,0.182413,0.190977,0.0006
@pelu60,@pelu60,2,8,12,0.221871,0.237073,0.000002
@peludoytatuado,@peludoytatuado,1,124,11,0.219989,0.231932,0
@penalolen,@penalolen,1,228,2,0.666667,0.75,0
@Cormup,@Cormup,2,228,1,1,1,0
@penolopeglamour,@penolopeglamour,1,157,11,0.246168,0.266,0
@pepeahumadaa,@pepeahumadaa,3,5,10,0.281513,0.317465,0.002402
@pepechacarero,@pepechacarero,1,0,11,0.216365,0.228595,0
@pepepat66191529,@pepepat66191529,1,229,2,0.666667,0.75,0
@Charlie_F_Seiei,@Charlie_F_Seiei,2,229,1,1,1,0
@pepevial,@pepevial,1,8,12,0.174199,0.181188,0
@pepi_2103,@pepi_2103,1,139,10,0.245122,0.270518,0
@pepnavarr,@pepnavarr,1,8,10,0.25687,0.281537,0
@pepofina,@pepofina,1,0,11,0.224201,0.238157,0
@peppinna,@peppinna,1,157,11,0.246168,0.266,0
@percevalt,@percevalt,4,141,11,0.203053,0.213673,0.00035
@RubenSanchezTW,@RubenSanchezTW,1,141,12,0.168787,0.174754,0
@pereiraval67310,@pereiraval67310,3,139,10,0.253903,0.280724,0.000133
@perfektworld,@perfektworld,7,0,13,0.166544,0.17301,0.00165
@DaniBeckman,@DaniBeckman,1,0,14,0.142771,0.146583,0
@RQpdPyjf1VbJKTe,@RQpdPyjf1VbJKTe,1,0,14,0.142771,0.146583,0
@SourceControl21,@SourceControl21,1,0,14,0.142771,0.146583,0
@gcevd,@gcevd,1,0,14,0.142771,0.146583,0
@mdc_martinus,@mdc_martinus,1,0,14,0.142771,0.146583,0
@periodancer,@periodancer,2,0,11,0.224511,0.238831,0.000026
@periogranvalpo2,@periogranvalpo2,2,8,10,0.257431,0.282587,0.000007
@perla35703776,@perla35703776,1,5,12,0.225105,0.2441,0
@perlacorces,@perlacorces,1,0,11,0.224201,0.238157,0
@perrito22551,@perrito22551,4,8,10,0.28104,0.311286,0.014954
@perroarriba,@perroarriba,1,157,11,0.22658,0.237162,0
@perrochikogf,@perrochikogf,1,139,10,0.245122,0.270518,0
@perrosen2,@perrosen2,4,0,11,0.225359,0.24032,0.000531
@perrosplazahuem,@perrosplazahuem,4,157,11,0.248598,0.270427,0.000113
@PerrosPlazaHuem,@PerrosPlazaHuem,2,157,11,0.21569,0.230632,0.000002
@personapensant2,@personapensant2,1,8,12,0.223303,0.235153,0
@pescemara,@pescemara,5,139,10,0.269731,0.296556,0.001335
@peterdick,@peterdick,1,5,12,0.205832,0.217029,0
@peterilish,@peterilish,2,139,10,0.245958,0.271983,0.00006
@petranieves,@petranieves,1,157,11,0.17946,0.187302,0
@peyopeyo9,@peyopeyo9,13,5,10,0.291068,0.33369,0.001881
@pezo_ck,@pezo_ck,1,230,2,0.666667,0.75,0
@Whisp90,@Whisp90,2,230,1,1,1,0
@pfaurec,@pfaurec,5,8,10,0.281375,0.317403,0.000872
@pferrerv,@pferrerv,19,8,10,0.285793,0.320546,0.009375
@Geopolitik_2030,@Geopolitik_2030,1,8,11,0.222279,0.23716,0
@pfonteneau,@pfonteneau,1,5,12,0.189385,0.20029,0
@pftj2015,@pftj2015,1,5,12,0.225105,0.2441,0
@pg324,@pg324,1,0,11,0.224201,0.238157,0
@pgisselrechazo,@pgisselrechazo,1,8,10,0.25687,0.281537,0
@pgonver,@pgonver,1,8,10,0.25687,0.281537,0
@pgonzrom,@pgonzrom,2,157,11,0.235294,0.248117,0.000007
@philippe_have,@philippe_have,1,77,2,0.538462,0.571429,0
@philippejunes,@philippejunes,1,139,12,0.179435,0.188269,0
@philisteo,@philisteo,2,8,10,0.25715,0.282125,0.000009
@phlanberriez,@phlanberriez,1,124,11,0.219989,0.231932,0
@phormaz,@phormaz,1,8,10,0.25687,0.281537,0
@pia_guzman13,@pia_guzman13,1,8,10,0.25687,0.281537,0
@pia_sin_filtro,@pia_sin_filtro,6,157,11,0.246484,0.267218,0.000974
@Carlos72424037,@Carlos72424037,1,157,12,0.197751,0.207527,0
@piadisalvo333,@piadisalvo333,1,157,11,0.204421,0.214188,0
@pialoretolasenb,@pialoretolasenb,5,157,11,0.250628,0.273896,0.000068
@piaretamalc,@piaretamalc,1,157,11,0.191963,0.199844,0
@pichu350_2,@pichu350_2,2,8,12,0.22533,0.244591,0.000066
@pidaltatiana,@pidaltatiana,22,157,10,0.305069,0.34716,0.014989
@piederecho2022,@piederecho2022,1,5,12,0.225105,0.2441,0
@pietropinilla,@pietropinilla,4,0,11,0.223988,0.237473,0.000235
@pigeonthompson,@pigeonthompson,4,157,11,0.249976,0.272701,0.000049
@piipii21,@piipii21,1,0,11,0.224201,0.238157,0
@pilarcastroldeg,@pilarcastroldeg,1,5,12,0.194694,0.203704,0
@pilaropazol,@pilaropazol,2,5,12,0.209354,0.219988,0.000001
@pilarpaisajista,@pilarpaisajista,2,169,12,0.20884,0.220186,0.000053
@pilarsalast,@pilarsalast,1,5,12,0.212171,0.226211,0
@pilback,@pilback,1,157,11,0.246168,0.266,0
@pilgrimwolf,@pilgrimwolf,1,0,11,0.222413,0.235746,0
@pili_zamorano,@pili_zamorano,1,215,11,0.215825,0.225695,0
@pilita0412,@pilita0412,1,157,11,0.246168,0.266,0
@pilotodeacero,@pilotodeacero,1,139,10,0.245122,0.270518,0
@pilychascona,@pilychascona,1,157,11,0.246168,0.266,0
@pimpinelaescarl,@pimpinelaescarl,1,0,11,0.218709,0.231337,0
@pinchecopito,@pinchecopito,2,157,11,0.247625,0.26848,0.000012
@pinipau_,@pinipau_,1,229,2,0.666667,0.75,0
@pinksklo,@pinksklo,1,0,11,0.222413,0.235746,0
@pinochet_sonido,@pinochet_sonido,1,231,1,1,1,0
@palomamamicl,@palomamamicl,1,231,1,1,1,0
@pinopilar16,@pinopilar16,3,5,11,0.224998,0.235622,0.003002
@sapere45,@sapere45,2,5,11,0.24726,0.266958,0.001346
@pinto04035,@pinto04035,3,0,10,0.269773,0.298033,0.001662
@pinto_weisse,@pinto_weisse,1,139,10,0.245122,0.270518,0
@piratadel22,@piratadel22,3,5,12,0.229781,0.250693,0.000029
@pircano,@pircano,13,8,10,0.273874,0.306438,0.001778
@pirimplimpluda,@pirimplimpluda,1,124,11,0.219989,0.231932,0
@piruqo,@piruqo,1,8,10,0.25687,0.281537,0
@pitaqui,@pitaqui,1,0,11,0.218709,0.231337,0
@pitoprieto,@pitoprieto,1,139,10,0.245122,0.270518,0
@pitufijack,@pitufijack,2,157,11,0.228748,0.241498,0.000004
@piturrietav,@piturrietav,3,109,11,0.210886,0.221719,0.000047
@pjelvez,@pjelvez,1,0,11,0.210253,0.222816,0
@pjsalcedot,@pjsalcedot,1,8,10,0.25687,0.281537,0
@platiniummad,@platiniummad,2,91,4,0.412698,0.467949,0.000001
@playatatias,@playatatias,1,5,12,0.225105,0.2441,0
@playita750,@playita750,9,8,10,0.264236,0.293701,0.000186
@plinjonisja,@plinjonisja,1,0,11,0.209548,0.218667,0
@plobos82,@plobos82,1,8,10,0.236657,0.25105,0
@plstq,@plstq,1,0,11,0.200062,0.21002,0
@pmchillan,@pmchillan,1,8,10,0.25687,0.281537,0
@pmgarridom,@pmgarridom,2,8,10,0.259374,0.285813,0.000013
@pmotoviajero,@pmotoviajero,9,8,10,0.291052,0.331148,0.001011
@pmurray079,@pmurray079,1,139,10,0.245122,0.270518,0
@pobre_3,@pobre_3,52,8,10,0.310139,0.358014,0.01135
@AnaMariaLynn15,@AnaMariaLynn15,1,8,11,0.236733,0.256426,0
@DarthGNZ,@DarthGNZ,1,8,11,0.236733,0.256426,0
@JavierVera57211,@JavierVera57211,1,8,11,0.236733,0.256426,0
@Leonoor29,@Leonoor29,1,8,11,0.236733,0.256426,0
@Shimriti_7,@Shimriti_7,1,8,11,0.236733,0.256426,0
@SrAnderson_creo,@SrAnderson_creo,1,8,11,0.236733,0.256426,0
@auwoodstock_PM,@auwoodstock_PM,1,8,11,0.236733,0.256426,0
@pobre_hueona,@pobre_hueona,1,124,11,0.219989,0.231932,0
@pokypic,@pokypic,2,157,11,0.226639,0.237387,0.0009
@polaage,@polaage,1,0,11,0.224201,0.238157,0
@polifenolita,@polifenolita,1,8,12,0.228718,0.241364,0
@polimnia_ju,@polimnia_ju,1,0,11,0.224201,0.238157,0
@polindromes,@polindromes,1,52,12,0.176775,0.183717,0
@politaprado,@politaprado,1,139,10,0.245122,0.270518,0
@politiconoparti,@politiconoparti,2,0,11,0.212197,0.226137,0.000044
@pollobrionesa,@pollobrionesa,4,157,11,0.249663,0.271975,0.000057
@pollyjpuentes,@pollyjpuentes,1,183,12,0.180584,0.188868,0
@polofox,@polofox,3,5,10,0.262471,0.289574,0.000106
@polosaintlux,@polosaintlux,8,8,10,0.272379,0.308852,0.00091
@polter2k,@polter2k,1,157,11,0.246168,0.266,0
@polucion101,@polucion101,2,8,12,0.227564,0.239973,0
@poly_perez,@poly_perez,1,139,10,0.235786,0.250448,0
@polyberni,@polyberni,6,5,10,0.262206,0.290705,0.000361
@polycucho,@polycucho,1,0,11,0.195818,0.20601,0
@polylla,@polylla,1,0,13,0.175235,0.183238,0
@polyvillarroel,@polyvillarroel,2,5,12,0.207961,0.219504,0.000084
@popinpenca,@popinpenca,1,139,10,0.245122,0.270518,0
@popleibel,@popleibel,1,157,13,0.16382,0.168455,0
@poppaeasabina,@poppaeasabina,1,111,2,0.6,0.666667,0
@portada182caa,@portada182caa,4,8,10,0.260481,0.287083,0.00003
@pou1306,@pou1306,3,8,10,0.262153,0.288033,0.000033
@pozabrayan5549,@pozabrayan5549,1,232,2,0.666667,0.75,0
@sgpenpen,@sgpenpen,2,232,1,1,1,0
@pozosoledadm,@pozosoledadm,1,8,10,0.236657,0.25105,0
@ppitune,@ppitune,5,0,11,0.234847,0.253355,0.00034
@ppizarroarce,@ppizarroarce,4,8,10,0.263913,0.293718,0.000122
@prafaelprovi,@prafaelprovi,1,5,12,0.194394,0.204435,0
@prami2014,@prami2014,1,139,10,0.235786,0.250448,0
@prende1mechita_,@prende1mechita_,1,5,12,0.210185,0.220983,0
@presenciafelipe,@presenciafelipe,1,157,11,0.246168,0.266,0
@presley2677,@presley2677,1,8,12,0.188381,0.198307,0
@pricasadevall,@pricasadevall,1,0,11,0.218709,0.231337,0
@primavera2022,@primavera2022,1,8,12,0.230547,0.243628,0
@primeralluvia,@primeralluvia,10,157,11,0.259128,0.28821,0.002178
@prisgallardo,@prisgallardo,1,0,13,0.178823,0.187366,0
@prjp_chile,@prjp_chile,20,8,10,0.27168,0.305069,0.000527
@profeccisternas,@profeccisternas,1,0,11,0.18589,0.195426,0
@profesor_wido,@profesor_wido,1,139,10,0.245122,0.270518,0
@profesortbaker,@profesortbaker,1,233,1,1,1,0
@DarrigoMelanie,@DarrigoMelanie,1,233,1,1,1,0
@profetadetrana,@profetadetrana,1,0,11,0.218709,0.231337,0
@profeveronica,@profeveronica,2,157,11,0.247012,0.267638,0.000009
@psanmigu,@psanmigu,3,215,11,0.249315,0.270961,0.000585
@pschaulsohn,@pschaulsohn,1,0,11,0.195818,0.20601,0
@psicopathyred,@psicopathyred,1,52,11,0.18593,0.196243,0
@psmreyes,@psmreyes,1,52,11,0.18593,0.196243,0
@psrsrubio,@psrsrubio,1,0,11,0.216365,0.228595,0
@pssaeza,@pssaeza,1,0,11,0.222413,0.235746,0
@psvillarreal,@psvillarreal,1,193,12,0.212998,0.224727,0
@psvpaulo,@psvpaulo,1,8,10,0.236657,0.25105,0
@pt92af,@pt92af,1,157,11,0.246168,0.266,0
@ptq88,@ptq88,1,234,1,1,1,0
@felixinchausti,@felixinchausti,1,234,1,1,1,0
@puapette,@puapette,2,171,10,0.239244,0.256543,0.000055
@puchilla,@puchilla,1,157,11,0.246168,0.266,0
@puelchedelsur,@puelchedelsur,3,5,12,0.211436,0.224796,0.00007
@puesaquistamos,@puesaquistamos,1,157,13,0.173523,0.181536,0
@pumaminero_1980,@pumaminero_1980,1,139,10,0.245122,0.270518,0
@pumasmelipilla,@pumasmelipilla,1,0,11,0.222413,0.235746,0
@pumitapatipelao,@pumitapatipelao,3,0,11,0.228526,0.242253,0.000114
@purcelita1,@purcelita1,1,157,11,0.191722,0.201257,0
@pvidalesf,@pvidalesf,7,8,10,0.266776,0.297149,0.000244
@pwartemberg1,@pwartemberg1,1,8,10,0.25687,0.281537,0
@pxespinola,@pxespinola,1,157,11,0.246168,0.266,0
@quazzartrex,@quazzartrex,1,139,10,0.245122,0.270518,0
@queeronmars,@queeronmars,1,183,13,0.161013,0.167948,0
@quemasnomas,@quemasnomas,1,157,11,0.246168,0.266,0
@quenavarro,@quenavarro,1,171,10,0.215619,0.226946,0
@queriahablarte,@queriahablarte,1,183,13,0.161013,0.167948,0
@quierogatossss,@quierogatossss,1,139,10,0.245122,0.270518,0
@quierosergloom,@quierosergloom,1,0,11,0.222413,0.235746,0
@quiltrotopito,@quiltrotopito,4,8,10,0.277389,0.313985,0.000306
@quinterosrobert,@quinterosrobert,1,5,12,0.225105,0.2441,0
@quique5087,@quique5087,2,157,11,0.247661,0.268518,0.000022
@quique_cam,@quique_cam,1,0,13,0.153974,0.15824,0
@Roja53C,@Roja53C,2,0,12,0.18199,0.189142,0.0003
@quiquita57,@quiquita57,7,139,10,0.258199,0.288982,0.00107
@budino_antonio,@budino_antonio,1,139,11,0.205222,0.219184,0
@quo_vadis_chile,@quo_vadis_chile,3,215,10,0.259452,0.289182,0.000498
@qwertzmr,@qwertzmr,1,0,13,0.143624,0.148025,0
@r3_prez,@r3_prez,1,5,12,0.207645,0.219181,0
@r84424611manuel,@r84424611manuel,3,109,12,0.190357,0.199604,0.0006
@AsereYaPing,@AsereYaPing,1,109,13,0.159921,0.165303,0
@PartidoPACMA,@PartidoPACMA,1,109,13,0.159921,0.165303,0
@r_ismaelt,@r_ismaelt,2,109,12,0.168474,0.173189,0.0003
@ClaudioNazoa,@ClaudioNazoa,1,109,13,0.144187,0.147023,0
@r_j_15,@r_j_15,2,193,10,0.247614,0.274134,0.000057
@r_perezdiaz,@r_perezdiaz,2,139,12,0.194263,0.205415,0.000007
@raconst_84,@raconst_84,1,215,13,0.159444,0.162729,0
@racsomendez,@racsomendez,1,139,10,0.245122,0.270518,0
@radbark,@radbark,4,52,10,0.246028,0.261848,0.008998
@radioestacion1,@radioestacion1,1,0,11,0.218709,0.231337,0
@radionuble,@radionuble,2,235,2,0.75,0.833333,0
@Colmedchillan,@Colmedchillan,1,235,3,0.5,0.611111,0
@rado_miro,@rado_miro,1,8,10,0.25687,0.281537,0
@raealegre,@raealegre,4,215,11,0.211833,0.22237,0.000467
@EPinternacional,@EPinternacional,1,215,12,0.17481,0.180654,0
@rafaelachondo,@rafaelachondo,1,139,10,0.245122,0.270518,0
@rafaelagio88113,@rafaelagio88113,1,139,10,0.245122,0.270518,0
@rafaelbarretom,@rafaelbarretom,1,8,10,0.25687,0.281537,0
@ragarciaaraya,@ragarciaaraya,1,0,11,0.222413,0.235746,0
@raggnarrokk,@raggnarrokk,1,8,10,0.25687,0.281537,0
@rajadiablos2010,@rajadiablos2010,1,0,12,0.184351,0.193033,0
@rakankaos,@rakankaos,1,236,1,1,1,0
@mizunoarkss,@mizunoarkss,1,236,1,1,1,0
@ralvarez71,@ralvarez71,1,0,11,0.210253,0.222816,0
@rambo76050857,@rambo76050857,1,157,11,0.246168,0.266,0
@ramm2004,@ramm2004,3,8,10,0.264424,0.298368,0.000203
@ramon_frederic,@ramon_frederic,2,139,10,0.253518,0.281014,0.000045
@ramonaugus78625,@ramonaugus78625,2,8,12,0.228255,0.243512,0.000003
@ramonchgmailco1,@ramonchgmailco1,1,0,11,0.217289,0.227714,0
@ramonclaudiopa1,@ramonclaudiopa1,1,157,11,0.220907,0.232079,0
@ramonmenesesm,@ramonmenesesm,2,139,10,0.216591,0.228917,0.000016
@ranav6,@ranav6,3,157,11,0.249004,0.270748,0.000041
@rancachile1,@rancachile1,1,237,1,1,1,0
@Cormun_Rancagua,@Cormun_Rancagua,1,237,1,1,1,0
@randreszurita,@randreszurita,1,0,11,0.222413,0.235746,0
@ransesb,@ransesb,2,109,12,0.202617,0.214009,0.000554
@rapu_ncel,@rapu_ncel,1,8,10,0.235444,0.251191,0
@rasotochotmail1,@rasotochotmail1,1,8,12,0.214966,0.226583,0
@ratasantiaguina,@ratasantiaguina,5,0,11,0.256223,0.280101,0.001952
@cosmeluichito,@cosmeluichito,1,0,12,0.203971,0.214856,0
@ratonconcigarr,@ratonconcigarr,1,124,11,0.201664,0.21304,0
@raulacho73,@raulacho73,1,169,12,0.192405,0.202633,0
@raulho_cnn,@raulho_cnn,2,8,10,0.238014,0.255787,0.000007
@raulloper2002,@raulloper2002,2,215,11,0.215843,0.225824,0.0003
@elquenoaporta,@elquenoaporta,1,215,12,0.177531,0.183051,0
@raulmlcl,@raulmlcl,2,141,11,0.196225,0.206111,0.000007
@cartayabarry,@cartayabarry,2,141,11,0.215073,0.22821,0.000098
@raulverdugosson,@raulverdugosson,2,0,12,0.193222,0.202652,0.000008
@rayden720,@rayden720,2,5,10,0.259244,0.285705,0.000045
@rayensalas,@rayensalas,1,139,10,0.245122,0.270518,0
@rayitodesol0305,@rayitodesol0305,1,157,11,0.246168,0.266,0
@rayo_rosadoo,@rayo_rosadoo,1,8,10,0.222365,0.234988,0
@rayzemartineztv,@rayzemartineztv,4,8,10,0.277166,0.313564,0.000563
@MundialEsfera,@MundialEsfera,1,8,11,0.217026,0.233086,0
@raza08081969,@raza08081969,1,0,11,0.218709,0.231337,0
@razondemocrati1,@razondemocrati1,1,52,11,0.18593,0.196243,0
@rbolamarillo1,@rbolamarillo1,2,0,11,0.213832,0.225939,0.000017
@rc_jpp,@rc_jpp,1,67,15,0.118567,0.121203,0
@rcrd65mrn,@rcrd65mrn,1,5,12,0.192283,0.202551,0
@rctrovador,@rctrovador,1,0,11,0.222413,0.235746,0
@rdiazj1,@rdiazj1,4,5,10,0.257661,0.283194,0.000398
@rdicenau,@rdicenau,1,124,11,0.201664,0.21304,0
@rduquedelrio,@rduquedelrio,1,139,12,0.187056,0.196838,0
@realchefpapa,@realchefpapa,1,171,15,0.121192,0.123741,0
@realderechacl,@realderechacl,1,8,10,0.25687,0.281537,0
@rebeca_profe,@rebeca_profe,1,5,12,0.225105,0.2441,0
@rebecaactivista,@rebecaactivista,2,157,11,0.246192,0.266128,0.000095
@rebotero,@rebotero,1,109,12,0.168463,0.17306,0
@rebu66,@rebu66,2,109,12,0.195368,0.205483,0.000019
@recardenas,@recardenas,3,0,11,0.220597,0.234623,0.000638
@rechazoxchile2,@rechazoxchile2,2,139,10,0.253518,0.281014,0.000045
@red_radio_emerg,@red_radio_emerg,2,8,10,0.259777,0.284049,0.000015
@reddish2,@reddish2,4,141,10,0.258482,0.283653,0.001476
@StarkPrivacy,@StarkPrivacy,1,141,11,0.2054,0.216917,0
@redh_h,@redh_h,1,8,10,0.25687,0.281537,0
@redreef007,@redreef007,3,8,10,0.260953,0.286208,0.000028
@redumeneca,@redumeneca,1,157,13,0.16701,0.172969,0
@reflauta,@reflauta,1,5,12,0.212171,0.226211,0
@rekenamunt6,@rekenamunt6,1,238,1,1,1,0
@_OfficialPress,@_OfficialPress,1,238,1,1,1,0
@relethabraxas,@relethabraxas,14,157,11,0.265317,0.295113,0.004633
@Alina_Gag,@Alina_Gag,1,157,12,0.209692,0.222852,0
@remm1971,@remm1971,1,8,10,0.25687,0.281537,0
@renatoojeda3,@renatoojeda3,2,139,10,0.245493,0.271293,0.000029
@rendirsejamas10,@rendirsejamas10,4,193,12,0.223063,0.239089,0.000911
@rene263672,@rene263672,1,139,12,0.209464,0.221646,0
@renecar890053,@renecar890053,1,8,10,0.235444,0.251191,0
@reneducros,@reneducros,1,139,10,0.245122,0.270518,0
@renegutierrez33,@renegutierrez33,2,0,11,0.2325,0.244802,0.000038
@reneyoapruebo38,@reneyoapruebo38,16,8,10,0.267065,0.298,0.001715
@Wondercri1982,@Wondercri1982,1,8,11,0.210783,0.224509,0
@___Anna22,@___Anna22,1,8,11,0.210783,0.224509,0
@iniziamoda0,@iniziamoda0,1,8,11,0.210783,0.224509,0
@itsmeback_,@itsmeback_,1,8,11,0.210783,0.224509,0
@sconnesso_,@sconnesso_,1,8,11,0.210783,0.224509,0
@reol4168052,@reol4168052,4,0,11,0.238419,0.256036,0.003038
@retamal_pedrero,@retamal_pedrero,1,139,12,0.194045,0.204961,0
@retrafemetrenko,@retrafemetrenko,1,0,11,0.210253,0.222816,0
@retrovertigod,@retrovertigod,5,171,10,0.270265,0.300117,0.000405
@revengeisawitch,@revengeisawitch,2,215,11,0.248456,0.269323,0.000453
@revouxj,@revouxj,1,8,12,0.213463,0.224239,0
@reyceballos,@reyceballos,2,0,12,0.188826,0.197133,0.000102
@rgmscl,@rgmscl,1,157,11,0.213428,0.22421,0
@rgonzaloht,@rgonzaloht,4,5,10,0.266256,0.294607,0.00094
@rhgodoy,@rhgodoy,1,139,10,0.245122,0.270518,0
@rholeg,@rholeg,1,0,11,0.199615,0.210476,0
@ribago,@ribago,1,0,11,0.212675,0.223345,0
@ricardo160441,@ricardo160441,1,0,12,0.184548,0.192365,0
@ricardo43897611,@ricardo43897611,1,8,10,0.25687,0.281537,0
@ricardo57941981,@ricardo57941981,1,8,12,0.218663,0.233363,0
@ricardo78168322,@ricardo78168322,1,0,11,0.18589,0.195426,0
@ricardo86007472,@ricardo86007472,1,52,11,0.18593,0.196243,0
@ricardo94224187,@ricardo94224187,2,139,12,0.213165,0.228137,0.00001
@ricardo_pino1,@ricardo_pino1,1,0,13,0.154958,0.159432,0
@ricardo_rh,@ricardo_rh,1,157,11,0.246168,0.266,0
@ricardoarp1,@ricardoarp1,1,197,12,0.183659,0.191692,0
@ricardopsj,@ricardopsj,5,139,10,0.248622,0.269509,0.00018
@ricardoramirezw,@ricardoramirezw,1,8,12,0.222565,0.235155,0
@ricardoszalai,@ricardoszalai,2,0,11,0.224317,0.238471,0.000859
@ricardotordeci,@ricardotordeci,1,9,12,0.176914,0.184171,0
@ricardotrostelp,@ricardotrostelp,2,0,11,0.199003,0.210078,0.000018
@ricardoverardi2,@ricardoverardi2,1,8,10,0.25687,0.281537,0
@rich_avalos,@rich_avalos,1,8,12,0.210749,0.222493,0
@richard_rivas_,@richard_rivas_,1,8,12,0.175555,0.183592,0
@richardjhosep,@richardjhosep,1,0,11,0.224201,0.238157,0
@richargat,@richargat,2,139,10,0.253518,0.281014,0.000045
@richietheone,@richietheone,8,8,10,0.271894,0.304759,0.000422
@ricksonic77,@ricksonic77,1,157,11,0.17946,0.187302,0
@rickyniikol1,@rickyniikol1,1,8,10,0.25687,0.281537,0
@rigo_3131,@rigo_3131,1,139,10,0.245122,0.270518,0
@ringoc3po,@ringoc3po,1,0,11,0.216365,0.228595,0
@rinotwitero,@rinotwitero,2,139,10,0.245145,0.270647,0.0003
@Vulcano98263715,@Vulcano98263715,1,139,11,0.196888,0.208885,0
@ripboy_,@ripboy_,1,139,10,0.235786,0.250448,0
@riquelmeopazo,@riquelmeopazo,1,8,12,0.230547,0.243628,0
@rischar21,@rischar21,4,8,10,0.263257,0.288875,0.000791
@ritamaaz63,@ritamaaz63,49,8,10,0.280888,0.319675,0.007361
@BarbaraOneillAU,@BarbaraOneillAU,1,8,11,0.219301,0.235722,0
@JackStr42679640,@JackStr42679640,1,8,11,0.219301,0.235722,0
@hopedanyela,@hopedanyela,1,8,11,0.219301,0.235722,0
@teresaparis2,@teresaparis2,1,8,11,0.219301,0.235722,0
@riuji_yagami,@riuji_yagami,1,239,1,1,1,0
@MomoiroAguiraru,@MomoiroAguiraru,1,239,1,1,1,0
@rivasestrada,@rivasestrada,1,139,10,0.245122,0.270518,0
@riverbaro64,@riverbaro64,1,139,10,0.245122,0.270518,0
@riveringen,@riveringen,1,157,11,0.246168,0.266,0
@riveros_moran,@riveros_moran,2,139,10,0.246309,0.272534,0.00003
@riverosyalba,@riverosyalba,1,139,10,0.245122,0.270518,0
@rizzo_piperis,@rizzo_piperis,3,171,10,0.234677,0.247035,0.000098
@rlcarras,@rlcarras,1,73,2,0.666667,0.75,0
@rmart2012,@rmart2012,1,157,11,0.246168,0.266,0
@rmedinagg,@rmedinagg,1,139,10,0.245122,0.270518,0
@rmmassardo,@rmmassardo,3,5,10,0.254401,0.282185,0.000256
@ro_marincif,@ro_marincif,1,139,11,0.195877,0.205206,0
@roa_baker,@roa_baker,1,0,11,0.195818,0.20601,0
@robaeza3,@robaeza3,5,5,10,0.277968,0.313467,0.001033
@robermall2,@robermall2,1,240,1,1,1,0
@HeliaMolina_M,@HeliaMolina_M,1,240,1,1,1,0
@robert0226,@robert0226,1,8,12,0.21824,0.231604,0
@robert64298432,@robert64298432,1,5,12,0.208622,0.21976,0
@robertgguti,@robertgguti,2,8,10,0.255592,0.282453,0.000053
@robertjovan,@robertjovan,1,169,14,0.139126,0.143302,0
@roberto67566221,@roberto67566221,1,8,10,0.25687,0.281537,0
@roberto_ipinza,@roberto_ipinza,3,139,10,0.246005,0.272125,0.000143
@roberto_luders,@roberto_luders,1,5,12,0.216573,0.230214,0
@robertoalexf,@robertoalexf,2,157,10,0.267616,0.292951,0.000308
@robertodelrio_,@robertodelrio_,5,52,11,0.190672,0.20218,0.00036
@SSMNorte,@SSMNorte,1,52,12,0.160143,0.166565,0
@robertofinat,@robertofinat,11,8,10,0.265222,0.292808,0.001089
@RobertoFinat,@RobertoFinat,1,8,11,0.209633,0.221939,0
@robertolunaok,@robertolunaok,1,241,1,1,1,0
@GobDeLaRioja,@GobDeLaRioja,1,241,1,1,1,0
@robertop2022,@robertop2022,1,5,12,0.207645,0.219181,0
@robertopucheu,@robertopucheu,1,8,10,0.25687,0.281537,0
@robertourzua8,@robertourzua8,1,5,12,0.184449,0.194171,0
@robertovillen10,@robertovillen10,7,139,12,0.2357,0.24946,0.000884
@RabinoGarmon,@RabinoGarmon,2,139,11,0.202815,0.213664,0.000002
@robinsonquelin,@robinsonquelin,1,0,11,0.217289,0.227714,0
@robzulo,@robzulo,1,193,12,0.212998,0.224727,0
@rocio_lokilla,@rocio_lokilla,2,183,12,0.181901,0.190882,0.000027
@rociofrigerio66,@rociofrigerio66,1,139,10,0.245122,0.270518,0
@rockbertovalenz,@rockbertovalenz,1,8,12,0.210749,0.222493,0
@rockenaty,@rockenaty,1,157,11,0.22658,0.237162,0
@rockmeza,@rockmeza,1,0,11,0.224201,0.238157,0
@rocknomist,@rocknomist,1,139,10,0.245122,0.270518,0
@roco3d,@roco3d,1,0,11,0.224201,0.238157,0
@rocopamela,@rocopamela,1,139,10,0.245122,0.270518,0
@rodcitizen,@rodcitizen,2,169,12,0.192419,0.202762,0.0003
@WallStreetSilv,@WallStreetSilv,1,169,13,0.161374,0.167375,0
@rodeinsatz,@rodeinsatz,2,5,10,0.241302,0.258094,0.000029
@rodo_amr,@rodo_amr,2,8,10,0.258999,0.284343,0.000011
@rodolfoxoliz,@rodolfoxoliz,14,0,10,0.273499,0.30318,0.011059
@RT_com,@RT_com,1,0,11,0.214771,0.227746,0
@rodoliveri,@rodoliveri,7,8,10,0.272236,0.307682,0.000747
@JorgedelRealC,@JorgedelRealC,1,8,11,0.213991,0.229733,0
@rodonoso,@rodonoso,2,157,11,0.247012,0.267638,0.000009
@rodovonmartens,@rodovonmartens,1,12,2,0.666667,0.75,0
@rodr_andrs,@rodr_andrs,4,139,10,0.26005,0.288887,0.001029
@rodribustamante,@rodribustamante,1,157,11,0.235883,0.248355,0
@rodrigo04470083,@rodrigo04470083,2,0,11,0.219998,0.233986,0.00004
@rodrigo18298581,@rodrigo18298581,27,8,10,0.282156,0.318221,0.001991
@malefica_99,@malefica_99,1,8,11,0.220073,0.235516,0
@rodrigo51310603,@rodrigo51310603,1,139,10,0.245122,0.270518,0
@rodrigo80966906,@rodrigo80966906,4,139,10,0.236388,0.251939,0.000146
@rodrigo_fire_s,@rodrigo_fire_s,1,0,11,0.210253,0.222816,0
@rodrigo_gonza_p,@rodrigo_gonza_p,1,157,11,0.246168,0.266,0
@rodrigodel7,@rodrigodel7,1,8,10,0.25687,0.281537,0
@rodrigodelvalle,@rodrigodelvalle,1,0,11,0.224201,0.238157,0
@rodrigohal9000,@rodrigohal9000,1,157,11,0.246168,0.266,0
@rodrigojerezm,@rodrigojerezm,2,171,10,0.233011,0.251959,0.000049
@rodrigomarmota1,@rodrigomarmota1,2,139,10,0.253518,0.281014,0.000045
@rodrigooyarzun,@rodrigooyarzun,1,0,11,0.210253,0.222816,0
@rodrigourzuab,@rodrigourzuab,5,8,10,0.265643,0.296108,0.000197
@rodriguezdan_,@rodriguezdan_,1,77,2,0.538462,0.571429,0
@rodvalenz,@rodvalenz,1,0,11,0.222413,0.235746,0
@rodvalmerino,@rodvalmerino,2,139,12,0.213357,0.228467,0.000014
@roedumesarems,@roedumesarems,1,5,14,0.155913,0.161903,0
@rofaundezg,@rofaundezg,1,0,13,0.176277,0.184481,0
@rogefeei,@rogefeei,1,0,11,0.224201,0.238157,0
@rogofe47chile,@rogofe47chile,4,0,11,0.233778,0.243422,0.000477
@opinionescl,@opinionescl,1,0,12,0.189488,0.194512,0
@rojasclaus,@rojasclaus,1,8,12,0.228718,0.241364,0
@rojasmjorge14,@rojasmjorge14,1,8,10,0.229172,0.240727,0
@rojaspdaniel,@rojaspdaniel,1,157,11,0.235883,0.248355,0
@rojoantiguo,@rojoantiguo,1,139,10,0.245122,0.270518,0
@rojojac,@rojojac,1,0,11,0.218709,0.231337,0
@roko60745476,@roko60745476,12,8,10,0.279812,0.313952,0.000792
@rokycuatro,@rokycuatro,1,139,10,0.245122,0.270518,0
@rolactico23,@rolactico23,1,0,11,0.218709,0.231337,0
@rolandochm,@rolandochm,1,157,11,0.246168,0.266,0
@rollemarcelo,@rollemarcelo,4,5,10,0.248634,0.268545,0.00009
@rolmed0,@rolmed0,1,124,11,0.219989,0.231932,0
@romanmuzzi,@romanmuzzi,1,0,11,0.217289,0.227714,0
@romeropixel,@romeropixel,1,0,11,0.210253,0.222816,0
@rominamaragano,@rominamaragano,1,242,2,0.666667,0.75,0
@cmquilpue,@cmquilpue,2,242,1,1,1,0
@romisburg,@romisburg,1,228,2,0.666667,0.75,0
@rommyimasb,@rommyimasb,1,157,11,0.246168,0.266,0
@romo_pino,@romo_pino,1,0,11,0.210253,0.222816,0
@romyflores9,@romyflores9,2,193,10,0.25761,0.282905,0.000026
@roramosv67,@roramosv67,7,139,10,0.239808,0.26372,0.000735
@rorojasg,@rorojasg,1,0,11,0.224201,0.238157,0
@rorrito_j_l,@rorrito_j_l,1,8,12,0.214424,0.226427,0
@rorritocalamity,@rorritocalamity,2,139,10,0.253518,0.281014,0.000045
@rosario77488957,@rosario77488957,1,243,1,1,1,0
@peponila,@peponila,1,243,1,1,1,0
@rosarioovalle5,@rosarioovalle5,2,5,12,0.227494,0.247084,0.000049
@rosats2124,@rosats2124,1,8,10,0.25687,0.281537,0
@rosauramorn2,@rosauramorn2,1,139,10,0.245122,0.270518,0
@rose_intel,@rose_intel,1,0,11,0.200062,0.21002,0
@rosemolko,@rosemolko,1,157,11,0.22658,0.237162,0
@rosetabellavita,@rosetabellavita,4,169,12,0.242,0.264317,0.000385
@rosinesme,@rosinesme,2,0,10,0.256489,0.280826,0.003063
@rosita02feliz,@rosita02feliz,3,8,10,0.259608,0.286327,0.000037
@rositalara_,@rositalara_,1,0,11,0.224201,0.238157,0
@rosorioc,@rosorioc,1,0,11,0.204687,0.216464,0
@rossana44351805,@rossana44351805,1,157,13,0.16819,0.174554,0
@rossanacarola,@rossanacarola,3,157,11,0.249004,0.270748,0.000041
@rossanariel,@rossanariel,1,0,11,0.218709,0.231337,0
@rossy_mv,@rossy_mv,2,9,12,0.176926,0.1843,0.0003
@divina_flor,@divina_flor,1,9,13,0.150333,0.15473,0
@rosypompano,@rosypompano,1,8,10,0.25687,0.281537,0
@rotaviskyc,@rotaviskyc,1,197,14,0.134369,0.137557,0
@rotorrealba,@rotorrealba,1,0,11,0.212675,0.223345,0
@rovinparra,@rovinparra,1,0,11,0.204687,0.216464,0
@rowito,@rowito,1,5,12,0.216573,0.230214,0
@rozaserri,@rozaserri,1,244,2,0.666667,0.75,0
@pathovetlab,@pathovetlab,2,244,1,1,1,0
@rparra003,@rparra003,1,157,11,0.17946,0.187302,0
@rpolivar,@rpolivar,1,8,12,0.200479,0.211255,0
@rramirovich,@rramirovich,1,5,12,0.212171,0.226211,0
@rriittoos,@rriittoos,1,8,10,0.25687,0.281537,0
@rrri2629,@rrri2629,3,8,10,0.259608,0.286341,0.000079
@rrubilar92,@rrubilar92,1,0,11,0.217289,0.227714,0
@rsotoh45,@rsotoh45,1,5,12,0.225105,0.2441,0
@rspeed_larrondo,@rspeed_larrondo,1,171,15,0.121192,0.123741,0
@rsvb1983,@rsvb1983,1,139,10,0.245122,0.270518,0
@rtmr2022,@rtmr2022,3,8,10,0.251357,0.276427,0.000257
@rubenast2012,@rubenast2012,2,0,11,0.21306,0.224366,0.000016
@rubenynfante,@rubenynfante,3,8,10,0.261163,0.291316,0.000143
@rubilarelgueta,@rubilarelgueta,2,139,10,0.253518,0.281014,0.000045
@ruby_er2908,@ruby_er2908,2,5,12,0.216591,0.230343,0.0003
@AnahelenaCordid,@AnahelenaCordid,1,5,13,0.178037,0.18537,0
@ruecita,@ruecita,1,157,11,0.246168,0.266,0
@ruelca36,@ruelca36,3,8,10,0.263364,0.292642,0.000086
@ruiznector,@ruiznector,7,139,10,0.285369,0.325747,0.00128
@ruizvial,@ruizvial,8,5,10,0.27855,0.314359,0.000807
@russellw222,@russellw222,1,139,10,0.235786,0.250448,0
@ruthsalinasgal,@ruthsalinasgal,2,157,11,0.247012,0.267638,0.000009
@rvelizm,@rvelizm,4,109,11,0.255642,0.279789,0.001295
@rxbarraza_89,@rxbarraza_89,1,139,10,0.245122,0.270518,0
@rzambranoiqq,@rzambranoiqq,2,8,10,0.25847,0.284399,0.000024
@s4ndr1v4n14,@s4ndr1v4n14,1,0,11,0.224201,0.238157,0
@s_ahumada,@s_ahumada,1,139,12,0.202348,0.213559,0
@s_monsesanhueza,@s_monsesanhueza,1,0,11,0.204687,0.216464,0
@sabreu75,@sabreu75,1,139,10,0.245122,0.270518,0
@sacallama1,@sacallama1,2,8,10,0.258122,0.283843,0.00001
@sacha_soui,@sacha_soui,1,5,12,0.225105,0.2441,0
@saec91,@saec91,1,139,10,0.245122,0.270518,0
@saelzer67,@saelzer67,1,8,12,0.183939,0.192448,0
@saitamalreves,@saitamalreves,1,139,10,0.235786,0.250448,0
@sakuraelric,@sakuraelric,3,8,10,0.256147,0.287552,0.000222
@sakurakro,@sakurakro,12,157,11,0.249711,0.273183,0.002166
@HMalaguenas,@HMalaguenas,1,157,12,0.199823,0.210635,0
@salmonexpert,@salmonexpert,1,244,2,0.666667,0.75,0
@salonguillermo,@salonguillermo,1,8,10,0.236657,0.25105,0
@salud_indep,@salud_indep,1,52,11,0.186518,0.195811,0
@salud_responde,@salud_responde,3,8,11,0.198721,0.208894,0.000347
@Hospitalfricke,@Hospitalfricke,2,8,11,0.21004,0.221684,0.000296
@SaludOccidente,@SaludOccidente,1,8,12,0.165783,0.171526,0
@saludmachali,@saludmachali,1,52,13,0.165144,0.170185,0
@saludmagallanes,@saludmagallanes,1,52,11,0.186518,0.195811,0
@saludnuble,@saludnuble,1,52,11,0.186518,0.195811,0
@saludssrv,@saludssrv,1,52,11,0.186518,0.195811,0
@salvado93756372,@salvado93756372,2,139,10,0.246309,0.272534,0.00003
@samepanamachile,@samepanamachile,3,5,10,0.257712,0.289369,0.000168
@sammylocutor,@sammylocutor,1,8,10,0.25687,0.281537,0
@samyaboid,@samyaboid,1,8,10,0.222365,0.234988,0
@samzepeda,@samzepeda,1,5,12,0.189385,0.20029,0
@sanch56420,@sanch56420,2,8,10,0.243499,0.259922,0.000023
@sanchez_bass,@sanchez_bass,1,169,12,0.17035,0.17694,0
@sanchez_garbine,@sanchez_garbine,6,8,10,0.267547,0.297886,0.000534
@DC_Draino,@DC_Draino,1,8,11,0.211083,0.224678,0
@sandraa83187526,@sandraa83187526,2,8,10,0.258122,0.283843,0.00001
@sandrasilvach,@sandrasilvach,1,139,10,0.245122,0.270518,0
@sandruca4,@sandruca4,10,5,10,0.267616,0.299396,0.000587
@cienciaysaludn1,@cienciaysaludn1,1,5,11,0.211126,0.225304,0
@sandyene2020,@sandyene2020,4,157,11,0.249928,0.272486,0.000046
@sanfelipetv,@sanfelipetv,1,37,2,0.666667,0.75,0
@sanjacity,@sanjacity,7,8,10,0.267147,0.297761,0.000221
@sanmont1,@sanmont1,1,193,12,0.207636,0.218375,0
@santagattta,@santagattta,1,0,11,0.224201,0.238157,0
@santiagoaparts,@santiagoaparts,1,193,12,0.194453,0.205395,0
@santiagozamar,@santiagozamar,1,171,10,0.215619,0.226946,0
@santibanezbaez,@santibanezbaez,1,5,12,0.225105,0.2441,0
@santitosud,@santitosud,2,8,10,0.257686,0.283137,0.000018
@santosluque034,@santosluque034,1,139,10,0.235786,0.250448,0
@sardonicus55686,@sardonicus55686,1,8,10,0.25687,0.281537,0
@saritacst,@saritacst,1,23,2,0.571429,0.625,0
@saskudas,@saskudas,1,157,11,0.246168,0.266,0
@saturnoyang,@saturnoyang,6,139,10,0.285699,0.323193,0.000998
@saza_1969,@saza_1969,1,139,11,0.211513,0.220863,0
@sboric,@sboric,1,52,12,0.176775,0.183717,0
@scarlettcamila_,@scarlettcamila_,1,183,13,0.166892,0.173263,0
@scherichiacoli_,@scherichiacoli_,2,0,11,0.222451,0.235922,0.0006
@schiappamarcos,@schiappamarcos,14,8,10,0.279827,0.315285,0.001514
@dmills3710,@dmills3710,1,8,11,0.218654,0.234055,0
@sclark_medina,@sclark_medina,4,215,11,0.247342,0.267389,0.001269
@scottsummer18,@scottsummer18,1,139,10,0.245122,0.270518,0
@scrimgeourlgi,@scrimgeourlgi,1,139,10,0.245122,0.270518,0
@scullito,@scullito,2,8,10,0.261439,0.288002,0.00003
@sdalmazzo,@sdalmazzo,9,5,10,0.275723,0.307885,0.001426
@sdiazbrown,@sdiazbrown,3,5,10,0.260285,0.287161,0.000129
@seal0255,@seal0255,9,5,10,0.291444,0.32918,0.003718
@seba22stgo,@seba22stgo,1,0,11,0.216365,0.228595,0
@seba_mg,@seba_mg,3,8,10,0.261571,0.288323,0.000039
@sebaasilvaaz,@sebaasilvaaz,2,139,10,0.253518,0.281014,0.000045
@sebafranzani,@sebafranzani,2,8,12,0.205319,0.2163,0.000002
@sebaotero23,@sebaotero23,5,8,10,0.263257,0.292573,0.00017
@sebasti45781359,@sebasti45781359,15,5,10,0.295545,0.337571,0.002978
@1966mcv,@1966mcv,1,5,11,0.228134,0.246062,0
@Respondedor3,@Respondedor3,1,5,11,0.228134,0.246062,0
@sebastinormeo1,@sebastinormeo1,1,139,10,0.245122,0.270518,0
@sebbmartin,@sebbmartin,1,8,10,0.25687,0.281537,0
@sebinoo,@sebinoo,2,0,11,0.200557,0.212278,0.000012
@secretita,@secretita,1,139,10,0.245122,0.270518,0
@seferene,@seferene,3,157,11,0.248337,0.269835,0.000025
@seguelsaul,@seguelsaul,2,109,12,0.194344,0.203929,0.0003
@Lmental182,@Lmental182,1,109,13,0.162725,0.168274,0
@selynabraham,@selynabraham,1,0,11,0.216365,0.228595,0
@semprun_roger,@semprun_roger,1,139,10,0.245122,0.270518,0
@senameloslagos,@senameloslagos,1,52,13,0.135879,0.13942,0
@sentry2024,@sentry2024,1,139,10,0.245122,0.270518,0
@sepulvedagilda,@sepulvedagilda,1,0,11,0.212675,0.223345,0
@sepulvedallende,@sepulvedallende,1,0,11,0.210253,0.222816,0
@sepulvedaradio,@sepulvedaradio,1,139,10,0.245122,0.270518,0
@seremisalud16,@seremisalud16,1,52,11,0.186518,0.195811,0
@sereve,@sereve,3,8,10,0.259829,0.28543,0.00002
@sergio_2210,@sergio_2210,4,8,12,0.23538,0.260593,0.000051
@sergio_raptor,@sergio_raptor,4,171,10,0.24081,0.257315,0.000158
@sergioa26626221,@sergioa26626221,1,139,10,0.245122,0.270518,0
@sergioarayacord,@sergioarayacord,1,139,10,0.245122,0.270518,0
@sergioc06983753,@sergioc06983753,11,5,10,0.289057,0.331221,0.001129
@sergioh72665154,@sergioh72665154,1,245,1,1,1,0
@Argelia85331639,@Argelia85331639,1,245,1,1,1,0
@sergiomusic21,@sergiomusic21,6,0,11,0.224647,0.235295,0.001612
@alberto_roman83,@alberto_roman83,1,0,12,0.183445,0.189059,0
@sergiosoydel38,@sergiosoydel38,1,0,11,0.216365,0.228595,0
@sergiostgo17,@sergiostgo17,1,157,11,0.246168,0.266,0
@sergiotorress,@sergiotorress,1,0,11,0.218709,0.231337,0
@sergithom,@sergithom,1,0,11,0.218709,0.231337,0
@serpient7,@serpient7,1,5,12,0.189385,0.20029,0
@serv_saludmc,@serv_saludmc,2,52,11,0.186948,0.1966,0.000008
@servaf,@servaf,1,5,12,0.189385,0.20029,0
@servetms,@servetms,1,26,2,0.545455,0.583333,0
@servmanual,@servmanual,1,193,12,0.212998,0.224727,0
@seth_asg,@seth_asg,1,139,10,0.245122,0.270518,0
@sevechica,@sevechica,1,157,11,0.246168,0.266,0
@sex_x_x_dreams,@sex_x_x_dreams,1,77,2,0.538462,0.571429,0
@sfranfran11,@sfranfran11,1,5,12,0.205832,0.217029,0
@sgadesign,@sgadesign,4,8,10,0.238025,0.25297,0.000311
@Ares67125078908,@Ares67125078908,1,8,11,0.192269,0.199721,0
@sgalvezm,@sgalvezm,1,8,10,0.236657,0.25105,0
@sgarciadiaz,@sgarciadiaz,1,8,10,0.25687,0.281537,0
@sgt_franko,@sgt_franko,1,141,12,0.182054,0.189894,0
@shantal1972,@shantal1972,2,157,11,0.247012,0.267638,0.000009
@sheilapepo,@sheilapepo,3,8,10,0.259206,0.284786,0.000341
@sheloveseasyuwu,@sheloveseasyuwu,1,124,11,0.219989,0.231932,0
@shin_style,@shin_style,1,69,2,0.571429,0.625,0
@shirokarazu,@shirokarazu,3,5,10,0.247708,0.2738,0.000257
@shoffy_vf,@shoffy_vf,3,157,11,0.248575,0.270298,0.000012
@shomierd,@shomierd,1,0,11,0.224201,0.238157,0
@shu_porangporan,@shu_porangporan,1,131,2,0.555556,0.6,0
@sialtppchile,@sialtppchile,1,139,10,0.245122,0.270518,0
@sibarita__8,@sibarita__8,2,183,12,0.21185,0.224044,0.00024
@sietrossh454315,@sietrossh454315,1,8,12,0.21824,0.231604,0
@silva_se,@silva_se,1,5,12,0.212171,0.226211,0
@silviainfantem,@silviainfantem,1,139,10,0.245122,0.270518,0
@silvy1_narvaez,@silvy1_narvaez,1,139,10,0.245122,0.270518,0
@simonmazzet,@simonmazzet,1,0,11,0.222413,0.235746,0
@sin_stesias,@sin_stesias,1,8,10,0.25687,0.281537,0
@sin_ti_jesus_no,@sin_ti_jesus_no,2,8,10,0.261439,0.288002,0.00003
@sindymegasy,@sindymegasy,3,8,10,0.260363,0.287702,0.000027
@sinergiachilen,@sinergiachilen,1,0,11,0.218709,0.231337,0
@sinohepallotta,@sinohepallotta,1,109,12,0.168463,0.17306,0
@sir_gon,@sir_gon,1,0,11,0.224201,0.238157,0
@siriavasca,@siriavasca,1,0,11,0.210253,0.222816,0
@siricarol,@siricarol,1,0,11,0.224201,0.238157,0
@sirjohanns,@sirjohanns,3,8,12,0.234942,0.250656,0.000005
@sirmonquet,@sirmonquet,1,157,11,0.246168,0.266,0
@sitatoc,@sitatoc,2,157,11,0.247012,0.267638,0.000009
@sitresu,@sitresu,1,52,12,0.17686,0.183178,0
@sivantastico,@sivantastico,1,124,11,0.219989,0.231932,0
@sixxtatoo,@sixxtatoo,1,8,10,0.235444,0.251191,0
@skal_35,@skal_35,1,8,12,0.174199,0.181188,0
@skalegorico7,@skalegorico7,1,139,10,0.235786,0.250448,0
@skaralbo1982,@skaralbo1982,2,0,11,0.218728,0.231465,0.0003
@HinchaCruzadoUC,@HinchaCruzadoUC,1,0,12,0.179478,0.186163,0
@skarica,@skarica,1,8,10,0.25687,0.281537,0
@sklenner,@sklenner,4,8,10,0.28443,0.321891,0.000439
@sklierbrm,@sklierbrm,1,139,12,0.209464,0.221646,0
@skmeigull,@skmeigull,1,246,1,1,1,0
@ThatBoii_Nilo,@ThatBoii_Nilo,1,246,1,1,1,0
@skz5k2,@skz5k2,1,190,3,0.5,0.611111,0
@smacatt2022,@smacatt2022,3,5,10,0.26491,0.295308,0.00016
@smcfly12,@smcfly12,2,157,12,0.214717,0.224941,0.0003
@FundacionLucila,@FundacionLucila,1,157,13,0.176769,0.182539,0
@snoolucy,@snoolucy,1,171,12,0.178915,0.187157,0
@snoozmyg,@snoozmyg,1,183,13,0.161013,0.167948,0
@snowsv,@snowsv,2,52,11,0.193654,0.206032,0.000164
@snsntd0,@snsntd0,1,124,11,0.219989,0.231932,0
@soa_solfa_mirre,@soa_solfa_mirre,1,8,10,0.25687,0.281537,0
@soaspellman,@soaspellman,2,0,11,0.224569,0.238768,0.000088
@soda_clasica,@soda_clasica,1,0,11,0.224201,0.238157,0
@sofireyes88,@sofireyes88,3,157,11,0.24861,0.270497,0.000012
@sol_dalbosco,@sol_dalbosco,1,5,12,0.216573,0.230214,0
@solange_d_h,@solange_d_h,1,124,11,0.219989,0.231932,0
@solangeguzmani,@solangeguzmani,2,157,11,0.246285,0.266298,0.000072
@solcarmen11,@solcarmen11,1,157,11,0.246168,0.266,0
@sole_cjara,@sole_cjara,2,157,11,0.247827,0.268862,0
@sole_mart,@sole_mart,1,0,11,0.210253,0.222816,0
@solebe,@solebe,1,157,11,0.246168,0.266,0
@soledadbravo,@soledadbravo,1,124,11,0.219989,0.231932,0
@soleiado01,@soleiado01,1,247,1,1,1,0
@LeGeneral_Off,@LeGeneral_Off,1,247,1,1,1,0
@solersi_ana,@solersi_ana,1,5,14,0.134771,0.138581,0
@solistapia,@solistapia,2,0,11,0.227325,0.242481,0.000103
@sollaguna,@sollaguna,8,8,10,0.262577,0.291843,0.000149
@solmari1305,@solmari1305,1,8,12,0.200479,0.211255,0
@solomostacillas,@solomostacillas,1,248,1,1,1,0
@emejotau,@emejotau,1,248,1,1,1,0
@soloraf1,@soloraf1,1,8,12,0.21824,0.231604,0
@solosoyelluis,@solosoyelluis,1,157,11,0.246168,0.266,0
@solvasquez68,@solvasquez68,2,8,11,0.212632,0.224217,0.000037
@solvidelavi,@solvidelavi,1,139,10,0.245122,0.270518,0
@somend51,@somend51,1,8,12,0.222565,0.235155,0
@sonsolea,@sonsolea,5,8,10,0.260913,0.288675,0.000405
@sophia87484150,@sophia87484150,1,183,12,0.180584,0.188868,0
@sophiebellais,@sophiebellais,3,169,16,0.109729,0.112373,0.0006
@VictorSinclair3,@VictorSinclair3,1,169,17,0.098881,0.10072,0
@zoomabus,@zoomabus,1,169,17,0.098881,0.10072,0
@sotomayor_el,@sotomayor_el,1,157,11,0.246168,0.266,0
@sotoromosylvia1,@sotoromosylvia1,4,8,10,0.257392,0.279931,0.000595
@soubirous_33,@soubirous_33,2,193,10,0.246017,0.271964,0.000052
@sovi71,@sovi71,3,8,10,0.274396,0.301163,0.002801
@soy_andrear,@soy_andrear,1,139,10,0.235786,0.250448,0
@soy_espectadora,@soy_espectadora,1,249,1,1,1,0
@Noremorseaq,@Noremorseaq,1,249,1,1,1,0
@soyalejandrowc,@soyalejandrowc,1,139,10,0.245122,0.270518,0
@soyaparte,@soyaparte,1,67,15,0.118567,0.121203,0
@soydevaldivia,@soydevaldivia,1,124,11,0.219989,0.231932,0
@soyeduardomaipu,@soyeduardomaipu,1,139,10,0.245122,0.270518,0
@soygonzalezmati,@soygonzalezmati,1,52,11,0.18593,0.196243,0
@soylanano,@soylanano,4,124,11,0.253135,0.277485,0.000749
@soyminarquista,@soyminarquista,1,171,10,0.215619,0.226946,0
@soyrecoletano,@soyrecoletano,1,250,1,1,1,0
@Muni_Recoleta,@Muni_Recoleta,1,250,1,1,1,0
@soytago,@soytago,1,139,10,0.235786,0.250448,0
@spellidubilu17,@spellidubilu17,1,124,11,0.219989,0.231932,0
@spider_5,@spider_5,1,5,12,0.225105,0.2441,0
@spiritualsunn,@spiritualsunn,1,124,11,0.201664,0.21304,0
@spybdr,@spybdr,3,91,4,0.45614,0.512821,0.000002
@sr_austral,@sr_austral,1,215,11,0.215825,0.225695,0
@sr_sombrero14,@sr_sombrero14,1,52,11,0.18593,0.196243,0
@sra_panita,@sra_panita,2,157,11,0.247012,0.267638,0.000009
@sraalejandra,@sraalejandra,1,0,11,0.222413,0.235746,0
@sreateguir,@sreateguir,6,8,10,0.265575,0.294581,0.000393
@P_McCulloughMD,@P_McCulloughMD,1,8,11,0.209854,0.222898,0
@srferrer,@srferrer,1,0,11,0.216365,0.228595,0
@srjano,@srjano,1,52,11,0.18593,0.196243,0
@srta_ji,@srta_ji,1,0,11,0.200062,0.21002,0
@ssaludcoquimbo,@ssaludcoquimbo,8,219,3,0.666667,0.805556,0.000003
@DPRCoquimbo,@DPRCoquimbo,1,219,4,0.413793,0.472222,0
@LaRegionDiario,@LaRegionDiario,1,219,4,0.413793,0.472222,0
@MiVozChile,@MiVozChile,1,219,4,0.413793,0.472222,0
@elobservatodo,@elobservatodo,1,219,4,0.413793,0.472222,0
@madero_cl,@madero_cl,1,219,4,0.413793,0.472222,0
@radiorutanorte,@radiorutanorte,1,219,4,0.413793,0.472222,0
@ssaludosorno,@ssaludosorno,2,52,11,0.186545,0.195988,0.0003
@ssvsa,@ssvsa,1,52,11,0.186518,0.195811,0
@staprvncionista,@staprvncionista,1,157,11,0.246168,0.266,0
@stefanyperrya,@stefanyperrya,1,251,1,1,1,0
@meganoticiascl,@meganoticiascl,1,251,1,1,1,0
@steffgarciat,@steffgarciat,1,252,1,1,1,0
@toplives1,@toplives1,1,252,1,1,1,0
@stephduchili,@stephduchili,4,0,11,0.228014,0.244787,0.000401
@stephriq,@stephriq,1,0,11,0.224201,0.238157,0
@stoikeia,@stoikeia,1,0,11,0.204687,0.216464,0
@stopalzaisapre,@stopalzaisapre,2,157,11,0.247827,0.268862,0
@stopmode22,@stopmode22,1,3,2,0.666667,0.75,0
@storibio2,@storibio2,6,5,10,0.264761,0.293935,0.001363
@antijustici,@antijustici,1,5,11,0.209345,0.222476,0
@stratolily,@stratolily,1,8,12,0.223303,0.235153,0
@styilhunter,@styilhunter,1,209,4,0.384615,0.483333,0
@su_delghetto,@su_delghetto,1,0,11,0.204687,0.216464,0
@sub_zerox,@sub_zerox,2,0,11,0.226629,0.240306,0.000017
@sublimmal,@sublimmal,1,139,10,0.245122,0.270518,0
@sudforest,@sudforest,1,253,1,1,1,0
@CREWcrew,@CREWcrew,1,253,1,1,1,0
@sueforte5,@sueforte5,1,169,12,0.17431,0.181988,0
@suikon023,@suikon023,1,139,10,0.245122,0.270518,0
@sukistrukizoe,@sukistrukizoe,1,124,11,0.201664,0.21304,0
@sukupiro,@sukupiro,3,5,10,0.264491,0.294439,0.00013
@sungjavi,@sungjavi,1,131,2,0.555556,0.6,0
@sunnyday_27,@sunnyday_27,1,157,11,0.246168,0.266,0
@superjuankxd,@superjuankxd,1,8,12,0.218663,0.233363,0
@sureshdevandas,@sureshdevandas,5,8,10,0.228305,0.241897,0.000193
@surf1gun,@surf1gun,1,139,10,0.245122,0.270518,0
@sursalud_cl,@sursalud_cl,1,0,13,0.161529,0.166059,0
@susanameza12,@susanameza12,1,8,10,0.25687,0.281537,0
@sushitransfer,@sushitransfer,1,169,12,0.18437,0.193634,0
@sussette66,@sussette66,2,5,12,0.201734,0.212657,0.0003
@Zigzo00,@Zigzo00,1,5,13,0.167875,0.174171,0
@susvandort,@susvandort,1,0,11,0.204687,0.216464,0
@sutibo_shidifu,@sutibo_shidifu,1,8,10,0.25687,0.281537,0
@sviatoslav_7,@sviatoslav_7,1,0,11,0.224201,0.238157,0
@svina26,@svina26,1,139,10,0.245122,0.270518,0
@swaard164133,@swaard164133,1,6,2,0.666667,0.75,0
@swiftchaelisa,@swiftchaelisa,2,124,11,0.201962,0.213597,0.000233
@swifteez_,@swifteez_,1,254,1,1,1,0
@honeybunhwa,@honeybunhwa,1,254,1,1,1,0
@syggiy,@syggiy,1,169,14,0.139126,0.143302,0
@sylvia_car37942,@sylvia_car37942,2,139,10,0.253518,0.281014,0.000045
@t4l0911,@t4l0911,1,139,10,0.245122,0.270518,0
@talagante1,@talagante1,3,8,10,0.260363,0.287702,0.000027
@talkparislondon,@talkparislondon,4,5,12,0.211221,0.223885,0.000606
@Yo_lucho_2000,@Yo_lucho_2000,1,5,13,0.174392,0.181358,0
@duhastmilch,@duhastmilch,1,5,13,0.174392,0.181358,0
@talyz5,@talyz5,1,8,12,0.218663,0.233363,0
@tamaracasado_v,@tamaracasado_v,2,157,11,0.247827,0.268862,0
@tamymlagos,@tamymlagos,1,157,11,0.246168,0.266,0
@tangananica22,@tangananica22,2,0,11,0.224511,0.238831,0.000026
@tania75129208,@tania75129208,2,0,11,0.226629,0.240306,0.000017
@tania_vale27,@tania_vale27,1,157,11,0.246168,0.266,0
@taniaquirinan,@taniaquirinan,1,8,10,0.25687,0.281537,0
@tarasmoak__,@tarasmoak__,1,183,13,0.166892,0.173263,0
@tassenior,@tassenior,1,5,12,0.189385,0.20029,0
@tatadgv,@tatadgv,4,0,11,0.239797,0.257717,0.000834
@tatan_osvaldo,@tatan_osvaldo,4,8,10,0.26679,0.295542,0.000128
@tatihernandez,@tatihernandez,2,0,11,0.247212,0.267533,0.000202
@tatybeat,@tatybeat,3,157,11,0.249243,0.27121,0.00003
@tatyysosa,@tatyysosa,1,157,11,0.235883,0.248355,0
@taxibeto,@taxibeto,1,255,1,1,1,0
@callejon_114,@callejon_114,1,255,1,1,1,0
@tayrojo27,@tayrojo27,1,0,11,0.222413,0.235746,0
@teanval0207,@teanval0207,1,0,11,0.218709,0.231337,0
@tearinheave,@tearinheave,1,5,12,0.225105,0.2441,0
@tecsoport,@tecsoport,1,0,11,0.224201,0.238157,0
@tekila_75,@tekila_75,2,139,10,0.253518,0.281014,0.000045
@temucano2,@temucano2,1,0,11,0.216365,0.228595,0
@temujin5541,@temujin5541,3,5,10,0.261954,0.294319,0.000204
@tengotronombre,@tengotronombre,1,0,12,0.188387,0.196401,0
@teolopsico,@teolopsico,1,139,12,0.183257,0.192363,0
@tercerbigote,@tercerbigote,1,139,10,0.245122,0.270518,0
@terenora1,@terenora1,1,8,10,0.235444,0.251191,0
@teresa_boj,@teresa_boj,3,52,11,0.214132,0.225317,0.000392
@elpais_chile,@elpais_chile,1,52,12,0.176373,0.182502,0
@teresadonoso1,@teresadonoso1,1,8,10,0.25687,0.281537,0
@teresavaldese,@teresavaldese,1,0,11,0.200062,0.21002,0
@terucajimenez,@terucajimenez,15,8,10,0.274236,0.306263,0.002673
@ClubEditorial,@ClubEditorial,1,8,11,0.215225,0.229251,0
@teseo6719,@teseo6719,6,8,10,0.266475,0.295471,0.000187
@tessmoonwalker,@tessmoonwalker,1,183,13,0.161013,0.167948,0
@tetr4_c4mpeones,@tetr4_c4mpeones,1,0,11,0.216365,0.228595,0
@tevic3057114,@tevic3057114,1,139,10,0.235786,0.250448,0
@thaalassophilic,@thaalassophilic,1,91,5,0.356164,0.408333,0
@the_alienjandro,@the_alienjandro,1,8,10,0.222365,0.234988,0
@the_ejzs,@the_ejzs,1,8,10,0.235444,0.251191,0
@the_gamechan,@the_gamechan,1,139,10,0.245122,0.270518,0
@theadvicery,@theadvicery,4,0,10,0.244498,0.260942,0.001228
@alberting254,@alberting254,1,0,11,0.19647,0.204374,0
@mannyjazzy,@mannyjazzy,1,0,11,0.19647,0.204374,0
@thebannestgene,@thebannestgene,1,215,11,0.215825,0.225695,0
@thechalomunoz,@thechalomunoz,1,0,13,0.178823,0.187366,0
@thechileanview,@thechileanview,1,8,12,0.218663,0.233363,0
@thecountghost,@thecountghost,1,8,10,0.236657,0.25105,0
@thejoelillo,@thejoelillo,1,139,10,0.235786,0.250448,0
@thejupiter____,@thejupiter____,1,157,11,0.235883,0.248355,0
@thelightsofgrad,@thelightsofgrad,1,230,2,0.666667,0.75,0
@thelma_felipe,@thelma_felipe,1,256,1,1,1,0
@nuriapiera,@nuriapiera,1,256,1,1,1,0
@themain82,@themain82,1,5,12,0.203627,0.214271,0
@thenigga89,@thenigga89,2,139,10,0.253518,0.281014,0.000045
@theplzzzz,@theplzzzz,1,139,10,0.245122,0.270518,0
@thityloveslive,@thityloveslive,1,257,1,1,1,0
@automaticsunn,@automaticsunn,1,257,1,1,1,0
@thundercloudss1,@thundercloudss1,1,124,11,0.219989,0.231932,0
@tiaflor153,@tiaflor153,2,157,11,0.247625,0.26848,0.000012
@tiankine,@tiankine,2,5,10,0.262843,0.291653,0.000071
@tiaredi,@tiaredi,4,8,10,0.241302,0.257029,0.000102
@tich2009,@tich2009,1,139,10,0.245122,0.270518,0
@tikitatu,@tikitatu,1,0,11,0.216365,0.228595,0
@tinicaml,@tinicaml,1,183,12,0.180584,0.188868,0
@tinjo9,@tinjo9,1,197,12,0.183659,0.191692,0
@tintintalca,@tintintalca,1,215,11,0.215825,0.225695,0
@titancambiante,@titancambiante,1,8,12,0.230547,0.243628,0
@titaniczurdo,@titaniczurdo,3,139,10,0.248075,0.275848,0.000231
@titiarriagada,@titiarriagada,5,52,12,0.185817,0.194779,0.000302
@titieggs,@titieggs,1,157,11,0.22658,0.237162,0
@titolobosratti,@titolobosratti,1,5,12,0.204445,0.215597,0
@tity1956,@tity1956,5,157,11,0.250676,0.273574,0.001336
@tmedico32,@tmedico32,3,8,10,0.259348,0.284998,0.000058
@tobitagatita,@tobitagatita,2,157,11,0.24673,0.266909,0.000072
@tobital1010,@tobital1010,1,139,10,0.245122,0.270518,0
@tododefitness_,@tododefitness_,1,258,1,1,1,0
@JosemidCastillo,@JosemidCastillo,1,258,1,1,1,0
@todopormiperro,@todopormiperro,3,157,10,0.27245,0.304715,0.001733
@todosiesposible,@todosiesposible,4,0,11,0.238935,0.257265,0.000554
@tofilo30,@tofilo30,1,0,11,0.222413,0.235746,0
@tomasoski,@tomasoski,1,0,11,0.224201,0.238157,0
@tomaspablo,@tomaspablo,1,8,10,0.25687,0.281537,0
@tona669,@tona669,2,157,11,0.247012,0.267638,0.000009
@tongolele1969,@tongolele1969,2,139,10,0.253518,0.281014,0.000045
@torjsu,@torjsu,1,0,11,0.217289,0.227714,0
@toro_gatic19325,@toro_gatic19325,3,8,10,0.261176,0.291011,0.000188
@torturedkrcz,@torturedkrcz,1,157,11,0.235883,0.248355,0
@totoroc0,@totoroc0,1,157,11,0.246168,0.266,0
@tpwkrachel_,@tpwkrachel_,1,124,11,0.219989,0.231932,0
@tragahumosfire,@tragahumosfire,2,193,12,0.213016,0.224856,0.0003
@opsoms,@opsoms,1,193,13,0.175614,0.18217,0
@trehuaquina,@trehuaquina,1,52,11,0.18593,0.196243,0
@trigorosa,@trigorosa,9,0,11,0.265888,0.296059,0.003303
@LAQC,@LAQC,1,0,12,0.210049,0.223486,0
@trinidaadlc,@trinidaadlc,1,157,11,0.246168,0.266,0
@tristez22087978,@tristez22087978,1,259,1,1,1,0
@LaBoTqD,@LaBoTqD,1,259,1,1,1,0
@trivinojovita,@trivinojovita,1,156,2,0.6,0.666667,0
@trompasligadas,@trompasligadas,1,52,11,0.188005,0.19759,0
@tronadoronline,@tronadoronline,3,139,10,0.218718,0.231151,0.000076
@tryh4rdgame,@tryh4rdgame,2,124,11,0.216546,0.228937,0.00017
@tuiteracolorina,@tuiteracolorina,1,8,10,0.235444,0.251191,0
@turbogigi,@turbogigi,1,0,11,0.224201,0.238157,0
@turca_jo,@turca_jo,1,260,1,1,1,0
@progpalestina,@progpalestina,1,260,1,1,1,0
@turk154,@turk154,2,215,11,0.215861,0.225872,0.0006
@turkiantof,@turkiantof,6,52,11,0.244809,0.261355,0.001461
@TLAntofagasta,@TLAntofagasta,1,52,12,0.196672,0.20466,0
@UltimominutoTW,@UltimominutoTW,1,52,12,0.196672,0.20466,0
@turkito1981,@turkito1981,1,139,10,0.235786,0.250448,0
@turrientes,@turrientes,1,157,11,0.246168,0.266,0
@tuthesof,@tuthesof,1,0,11,0.210253,0.222816,0
@tutinho27,@tutinho27,1,261,1,1,1,0
@TsumeAsterisk,@TsumeAsterisk,1,261,1,1,1,0
@tvc_chile,@tvc_chile,2,8,12,0.2187,0.23354,0.000111
@tweets07217229,@tweets07217229,1,0,11,0.217289,0.227714,0
@tweets_del_sur,@tweets_del_sur,3,8,10,0.222403,0.235245,0.00031
@MiltonArdila5,@MiltonArdila5,1,8,11,0.181946,0.188695,0
@twittchile,@twittchile,2,8,10,0.261439,0.288002,0.00003
@tykross1590,@tykross1590,1,0,11,0.224201,0.238157,0
@ubastien,@ubastien,1,81,2,0.571429,0.625,0
@ucatolica,@ucatolica,1,262,1,1,1,0
@imii_cl,@imii_cl,1,262,1,1,1,0
@uis_oreno27,@uis_oreno27,1,139,10,0.245122,0.270518,0
@ulises_prado,@ulises_prado,1,0,11,0.195818,0.20601,0
@ulisesarayad,@ulisesarayad,1,67,15,0.118567,0.121203,0
@ulisessotosaez1,@ulisessotosaez1,3,193,10,0.250616,0.27726,0.000094
@ultracheessy,@ultracheessy,1,124,13,0.166892,0.172919,0
@un_chileno_mas,@un_chileno_mas,7,8,10,0.286077,0.327008,0.00088
@una_geminiana,@una_geminiana,1,0,11,0.222413,0.235746,0
@uncafependient,@uncafependient,1,263,1,1,1,0
@ColSigloXXl,@ColSigloXXl,1,263,1,1,1,0
@undatoymas,@undatoymas,1,139,10,0.245122,0.270518,0
@unendomo,@unendomo,2,0,11,0.22422,0.239308,0.000042
@unica_verito,@unica_verito,1,139,10,0.245122,0.270518,0
@unstoppablearno,@unstoppablearno,1,8,12,0.180108,0.188497,0
@unval4nced,@unval4nced,1,139,10,0.235786,0.250448,0
@unviction,@unviction,1,264,1,1,1,0
@JuancheOrion,@JuancheOrion,1,264,1,1,1,0
@urantiano_cl,@urantiano_cl,9,8,10,0.267754,0.29782,0.000904
@urbanamoto,@urbanamoto,7,171,12,0.187917,0.198843,0.000347
@lucasllach,@lucasllach,1,171,13,0.158195,0.164445,0
@urbbmf,@urbbmf,1,8,12,0.230547,0.243628,0
@urdangarinp,@urdangarinp,14,8,10,0.269506,0.303428,0.000945
@despertarsano,@despertarsano,1,8,11,0.212301,0.227326,0
@urpi66,@urpi66,2,5,10,0.262843,0.291653,0.000071
@urrucelquim,@urrucelquim,1,5,12,0.212171,0.226211,0
@urtubiamauricio,@urtubiamauricio,2,0,10,0.26291,0.289043,0.000733
@utilysubversivo,@utilysubversivo,1,171,12,0.150704,0.154619,0
@vaditeijauaryu2,@vaditeijauaryu2,2,8,11,0.205335,0.213871,0.0006
@Ral47964914,@Ral47964914,2,8,12,0.170372,0.175287,0.0003
@vagoerrante,@vagoerrante,1,8,12,0.191496,0.201847,0
@val0621yquemas,@val0621yquemas,1,157,11,0.246168,0.266,0
@valbuenalissett,@valbuenalissett,1,5,12,0.203627,0.214271,0
@valcoreduenr,@valcoreduenr,3,8,10,0.260141,0.286431,0.000023
@valdeslafontain,@valdeslafontain,1,0,11,0.224201,0.238157,0
@valdleandro,@valdleandro,1,0,11,0.216365,0.228595,0
@valedelpilar_20,@valedelpilar_20,2,139,11,0.23106,0.243261,0.000091
@valegonsep,@valegonsep,10,0,11,0.22973,0.250185,0.001613
@puellaok,@puellaok,1,0,12,0.18682,0.196803,0
@valelopezw,@valelopezw,1,0,11,0.200062,0.21002,0
@valemelipillan,@valemelipillan,1,242,2,0.666667,0.75,0
@valencia_marcos,@valencia_marcos,1,0,11,0.222413,0.235746,0
@valenti94010220,@valenti94010220,4,5,10,0.254189,0.282354,0.000245
@valenzue_r,@valenzue_r,3,8,10,0.238737,0.260985,0.00006
@valeriaarivera,@valeriaarivera,1,52,11,0.18593,0.196243,0
@valeriadiazq,@valeriadiazq,1,0,11,0.204687,0.216464,0
@valeriaisma,@valeriaisma,3,157,11,0.248135,0.269408,0.00016
@valeriavergara2,@valeriavergara2,1,69,2,0.571429,0.625,0
@valeriemoir,@valeriemoir,1,8,10,0.25687,0.281537,0
@valetoro,@valetoro,1,0,11,0.224201,0.238157,0
@valientesu,@valientesu,3,8,10,0.257482,0.279412,0.000439
@valle_grande_,@valle_grande_,1,157,11,0.22658,0.237162,0
@vallejosedgardo,@vallejosedgardo,3,5,12,0.216546,0.233581,0.000029
@valosrios2022,@valosrios2022,2,8,12,0.206669,0.218456,0.00002
@valpoinformado,@valpoinformado,2,0,11,0.249759,0.271476,0.000201
@vaneleo80,@vaneleo80,1,157,11,0.22658,0.237162,0
@vanessistica_,@vanessistica_,1,124,11,0.219989,0.231932,0
@vanheartsauron,@vanheartsauron,1,139,10,0.245122,0.270518,0
@vanne7lml,@vanne7lml,1,139,10,0.245122,0.270518,0
@vaqueromata,@vaqueromata,1,0,13,0.160848,0.166491,0
@varancib,@varancib,1,139,13,0.168611,0.174665,0
@varellanogarrid,@varellanogarrid,1,139,10,0.245122,0.270518,0
@vazquezoutjorge,@vazquezoutjorge,2,8,10,0.257124,0.282054,0.000006
@vceci1,@vceci1,1,124,11,0.201664,0.21304,0
@vdms5,@vdms5,1,8,12,0.210749,0.222493,0
@vearper,@vearper,1,139,10,0.235786,0.250448,0
@vecinos_alerta_,@vecinos_alerta_,1,5,12,0.196851,0.20765,0
@vega_vega16105,@vega_vega16105,1,139,10,0.245122,0.270518,0
@veganaspin,@veganaspin,5,8,12,0.232656,0.247032,0.000255
@veganim,@veganim,1,157,11,0.220907,0.232079,0
@vejarsolange,@vejarsolange,1,139,10,0.245122,0.270518,0
@veldkamp152,@veldkamp152,2,265,1,1,1,0
@VanEmmerickKris,@VanEmmerickKris,1,265,2,0.666667,0.75,0
@deSunShineBand,@deSunShineBand,1,265,2,0.666667,0.75,0
@veleroveloz,@veleroveloz,1,5,12,0.185425,0.195356,0
@velizoteiza,@velizoteiza,1,139,10,0.245122,0.270518,0
@vellarsnn,@vellarsnn,3,5,10,0.261954,0.294319,0.000204
@velp13,@velp13,2,5,12,0.209718,0.221978,0.000019
@velyn_castillo,@velyn_castillo,1,0,11,0.222413,0.235746,0
@venezuela190,@venezuela190,1,139,10,0.235786,0.250448,0
@ver65,@ver65,1,157,11,0.246168,0.266,0
@ver_gam,@ver_gam,20,8,10,0.272895,0.306935,0.000789
@OVNIS_UFOs,@OVNIS_UFOs,2,8,11,0.217526,0.233309,0
@vera_nito,@vera_nito,1,0,11,0.217289,0.227714,0
@verhego,@verhego,2,0,11,0.255617,0.278857,0.000722
@veritoca50,@veritoca50,1,157,11,0.191722,0.201257,0
@veritop1305,@veritop1305,1,157,11,0.235883,0.248355,0
@veritosr3,@veritosr3,1,157,11,0.246168,0.266,0
@vero_ghuidobro,@vero_ghuidobro,5,5,12,0.234242,0.258013,0.00017
@vero_vm,@vero_vm,1,266,1,1,1,0
@SaludAysen,@SaludAysen,1,266,1,1,1,0
@verocastrodevic,@verocastrodevic,1,8,12,0.228718,0.241364,0
@verocousins,@verocousins,1,183,14,0.133433,0.13698,0
@veromartinezf,@veromartinezf,2,157,11,0.247012,0.267638,0.000009
@veromunozgmunoz,@veromunozgmunoz,6,5,10,0.227155,0.242439,0.000338
@veronic77654337,@veronic77654337,6,8,10,0.26642,0.298026,0.000264
@veronic87059387,@veronic87059387,1,8,10,0.25687,0.281537,0
@veronicafoxley1,@veronicafoxley1,1,215,11,0.215825,0.225695,0
@veronicameryla1,@veronicameryla1,1,0,11,0.218709,0.231337,0
@veronicareveco,@veronicareveco,1,157,11,0.246168,0.266,0
@veronicaundurra,@veronicaundurra,1,0,11,0.197811,0.207681,0
@veronik_aliaga,@veronik_aliaga,2,157,11,0.247012,0.267638,0.000009
@veroruizr,@veroruizr,2,157,11,0.247827,0.268862,0
@verovelasco,@verovelasco,3,8,12,0.210783,0.222555,0.000011
@veteranadel73,@veteranadel73,2,5,12,0.21813,0.231907,0.000003
@vforvictorxiii,@vforvictorxiii,1,0,11,0.195818,0.20601,0
@vhtorob,@vhtorob,37,8,10,0.275957,0.31157,0.004457
@BlueLewisite,@BlueLewisite,1,8,11,0.216284,0.23157,0
@LoboEst88016185,@LoboEst88016185,1,8,11,0.216284,0.23157,0
@MurfittTauranga,@MurfittTauranga,1,8,11,0.216284,0.23157,0
@VEVEKA6,@VEVEKA6,1,8,11,0.216284,0.23157,0
@misteri1963,@misteri1963,1,8,11,0.216284,0.23157,0
@nosmienten_,@nosmienten_,1,8,11,0.216284,0.23157,0
@vhye1968,@vhye1968,1,0,11,0.217289,0.227714,0
@viatordechile,@viatordechile,1,139,10,0.245122,0.270518,0
@vicenziofs,@vicenziofs,5,157,10,0.249591,0.275265,0.000515
@vichagallegos22,@vichagallegos22,1,0,11,0.212675,0.223345,0
@viche_caminante,@viche_caminante,1,267,1,1,1,0
@IndiCannArabica,@IndiCannArabica,1,267,1,1,1,0
@vichofer13,@vichofer13,1,209,4,0.384615,0.483333,0
@vickysguti,@vickysguti,1,0,11,0.212675,0.223345,0
@vicmassarelli,@vicmassarelli,3,0,11,0.248741,0.270189,0.000235
@victor__manuel,@victor__manuel,3,124,10,0.245784,0.271222,0.000787
@pagina12,@pagina12,1,124,11,0.1973,0.20923,0
@victor_dred_c,@victor_dred_c,1,0,11,0.212675,0.223345,0
@victor_navea,@victor_navea,2,8,10,0.258341,0.283788,0.000012
@victor_vegg,@victor_vegg,1,0,11,0.199615,0.210476,0
@victorcarpint,@victorcarpint,1,8,10,0.25687,0.281537,0
@victori01806685,@victori01806685,10,8,10,0.27018,0.302443,0.000676
@missreloj,@missreloj,1,8,11,0.212719,0.227034,0
@victormatchen,@victormatchen,2,8,10,0.275928,0.311492,0.000199
@victorwhen,@victorwhen,1,8,12,0.21738,0.229521,0
@vicuna2016,@vicuna2016,2,139,10,0.253518,0.281014,0.000045
@vicytm,@vicytm,1,157,11,0.246168,0.266,0
@vidram11,@vidram11,1,139,10,0.235786,0.250448,0
@vigisaludpy,@vigisaludpy,1,268,1,1,1,0
@msaludpy,@msaludpy,1,268,1,1,1,0
@viitoko,@viitoko,2,0,11,0.224842,0.239351,0.000059
@vikkyta1972,@vikkyta1972,1,157,11,0.246168,0.266,0
@viktor_davis,@viktor_davis,3,5,10,0.257712,0.289369,0.000168
@vilabercas,@vilabercas,1,8,12,0.21824,0.231604,0
@villalmlvilla,@villalmlvilla,1,183,13,0.166892,0.173263,0
@villarino114,@villarino114,1,139,10,0.245122,0.270518,0
@villegas_pao,@villegas_pao,2,157,11,0.239431,0.253977,0.000216
@villena_claudio,@villena_claudio,1,8,10,0.25687,0.281537,0
@vilmama41340587,@vilmama41340587,3,124,13,0.157117,0.162012,0.0006
@Mercede70052457,@Mercede70052457,1,124,14,0.135787,0.138864,0
@mayrasmendoza,@mayrasmendoza,1,124,14,0.135787,0.138864,0
@vimalita,@vimalita,2,8,10,0.259374,0.285813,0.000013
@vinadenuncia,@vinadenuncia,6,8,10,0.260756,0.28711,0.001197
@FundacionEmilia,@FundacionEmilia,1,8,11,0.206833,0.218769,0
@greed_wtf,@greed_wtf,1,8,11,0.206833,0.218769,0
@vinnabbonn,@vinnabbonn,3,183,11,0.20272,0.215684,0.001571
@violabolton,@violabolton,1,5,12,0.189385,0.20029,0
@violet_lavander,@violet_lavander,1,215,11,0.215825,0.225695,0
@violeta_perdida,@violeta_perdida,1,0,11,0.222413,0.235746,0
@virginialena,@virginialena,2,8,12,0.234443,0.249903,0.000005
@virnyah,@virnyah,1,8,12,0.210535,0.222495,0
@visionariala,@visionariala,2,8,12,0.211238,0.223898,0.000003
@vitabossan,@vitabossan,2,157,11,0.247827,0.268862,0
@vitalicio7020,@vitalicio7020,2,0,11,0.219042,0.232285,0.000039
@vitokoherba,@vitokoherba,4,8,10,0.284305,0.318391,0.001637
@vittorionegroni,@vittorionegroni,1,0,11,0.224201,0.238157,0
@viudabielsa,@viudabielsa,1,171,10,0.215619,0.226946,0
@vivi_cortes_,@vivi_cortes_,1,157,11,0.246168,0.266,0
@vivi_hswm,@vivi_hswm,2,157,11,0.247827,0.268862,0
@viviamochile,@viviamochile,2,8,10,0.23585,0.255754,0.000018
@viviananorambu,@viviananorambu,2,139,10,0.245145,0.270647,0.0003
@SilvanaNHR,@SilvanaNHR,1,139,11,0.196888,0.208885,0
@vivianavizufe,@vivianavizufe,1,0,11,0.218709,0.231337,0
@vivigutier,@vivigutier,1,0,11,0.222413,0.235746,0
@vivimatus,@vivimatus,1,8,10,0.25687,0.281537,0
@vivirsinrollos,@vivirsinrollos,3,8,10,0.262564,0.29001,0.000055
@vixo_morales,@vixo_morales,1,139,10,0.245122,0.270518,0
@vladi_cg20,@vladi_cg20,1,0,11,0.210253,0.222816,0
@vladimiro7489,@vladimiro7489,3,8,10,0.245504,0.264731,0.000016
@vladtat2,@vladtat2,2,8,10,0.259374,0.285813,0.000013
@vlaof,@vlaof,1,0,11,0.218709,0.231337,0
@vmleiva,@vmleiva,1,0,11,0.224201,0.238157,0
@vmontellano,@vmontellano,3,0,11,0.22453,0.23896,0.000326
@jaimesponda,@jaimesponda,1,0,12,0.183367,0.190736,0
@vmoralesa,@vmoralesa,2,8,10,0.259374,0.285813,0.000013
@voceriagobierno,@voceriagobierno,1,0,11,0.199615,0.210476,0
@MeetJess,@MeetJess,1,0,13,0.158074,0.163233,0
@volador2010,@volador2010,2,139,10,0.245168,0.270695,0.0006
@volveraschile,@volveraschile,1,269,1,1,1,0
@RMwebteam,@RMwebteam,1,269,1,1,1,0
@volvialaruta7,@volvialaruta7,1,0,11,0.218709,0.231337,0
@von_monica,@von_monica,7,8,10,0.266886,0.297514,0.0003
@vonjuanpablo,@vonjuanpablo,1,171,10,0.215619,0.226946,0
@vonpercypercy,@vonpercypercy,1,270,1,1,1,0
@Savelina11,@Savelina11,1,270,1,1,1,0
@vortexss,@vortexss,1,5,12,0.225105,0.2441,0
@votoaprueboeno1,@votoaprueboeno1,3,157,11,0.236776,0.251194,0.000014
@voypormismetas,@voypormismetas,1,0,11,0.218709,0.231337,0
@vronicapm,@vronicapm,11,8,10,0.269731,0.301511,0.000425
@vsyeya,@vsyeya,1,8,13,0.145575,0.14863,0
@vtshkova,@vtshkova,1,0,11,0.224201,0.238157,0
@vyckybetty,@vyckybetty,1,0,11,0.218709,0.231337,0
@waiflih,@waiflih,1,0,11,0.224201,0.238157,0
@waldooyarzun,@waldooyarzun,2,157,10,0.260063,0.285524,0.000574
@waldoraul,@waldoraul,1,271,1,1,1,0
@pedro_leon,@pedro_leon,1,271,1,1,1,0
@walk_dogs0121,@walk_dogs0121,2,157,11,0.247625,0.26848,0.000012
@walterm5278,@walterm5278,14,5,10,0.292644,0.333664,0.002282
@walterwcabeza,@walterwcabeza,1,272,1,1,1,0
@_Jeshika,@_Jeshika,1,272,1,1,1,0
@walton_quiroz,@walton_quiroz,5,8,10,0.279692,0.317444,0.000402
@wan_chol,@wan_chol,1,157,11,0.246168,0.266,0
@warensupremo,@warensupremo,1,183,13,0.161013,0.167948,0
@warlock_108,@warlock_108,1,91,5,0.356164,0.408333,0
@wasabi_rafael,@wasabi_rafael,1,91,6,0.257426,0.295513,0
@waxavxiis,@waxavxiis,1,139,10,0.245122,0.270518,0
@wcreativo,@wcreativo,1,8,10,0.236657,0.25105,0
@weberger,@weberger,1,8,12,0.200479,0.211255,0
@weedmanvalpo,@weedmanvalpo,7,8,10,0.266584,0.296619,0.000141
@wegarley,@wegarley,1,157,11,0.22658,0.237162,0
@wenchefariasp,@wenchefariasp,1,5,12,0.216573,0.230214,0
@weyestgo,@weyestgo,4,0,11,0.22453,0.238991,0.000392
@wglabora,@wglabora,1,8,10,0.25687,0.281537,0
@whatsername_w,@whatsername_w,1,0,11,0.224201,0.238157,0
@wikireuters,@wikireuters,3,52,10,0.248016,0.267683,0.00039
@willia_m_psico,@willia_m_psico,2,0,11,0.232333,0.248315,0.000072
@williamwilberca,@williamwilberca,1,139,12,0.209464,0.221646,0
@williamwillyll1,@williamwillyll1,3,193,10,0.25316,0.28194,0.000147
@willian00731053,@willian00731053,1,8,12,0.188381,0.198307,0
@willy2964,@willy2964,1,139,12,0.171108,0.178344,0
@willyguillermoa,@willyguillermoa,6,8,10,0.26723,0.296673,0.000171
@wilmerocariz,@wilmerocariz,1,273,1,1,1,0
@CronicaPolicial,@CronicaPolicial,1,273,1,1,1,0
@winklmeier,@winklmeier,2,157,11,0.247827,0.268862,0
@wism2021,@wism2021,1,139,10,0.235786,0.250448,0
@witchlunar1111,@witchlunar1111,1,8,10,0.235444,0.251191,0
@wladimirarayar2,@wladimirarayar2,2,139,10,0.253518,0.281014,0.000045
@wnebrio,@wnebrio,2,139,10,0.253518,0.281014,0.000045
@wnn71129099,@wnn71129099,1,139,10,0.245122,0.270518,0
@wokschile,@wokschile,15,5,10,0.27324,0.306736,0.002178
@wolfmluis,@wolfmluis,5,8,10,0.285714,0.323576,0.000546
@woody_scl,@woody_scl,1,5,12,0.207114,0.217546,0
@worell001,@worell001,5,8,10,0.242782,0.261808,0.000039
@wpizarro0410,@wpizarro0410,2,0,11,0.199846,0.210957,0.000409
@writing_lately,@writing_lately,1,274,1,1,1,0
@polingirl,@polingirl,1,274,1,1,1,0
@wrleonm,@wrleonm,1,5,12,0.198766,0.208939,0
@x7violet,@x7violet,1,157,11,0.246168,0.266,0
@x_informando,@x_informando,4,5,12,0.233852,0.249162,0.000058
@xaviercampanini,@xaviercampanini,1,193,14,0.154276,0.159344,0
@xavimolinav,@xavimolinav,1,52,11,0.188005,0.19759,0
@xavyxilote,@xavyxilote,1,0,11,0.210253,0.222816,0
@xcorazonblancox,@xcorazonblancox,1,157,13,0.167452,0.174164,0
@xelitho_letmego,@xelitho_letmego,2,0,11,0.21802,0.231477,0.000032
@xfiona_45,@xfiona_45,4,8,10,0.259167,0.289754,0.000434
@ChilenoCool,@ChilenoCool,1,8,11,0.205832,0.219762,0
@xi_me_ni_ta,@xi_me_ni_ta,6,8,10,0.269773,0.300039,0.000227
@xiaomidiosa,@xiaomidiosa,1,157,11,0.22658,0.237162,0
@xijazzix,@xijazzix,1,157,11,0.191722,0.201257,0
@xim_hanna,@xim_hanna,2,8,10,0.259374,0.285813,0.000013
@xime_sanch,@xime_sanch,1,0,11,0.224201,0.238157,0
@ximenaag70,@ximenaag70,8,157,11,0.258714,0.286604,0.001606
@ximenaaraya3,@ximenaaraya3,2,5,12,0.221757,0.23822,0.000011
@ximenacastro2,@ximenacastro2,1,157,11,0.22658,0.237162,0
@ximenagambra,@ximenagambra,1,139,12,0.209464,0.221646,0
@ximenamolinap,@ximenamolinap,1,5,12,0.225105,0.2441,0
@ximenamuarias,@ximenamuarias,6,193,10,0.261954,0.289723,0.000195
@ximenapino11,@ximenapino11,1,275,1,1,1,0
@sagchile,@sagchile,1,275,1,1,1,0
@ximenita_ua,@ximenita_ua,1,124,11,0.219989,0.231932,0
@ximesimple,@ximesimple,2,5,12,0.152539,0.156929,0.0003
@ThotRamon,@ThotRamon,1,5,13,0.132354,0.135198,0
@ximpatriota,@ximpatriota,1,8,12,0.228718,0.241364,0
@xixisnott,@xixisnott,2,67,15,0.118588,0.121476,0.0012
@xoda11,@xoda11,3,157,11,0.248396,0.2699,0.000034
@xoq67,@xoq67,1,5,12,0.189385,0.20029,0
@xradagastx,@xradagastx,1,139,12,0.209464,0.221646,0
@xtianrocker,@xtianrocker,1,0,11,0.195818,0.20601,0
@xulamy,@xulamy,1,171,10,0.215619,0.226946,0
@xxxtundra,@xxxtundra,1,276,1,1,1,0
@Ivy_Cangaro,@Ivy_Cangaro,1,276,1,1,1,0
@ya_no_lucida,@ya_no_lucida,3,0,11,0.237731,0.252399,0.000133
@yadedeba,@yadedeba,5,8,10,0.284336,0.321672,0.000483
@yagan52,@yagan52,1,0,11,0.216365,0.228595,0
@yakitamartinez,@yakitamartinez,1,157,11,0.246168,0.266,0
@yaneth4626,@yaneth4626,5,8,10,0.259517,0.286151,0.000071
@yaniella17,@yaniella17,1,8,10,0.229172,0.240727,0
@yarii_bucarey,@yarii_bucarey,1,139,10,0.235786,0.250448,0
@yascel78,@yascel78,1,157,11,0.246168,0.266,0
@yaskarin,@yaskarin,1,5,12,0.225105,0.2441,0
@yasna_cardenasx,@yasna_cardenasx,4,0,11,0.238299,0.256489,0.000854
@yasnamussa,@yasnamussa,1,157,13,0.16701,0.172969,0
@yasnayoga,@yasnayoga,1,157,11,0.246168,0.266,0
@yayiange,@yayiange,4,157,10,0.281238,0.314285,0.001532
@yaz_zablach,@yaz_zablach,1,157,11,0.246168,0.266,0
@yebirson,@yebirson,1,139,10,0.235786,0.250448,0
@yehbun,@yehbun,2,157,11,0.247827,0.268862,0
@yenuina,@yenuina,1,157,11,0.246168,0.266,0
@yerko26084773,@yerko26084773,1,8,10,0.236657,0.25105,0
@yersongamez,@yersongamez,1,8,12,0.183063,0.191813,0
@yese_haseki,@yese_haseki,1,139,10,0.245122,0.270518,0
@yesungsjb_,@yesungsjb_,2,157,11,0.247827,0.268862,0
@yinias1,@yinias1,1,8,12,0.228718,0.241364,0
@ylesil,@ylesil,7,171,10,0.265874,0.295039,0.000733
@yo_canalla,@yo_canalla,1,8,10,0.25687,0.281537,0
@yoel_patriota,@yoel_patriota,1,215,11,0.215825,0.225695,0
@yolirupe,@yolirupe,1,139,12,0.164526,0.171295,0
@yonghwa_space,@yonghwa_space,1,232,2,0.666667,0.75,0
@yongyeonhyun,@yongyeonhyun,1,0,11,0.204687,0.216464,0
@yoopino_dtodo,@yoopino_dtodo,2,141,11,0.19049,0.199609,0.00002
@yosiijonas,@yosiijonas,1,0,11,0.177125,0.184937,0
@yosoy_serdeamor,@yosoy_serdeamor,5,157,11,0.250145,0.272826,0.000539
@yosoyjansel,@yosoyjansel,1,0,13,0.159523,0.165069,0
@yosuelto,@yosuelto,1,8,10,0.25687,0.281537,0
@youbet33,@youbet33,2,5,10,0.245238,0.270785,0.000517
@yoyabenavides51,@yoyabenavides51,1,8,10,0.25687,0.281537,0
@yoyisb,@yoyisb,1,8,10,0.236657,0.25105,0
@yrumbos1,@yrumbos1,1,109,12,0.151099,0.155427,0
@ytaloordonez,@ytaloordonez,1,5,12,0.212171,0.226211,0
@yukis_kiz,@yukis_kiz,1,0,13,0.160848,0.166491,0
@yungggstar,@yungggstar,1,139,10,0.245122,0.270518,0
@yuridura18,@yuridura18,4,0,10,0.273225,0.303226,0.001433
@yuukijuanpi,@yuukijuanpi,1,91,5,0.356164,0.408333,0
@z0mbieclash,@z0mbieclash,1,26,2,0.545455,0.583333,0
@zacharube,@zacharube,1,8,10,0.236657,0.25105,0
@zagadeporte,@zagadeporte,1,277,1,1,1,0
@luisinmejia,@luisinmejia,1,277,1,1,1,0
@zahoribalmaceda,@zahoribalmaceda,1,278,1,1,1,0
@eliasayegh,@eliasayegh,1,278,1,1,1,0
@zaidela_33,@zaidela_33,1,124,11,0.201664,0.21304,0
@zambranojacque4,@zambranojacque4,1,8,10,0.236657,0.25105,0
@zamorano_p,@zamorano_p,4,8,10,0.266297,0.294919,0.000177
@zandylyon,@zandylyon,1,157,11,0.246168,0.266,0
@zapatillaswhite,@zapatillaswhite,2,0,10,0.257073,0.281848,0.000175
@zaudielmoras,@zaudielmoras,1,8,12,0.193409,0.204322,0
@zeraora111,@zeraora111,1,279,1,1,1,0
@toxcynart,@toxcynart,1,279,1,1,1,0
@zerorebirthcl,@zerorebirthcl,1,139,12,0.209464,0.221646,0
@zhephirt,@zhephirt,1,8,12,0.230547,0.243628,0
@ziticen,@ziticen,1,8,12,0.200324,0.210764,0
@zoliz206,@zoliz206,1,5,12,0.216573,0.230214,0
@zona_libertaria,@zona_libertaria,3,139,10,0.255064,0.286552,0.000146
@zopiclonas,@zopiclonas,1,124,11,0.219989,0.231932,0
